len_1,dir_1,len_2,dir_2,len_3,dir_3,len_4,dir_4,len_5,dir_5,len_6,dir_6,len_7,dir_7,len_8,dir_8,iat_2,iat_3,iat_4,iat_5,iat_6,iat_7,iat_8,sum_len,min_len,max_len,n_fwd,n_bwd,n_small,n_large,iat_sum,iat_max,syn0,ack0,fin0,rst0,psh0,proto_tcp,port_src,port_dst,label
169,1,52,-1,169,-1,52,1,169,1,52,-1,185,1,52,-1,0.2880096435546875,99.87807273864746,0.5638599395751953,0.6201267242431641,0.31185150146484375,1.8510818481445312,0.27489662170410156,6613,52,1337,15,17,26,2,675.2009391784668,99.87807273864746,0,1,0,0,1,1,50226,443,ssh
52,1,233,-1,52,1,265,1,52,-1,169,-1,52,1,217,-1,0.26106834411621094,0.8089542388916016,1.703023910522461,0.3008842468261719,141.16716384887695,0.6148815155029297,142.6699161529541,5764,52,1053,16,16,22,0,1045.8900928497314,260.6930732727051,0,1,0,0,0,1,50226,443,ssh
265,1,52,-1,52,1,169,1,52,-1,169,-1,52,1,361,1,0.2970695495605469,0.0069141387939453125,40.956974029541016,0.2110004425048828,58.62998962402344,0.6079673767089844,0.5750656127929688,6375,52,1053,16,16,23,0,644.1869735717773,146.05093002319336,0,1,0,0,1,1,50226,443,ssh
52,1,249,1,52,-1,169,-1,52,1,233,-1,265,1,52,-1,3.921985626220703,0.2658367156982422,99.78508949279785,0.6120204925537109,0.3478527069091797,0.25916099548339844,0.2448558807373047,1397,52,265,6,5,8,0,148.70882034301758,99.78508949279785,0,1,0,0,0,1,50226,443,ssh
104,1,32,-1,104,-1,96,1,121,1,32,-1,96,-1,128,-1,108.63304138183594,1.3251304626464844,1.1849403381347656,2.1600723266601562,105.32784461975098,4.547119140625,7.124900817871094,5169,32,1264,9,16,22,1,684.9520206451416,108.63304138183594,0,0,0,0,0,0,0,0,ssh
104,1,32,-1,104,-1,96,1,183,1,32,-1,183,1,32,-1,104.73299026489258,15.411138534545898,1.2140274047851562,0.2579689025878906,103.15394401550293,287.3549461364746,102.61011123657227,6259,32,1264,16,16,28,1,2734.7700595855713,386.95287704467773,0,0,0,0,0,0,0,0,ssh
160,-1,192,1,96,-1,32,1,144,-1,176,1,183,1,96,-1,2.226114273071289,98.6490249633789,114.78590965270996,68.45808029174805,2.585887908935547,82.37218856811523,16.22295379638672,4215,32,752,12,13,21,0,1026.7581939697266,182.57379531860352,0,0,0,0,0,0,0,0,ssh
102,1,102,-1,94,1,119,1,94,-1,126,-1,94,1,1262,1,100.23188591003418,1.2869834899902344,2.145051956176758,100.19612312316895,4.031896591186523,1.0919570922851562,1.371145248413086,5443,94,1262,10,13,20,1,1010.1690292358398,183.60495567321777,0,0,0,0,0,0,1701,1701,ssh
102,1,102,-1,94,1,181,1,94,-1,94,1,94,-1,242,-1,120.83196640014648,1.2929439544677734,0.013113021850585938,25.177001953125,1.1260509490966797,94.3758487701416,0.164031982421875,6412,94,1262,16,16,28,1,1687.2310638427734,675.1229763031006,0,0,0,0,0,0,1701,1701,ssh
94,-1,142,-1,174,1,94,-1,750,-1,94,1,158,-1,94,1,182.92903900146484,2.5191307067871094,103.0728816986084,245.4819679260254,41.436195373535156,102.98585891723633,1.0991096496582031,3228,94,750,7,11,14,0,789.9470329284668,245.4819679260254,0,0,0,0,0,0,1701,1701,ssh
60,1,124,-1,124,1,124,-1,140,-1,124,1,156,1,124,-1,879.951000213623,104.28690910339355,1.4450550079345703,2.0051002502441406,104.3558120727539,4.81104850769043,1.2691020965576172,8240,60,1292,19,13,24,1,2467.1878814697266,879.951000213623,0,0,0,0,0,0,13231,13231,ssh
144,1,144,-1,144,1,176,1,144,-1,176,-1,144,1,1312,1,102.73909568786621,1.3239383697509766,2.0279884338378906,102.82111167907715,6.695985794067383,1.1649131774902344,1.5070438385009766,6576,144,1312,10,13,16,2,1035.6950759887695,182.98101425170898,0,0,0,0,0,0,4500,4500,ssh
144,1,144,-1,144,1,176,1,144,-1,176,-1,144,1,1312,1,102.49996185302734,2.196073532104492,1.6608238220214844,102.47302055358887,4.619121551513672,0.9958744049072266,1.8281936645507812,8208,144,1312,13,15,18,2,1438.1499290466309,257.3659420013428,0,0,0,0,0,0,4500,4500,ssh
148,1,172,-1,148,1,172,-1,148,1,172,-1,148,1,172,-1,0.30994415283203125,4.13203239440918,0.3199577331542969,0.49996376037597656,0.24199485778808594,5.124092102050781,0.2760887145996094,17860,40,4294,20,12,25,7,195.64008712768555,56.57196044921875,0,1,0,0,1,1,63964,445,ssh
40,-1,1458,1,1458,1,1458,1,1458,1,784,1,40,-1,40,-1,0.08988380432128906,0.03504753112792969,0.03504753112792969,0.09202957153320312,0.0400543212890625,0.017881393432617188,0.2799034118652344,6860,40,1458,5,4,4,4,0.8759498596191406,0.286102294921875,0,1,0,0,0,1,63964,445,ssh
132,1,112,-1,40,1,148,1,172,-1,148,1,172,-1,148,1,0.5691051483154297,15.136957168579102,78.96089553833008,0.18405914306640625,2.0558834075927734,0.2460479736328125,6.580114364624023,4204,40,172,16,13,29,0,265.6540870666504,78.96089553833008,0,1,0,0,1,1,63960,445,ssh
148,1,172,-1,148,1,172,-1,148,1,172,-1,148,1,172,-1,0.30994415283203125,4.13203239440918,0.3199577331542969,0.49996376037597656,0.24199485778808594,5.124092102050781,0.2760887145996094,17860,40,4294,20,12,25,7,195.64008712768555,56.57196044921875,0,1,0,0,1,1,63964,445,ssh
40,-1,1458,1,1458,1,1458,1,1458,1,784,1,40,-1,40,-1,0.08988380432128906,0.03504753112792969,0.03504753112792969,0.09202957153320312,0.0400543212890625,0.017881393432617188,0.2799034118652344,6860,40,1458,5,4,4,4,0.8759498596191406,0.286102294921875,0,1,0,0,0,1,63964,445,ssh
464,1,464,1,464,1,464,1,464,1,464,1,464,1,464,1,0.012874603271484375,0.023126602172851562,0.014066696166992188,0.017881393432617188,0.00095367431640625,0.0171661376953125,0.025987625122070312,17204,464,932,32,0,0,0,0.5059242248535156,0.03910064697265625,0,0,0,0,0,0,52698,9000,ssh
464,1,464,1,928,1,464,1,464,1,464,1,464,1,464,1,0.0011920928955078125,0.03886222839355469,0.00095367431640625,0.03719329833984375,0.00095367431640625,0.00095367431640625,0.03790855407714844,17916,464,1012,32,0,0,0,0.5071163177490234,0.03910064697265625,0,0,0,0,0,0,52698,9000,ssh
492,1,464,1,928,1,464,1,464,1,464,1,464,1,464,1,0.03910064697265625,0.00095367431640625,0.03600120544433594,0.00095367431640625,0.00095367431640625,0.03910064697265625,0.00095367431640625,16740,464,932,32,0,0,0,0.46896934509277344,0.03910064697265625,0,0,0,0,0,0,52698,9000,ssh
464,1,464,1,464,1,464,1,464,1,464,1,464,1,464,1,0.0011920928955078125,0.03695487976074219,0.00095367431640625,0.00095367431640625,0.03814697265625,0.00095367431640625,0.00095367431640625,16312,464,932,32,0,0,0,1022.0601558685303,1021.6360092163086,0,0,0,0,0,0,52698,9000,ssh
464,1,464,1,464,1,464,1,464,1,464,1,464,1,464,1,0.012874603271484375,0.014066696166992188,0.016927719116210938,0.02002716064453125,0.0011920928955078125,0.02193450927734375,0.02002716064453125,14856,464,468,32,0,0,0,0.4420280456542969,0.03910064697265625,0,0,0,0,0,0,52698,9000,ssh
464,1,464,1,464,1,464,1,464,1,464,1,464,1,464,1,0.00095367431640625,0.00095367431640625,0.03600120544433594,0.0011920928955078125,0.00095367431640625,0.03600120544433594,0.00095367431640625,15784,464,928,32,0,0,0,0.43702125549316406,0.041961669921875,0,0,0,0,0,0,52698,9000,ssh
464,1,464,1,464,1,464,1,464,1,464,1,464,1,464,1,0.03600120544433594,0.00095367431640625,0.0011920928955078125,0.035762786865234375,0.0011920928955078125,0.00095367431640625,0.03790855407714844,14852,464,468,32,0,0,0,0.4279613494873047,0.04100799560546875,0,0,0,0,0,0,52698,9000,ssh
464,1,464,1,468,1,464,1,464,1,464,1,464,1,464,1,0.0011920928955078125,0.03790855407714844,0.00095367431640625,0.00095367431640625,0.03504753112792969,0.00095367431640625,0.03719329833984375,14772,380,468,32,0,0,0,0.43010711669921875,0.041961669921875,0,0,0,0,0,0,52698,9000,ssh
464,1,464,1,464,1,500,1,492,1,464,1,468,1,464,1,0.0011920928955078125,0.03790855407714844,0.00095367431640625,0.0021457672119140625,0.033855438232421875,0.0021457672119140625,0.00095367431640625,14836,380,500,32,0,0,0,265.1650905609131,264.77503776550293,0,0,0,0,0,0,52698,9000,ssh
464,1,464,1,464,1,464,1,464,1,464,1,464,1,464,1,0.010967254638671875,0.01621246337890625,0.02384185791015625,0.0209808349609375,0.0011920928955078125,0.019788742065429688,0.025987625122070312,14988,132,932,32,0,1,0,1.2331008911132812,0.7491111755371094,0,0,0,0,0,0,52698,9000,ssh
464,1,464,1,464,1,464,1,464,1,464,1,464,1,464,1,0.00095367431640625,0.03504753112792969,0.00095367431640625,0.03600120544433594,0.00095367431640625,0.0021457672119140625,0.03695487976074219,14884,464,492,32,0,0,0,0.4260540008544922,0.03910064697265625,0,0,0,0,0,0,52698,9000,ssh
464,1,464,1,464,1,464,1,464,1,464,1,464,1,464,1,0.00095367431640625,0.0011920928955078125,0.03600120544433594,0.00095367431640625,0.00095367431640625,0.03600120544433594,0.0019073486328125,14852,464,468,32,0,0,0,0.39196014404296875,0.04100799560546875,0,0,0,0,0,0,52698,9000,ssh
169,1,52,-1,169,-1,52,1,169,1,52,-1,681,1,52,-1,0.37598609924316406,3.7338733673095703,0.5769729614257812,0.7891654968261719,43.83993148803711,0.637054443359375,0.3600120544433594,10682,52,1561,16,16,23,4,80.49583435058594,43.83993148803711,0,1,0,0,1,1,52538,443,meet
52,-1,169,1,52,-1,169,1,52,-1,169,-1,169,1,52,-1,0.6120204925537109,0.2961158752441406,0.7798671722412109,0.3020763397216797,3.7050247192382812,18.590927124023438,0.3311634063720703,18616,52,1458,9,23,19,9,106.90617561340332,48.269033432006836,0,1,0,0,0,1,52538,443,meet
1458,-1,1458,-1,1458,-1,52,1,52,1,1458,-1,1458,-1,1458,-1,0.028848648071289062,0.026941299438476562,0.3371238708496094,0.19288063049316406,0.08106231689453125,0.03314018249511719,0.00095367431640625,28170,52,2068,10,22,12,17,7.330894470214844,1.483917236328125,0,1,0,0,1,1,52538,443,meet
2864,-1,1458,-1,1458,-1,2864,-1,2864,-1,52,1,979,-1,520,1,0.030994415283203125,0.07295608520507812,0.03409385681152344,0.04601478576660156,0.027894973754882812,0.11610984802246094,0.19693374633789062,35239,52,2864,10,22,9,16,3.9970874786376953,0.4730224609375,0,1,0,0,0,1,52538,443,meet
258,-1,169,1,52,-1,1561,-1,286,1,52,1,1458,-1,1458,-1,0.3199577331542969,0.41604042053222656,0.03790855407714844,0.30303001403808594,0.17595291137695312,0.030994415283203125,0.010013580322265625,34378,52,2864,10,22,9,19,3.3369064331054688,0.41604042053222656,0,1,0,0,1,1,52538,443,meet
1561,-1,2864,-1,1458,-1,1458,-1,2864,-1,1105,1,52,1,1458,-1,0.051021575927734375,0.0019073486328125,0.04696846008300781,0.051021575927734375,0.4360675811767578,0.00095367431640625,0.3809928894042969,47481,52,4306,10,22,7,22,3.181934356689453,0.4360675811767578,0,1,0,0,1,1,52538,443,meet
4270,-1,1458,-1,52,1,52,1,397,-1,52,1,1458,-1,1458,-1,0.0591278076171875,0.13709068298339844,0.08177757263183594,0.03719329833984375,0.07295608520507812,0.09989738464355469,0.0400543212890625,47812,52,4270,10,22,8,20,3.1042098999023438,0.4220008850097656,0,1,0,0,0,1,52538,443,meet
1458,-1,4270,-1,2864,-1,4270,-1,52,1,52,1,1458,-1,52,1,0.0591278076171875,0.05984306335449219,0.06198883056640625,0.048160552978515625,0.00095367431640625,0.010967254638671875,0.11992454528808594,58402,52,4270,9,23,8,22,2.5169849395751953,0.3809928894042969,0,1,0,0,0,1,52538,443,meet
2864,-1,2864,-1,1458,-1,1458,-1,752,1,2864,-1,52,1,52,1,0.05602836608886719,0.06079673767089844,0.0011920928955078125,0.00286102294921875,0.05817413330078125,0.00476837158203125,0.28014183044433594,56997,52,4270,7,25,6,24,1.8608570098876953,0.28014183044433594,0,1,0,0,0,1,52538,443,meet
1458,-1,52,1,52,1,1391,-1,4270,-1,1458,-1,1458,-1,4270,-1,0.07510185241699219,0.22602081298828125,0.3380775451660156,0.055789947509765625,0.05817413330078125,0.00095367431640625,0.06389617919921875,65280,52,5676,8,24,6,25,3.013134002685547,0.3380775451660156,0,1,0,0,1,1,52538,443,meet
4548,-1,52,1,1458,-1,4270,-1,4270,-1,2864,-1,4270,-1,403,1,0.030040740966796875,0.11014938354492188,0.06580352783203125,0.06103515625,0.06008148193359375,0.06198883056640625,0.031948089599609375,84701,52,4548,3,29,2,29,1.9512176513671875,0.2980232238769531,0,1,0,0,1,1,52538,443,meet
2864,-1,4270,-1,52,1,52,1,52,1,1458,-1,948,-1,52,1,0.06198883056640625,0.051975250244140625,0.0,0.0011920928955078125,0.007867813110351562,0.0019073486328125,0.10514259338378906,68862,52,4270,8,24,6,25,3.261089324951172,1.1799335479736328,0,1,0,0,0,1,52538,443,meet
1604,1,1604,1,1604,1,1480,1,1604,1,124,1,1604,1,1480,1,0.0011920928955078125,0.00095367431640625,0.051975250244140625,0.00095367431640625,0.00095367431640625,0.05602836608886719,0.00095367431640625,36768,124,1604,32,0,9,23,0.5002021789550781,0.06604194641113281,0,0,0,0,0,0,13231,31026,meet
1604,1,124,1,1604,1,1604,1,124,-1,1480,1,124,1,1604,1,0.00095367431640625,0.00095367431640625,0.00095367431640625,0.048160552978515625,0.017881393432617188,0.00095367431640625,0.0011920928955078125,30972,124,1604,28,4,13,19,0.5848407745361328,0.07700920104980469,0,0,0,0,0,0,13231,31026,meet
1604,1,1604,1,1480,1,124,1,1480,1,124,-1,124,-1,124,-1,0.03981590270996094,0.0011920928955078125,0.00095367431640625,1.1370182037353516,0.47898292541503906,0.014066696166992188,0.0019073486328125,22092,124,1604,21,11,19,13,2.1398067474365234,1.1370182037353516,0,0,0,0,0,0,13231,31026,meet
1480,1,1604,1,124,1,1604,1,1604,1,1480,1,1604,1,124,1,0.0011920928955078125,0.00095367431640625,0.032901763916015625,0.00095367431640625,0.03600120544433594,0.0011920928955078125,0.00095367431640625,43308,124,1604,32,0,5,27,0.49614906311035156,0.051975250244140625,0,0,0,0,0,0,13231,31026,meet
1604,1,1480,1,124,1,1604,1,1604,1,1480,1,1604,1,1604,1,0.05793571472167969,0.0011920928955078125,0.00095367431640625,0.00095367431640625,0.05507469177246094,0.00095367431640625,0.00095367431640625,31468,124,1604,24,8,13,19,0.5481243133544922,0.08392333984375,0,0,0,0,0,0,13231,31026,meet
1604,1,1480,1,1604,1,1604,1,124,1,1604,1,1604,1,1480,1,0.0629425048828125,0.00095367431640625,0.00095367431640625,0.0011920928955078125,0.00095367431640625,0.0019073486328125,0.06103515625,41704,124,1604,32,0,6,26,0.49996376037597656,0.07295608520507812,0,0,0,0,0,0,13231,31026,meet
1604,1,124,1,1480,1,124,1,1480,1,124,1,1480,1,124,1,0.07605552673339844,0.0820159912109375,0.00095367431640625,0.1480579376220703,0.02002716064453125,0.02288818359375,0.00095367431640625,33808,124,1604,32,0,11,21,0.7069110870361328,0.1480579376220703,0,0,0,0,0,0,13231,31026,meet
1604,1,1604,1,1604,1,1480,1,1604,1,1604,1,124,1,1480,1,0.041961669921875,0.00095367431640625,0.04410743713378906,0.00095367431640625,0.00095367431640625,0.00095367431640625,0.04410743713378906,37016,124,1604,32,0,9,23,0.8258819580078125,0.3440380096435547,0,0,0,0,0,0,13231,31026,meet
1604,1,1480,1,124,1,1604,1,1480,1,124,1,1480,1,124,1,0.028133392333984375,0.00095367431640625,0.032901763916015625,0.0011920928955078125,0.00095367431640625,0.031948089599609375,0.00095367431640625,29616,124,1604,26,6,14,18,0.431060791015625,0.041961669921875,0,0,0,0,0,0,13231,31026,meet
1480,1,124,1,124,-1,124,-1,1480,1,124,1,1604,1,124,-1,0.00095367431640625,0.0030994415283203125,0.03600120544433594,0.0059604644775390625,0.00095367431640625,0.0011920928955078125,0.033855438232421875,26780,124,1604,23,9,16,16,0.3731250762939453,0.05698204040527344,0,0,0,0,0,0,13231,31026,meet
1480,1,124,1,124,-1,124,-1,124,-1,124,-1,124,-1,124,-1,0.0011920928955078125,0.5259513854980469,0.012874603271484375,0.0021457672119140625,0.015974044799804688,0.017881393432617188,0.019073486328125,28136,124,1604,24,8,15,17,1.024007797241211,0.5259513854980469,0,0,0,0,0,0,13231,31026,meet
124,1,1480,1,1604,1,124,1,1480,1,1604,1,124,1,1480,1,0.04982948303222656,0.00095367431640625,0.0011920928955078125,0.05793571472167969,0.00095367431640625,0.00095367431640625,0.0011920928955078125,32328,124,1604,32,0,11,20,0.7998943328857422,0.2071857452392578,0,0,0,0,0,0,13231,31026,meet
60,1,60,-1,52,1,569,1,52,-1,1452,-1,1452,-1,1652,-1,3.556966781616211,0.4830360412597656,0.2319812774658203,3.551006317138672,15.218019485473633,0.024080276489257812,0.04792213439941406,5839,52,1652,8,8,12,3,12671.956062316895,10027.448892593384,1,0,0,0,0,1,59974,443,meet
60,-1,60,1,52,-1,569,-1,52,1,1452,1,1452,1,1452,1,3.564119338989258,0.5109310150146484,0.4661083221435547,3.5920143127441406,14.20903205871582,0.025987625122070312,0.02384185791015625,9213,52,2662,9,9,12,4,91486.6189956665,46393.970012664795,1,0,0,0,0,1,443,56368,meet
1278,1,1278,-1,1278,1,69,1,1278,-1,1278,-1,1278,-1,822,-1,4.652976989746094,2.1979808807373047,11.363983154296875,0.3230571746826172,0.010967254638671875,0.014066696166992188,0.00095367431640625,23036,53,1278,14,18,13,15,41.63694381713867,12.160778045654297,0,0,0,0,0,0,44239,443,meet
63,1,61,1,61,1,61,1,1278,-1,1278,-1,1278,-1,1278,-1,0.02193450927734375,0.014066696166992188,0.012874603271484375,0.5130767822265625,0.024080276489257812,0.00095367431640625,0.026941299438476562,29912,61,2556,10,22,10,21,3.239870071411133,1.135110855102539,0,0,0,0,0,0,44239,443,meet
61,1,61,1,61,1,61,1,61,1,61,1,53,-1,879,1,0.023126602172851562,0.013828277587890625,0.5559921264648438,0.02002716064453125,0.21600723266601562,24.608135223388672,2462.8589153289795,20837,53,1278,13,19,15,13,2553.1039237976074,2462.8589153289795,0,0,0,0,0,0,44239,443,meet
192,-1,340,-1,61,1,61,1,61,1,61,1,1271,-1,1278,-1,0.00095367431640625,0.18405914306640625,0.02002716064453125,0.015974044799804688,0.011920928955078125,1.6989707946777344,0.031948089599609375,16751,61,1278,14,18,16,9,5.712032318115234,1.6989707946777344,0,0,0,0,0,0,44239,443,meet
1271,-1,1278,-1,1278,-1,59,-1,1271,-1,1278,-1,511,-1,61,1,0.03695487976074219,0.00095367431640625,0.00095367431640625,0.4611015319824219,0.04291534423828125,0.0011920928955078125,0.3287792205810547,25582,59,1278,9,23,10,16,6.447076797485352,1.1551380157470703,0,0,0,0,0,0,44239,443,meet
61,1,61,1,61,1,1271,-1,533,-1,363,-1,1271,-1,1278,-1,0.8671283721923828,0.0209808349609375,0.09703636169433594,0.05507469177246094,0.0019073486328125,0.6299018859863281,0.03814697265625,29656,61,1278,5,27,5,21,11.307001113891602,3.721952438354492,0,0,0,0,0,0,44239,443,meet
1278,-1,1278,-1,1278,-1,1278,-1,1278,-1,1278,-1,1278,-1,1278,-1,0.00095367431640625,0.0021457672119140625,0.041961669921875,0.00095367431640625,0.00095367431640625,0.04100799560546875,0.04696846008300781,37663,61,1278,1,31,2,29,3.796100616455078,2.6569366455078125,0,0,0,0,0,0,44239,443,meet
1278,-1,208,-1,61,1,61,1,61,1,61,1,62,1,1271,-1,0.00095367431640625,2.3131370544433594,0.7128715515136719,2.251148223876953,5.382776260375977,1.5320777893066406,1.6591548919677734,26540,57,1278,8,24,10,18,257.9479217529297,142.5650119781494,0,0,0,0,0,0,44239,443,meet
1278,-1,1278,-1,2556,-1,1278,-1,1278,-1,1278,-1,1278,-1,1278,-1,0.030994415283203125,0.00095367431640625,0.030040740966796875,0.032901763916015625,0.03600120544433594,0.00095367431640625,0.00095367431640625,42373,64,2556,1,31,2,30,2.6369094848632812,1.1799335479736328,0,0,0,0,0,0,44239,443,meet
1278,-1,1278,-1,1278,-1,1278,-1,1278,-1,1278,-1,2556,-1,1278,-1,0.00095367431640625,0.00095367431640625,0.00095367431640625,0.0011920928955078125,0.053882598876953125,0.00095367431640625,0.06008148193359375,39499,61,2556,3,29,3,28,2.1810531616210938,1.6360282897949219,0,0,0,0,0,0,44239,443,meet
1278,-1,1278,-1,1278,-1,1278,-1,1278,-1,1278,-1,1278,-1,1278,-1,1.2531280517578125,0.3368854522705078,0.06103515625,0.00095367431640625,0.0011920928955078125,0.00095367431640625,0.05602836608886719,37306,61,2556,4,28,4,28,2.897024154663086,1.2531280517578125,0,0,0,0,0,0,44239,443,meet
1278,-1,1026,-1,61,1,61,1,61,1,61,1,62,1,1073,1,0.05793571472167969,1.21307373046875,0.008821487426757812,0.023126602172851562,1.9869804382324219,1.397848129272461,242.76208877563477,25521,54,1278,11,21,11,17,273.7879753112793,242.76208877563477,0,0,0,0,0,0,44239,443,meet
1278,1,1278,-1,1278,1,1278,-1,1278,-1,1278,-1,808,-1,69,1,4.230976104736328,3.968954086303711,10.069847106933594,0.011205673217773438,0.031948089599609375,0.02193450927734375,0.7090568542480469,24866,53,1278,12,20,12,17,95.61896324157715,65.3829574584961,0,0,0,0,0,0,35433,443,meet
839,-1,65,1,61,1,61,1,61,1,61,1,61,1,1273,-1,0.7431507110595703,0.1838207244873047,0.023126602172851562,0.014066696166992188,0.012874603271484375,0.20694732666015625,0.7581710815429688,4355,53,1278,8,6,10,2,29.421091079711914,26.124954223632812,0,0,0,0,0,0,35433,443,meet
60,1,60,-1,52,1,569,1,52,-1,1452,-1,1452,-1,1452,-1,3.5429000854492188,0.7290840148925781,0.21696090698242188,3.5500526428222656,14.02902603149414,0.010013580322265625,0.010013580322265625,8956,52,1452,10,10,13,4,90490.2880191803,45398.46587181091,1,0,0,0,0,1,59052,443,meet
1278,1,1278,-1,1278,1,69,1,1278,-1,1278,-1,1278,-1,720,-1,4.492998123168945,2.154111862182617,10.743856430053711,1.1470317840576172,0.0021457672119140625,0.011920928955078125,0.00095367431640625,18863,53,1278,16,16,17,11,481.99009895324707,389.9669647216797,0,0,0,0,0,0,49927,443,meet
55,-1,61,1,696,-1,63,1,270,-1,61,1,53,-1,1274,1,26.24201774597168,10.246992111206055,0.8749961853027344,0.23603439331054688,29.063940048217773,0.1399517059326172,2400.200128555298,14503,53,1278,18,14,19,8,12586.941003799438,8448.62699508667,0,0,0,0,0,0,49927,443,meet
1278,1,1021,1,55,-1,53,-1,61,1,698,-1,83,-1,63,1,0.024080276489257812,4.317998886108398,0.1308917999267578,26.63707733154297,54.223060607910156,0.6740093231201172,0.5118846893310547,10205,53,1278,16,16,22,2,35685.80102920532,13902.722835540771,0,0,0,0,0,0,49927,443,meet
157,-1,63,1,53,-1,61,1,53,-1,61,1,1143,1,55,-1,0.4711151123046875,28.66387367248535,0.7319450378417969,2.7480125427246094,0.7040500640869141,10975.942134857178,4.001855850219727,7840,53,1272,16,16,24,2,42011.351108551025,17000.196933746338,0,0,0,0,0,0,49927,443,meet
61,1,53,-1,53,-1,62,1,931,1,56,-1,61,1,705,-1,0.007867813110351562,3.2989978790283203,4.794120788574219,10323.778867721558,4.024028778076172,25.821924209594727,12.360095977783203,6702,53,1039,15,15,23,0,31030.025959014893,10473.25587272644,0,0,0,0,0,0,49927,443,meet
1278,1,1278,-1,1278,1,1278,-1,1278,-1,1274,-1,53,-1,69,1,4.428863525390625,8.82411003112793,5.012989044189453,0.02384185791015625,0.04220008850097656,0.0019073486328125,0.7998943328857422,10690,53,1278,12,12,15,6,7900.564908981323,7774.431943893433,0,0,0,0,0,0,57815,443,meet
60,1,60,-1,52,1,569,1,52,-1,1452,-1,1452,-1,1452,-1,3.5660266876220703,1.3461112976074219,5.85484504699707,3.564119338989258,14.266014099121094,0.010013580322265625,0.009059906005859375,12756,52,1599,13,12,16,7,90652.89115905762,45551.092863082886,1,0,0,0,0,1,47154,443,meet
1278,1,1278,-1,1278,1,69,1,1278,-1,1278,-1,1278,-1,202,-1,4.096031188964844,2.2568702697753906,9.544134140014648,2.26593017578125,0.013113021850585938,0.009775161743164062,0.0011920928955078125,14543,53,1278,15,17,19,8,81.48002624511719,28.9461612701416,0,0,0,0,0,0,50329,443,meet
1278,1,105,1,1278,-1,817,-1,96,-1,107,1,61,1,154,-1,0.0030994415283203125,18.187999725341797,0.00286102294921875,0.0011920928955078125,2.1779537200927734,0.00286102294921875,3.5941600799560547,3957,61,1278,5,4,6,2,25.042057037353516,18.187999725341797,0,0,0,0,0,0,50095,443,meet
183,1,52,-1,183,-1,167,1,52,-1,279,-1,167,1,52,-1,0.3521442413330078,8.57686996459961,1.104116439819336,0.33402442932128906,9.532928466796875,2.958059310913086,0.32401084899902344,9404,52,1623,12,20,22,3,131.14213943481445,45.076847076416016,0,1,0,0,1,1,47774,1194,mail
247,1,52,-1,215,-1,215,1,52,-1,167,-1,52,1,231,-1,0.3590583801269531,8.939981460571289,1.4259815216064453,0.3609657287597656,59.005022048950195,44.87895965576172,655.2979946136475,5075,52,743,15,17,20,0,1044.7940826416016,655.2979946136475,0,1,0,0,1,1,47774,1194,mail
167,-1,52,1,167,-1,52,1,167,1,52,-1,183,1,52,-1,0.5249977111816406,110.04018783569336,0.6220340728759766,0.7297992706298828,0.370025634765625,4918.601989746094,0.3581047058105469,8828,52,1623,14,18,25,3,5139.310121536255,4918.601989746094,0,1,0,0,1,1,47774,1194,mail
52,-1,199,-1,199,1,52,-1,407,-1,231,1,52,-1,199,-1,10.010004043579102,1.8451213836669922,0.29087066650390625,9.133100509643555,1.8739700317382812,0.29587745666503906,8.979082107543945,5503,52,663,16,16,22,0,830.0571441650391,420.6571578979492,0,1,0,0,0,1,47774,1194,mail
52,1,151,1,151,-1,52,1,151,-1,52,1,151,1,52,-1,0.9338855743408203,8.628129959106445,0.5259513854980469,113.5869026184082,0.5719661712646484,0.5819797515869141,47.94716835021973,8713,52,1623,14,18,26,3,5135.2479457855225,4859.869956970215,0,1,0,0,0,1,47774,1194,mail
167,1,52,-1,343,1,52,-1,215,-1,215,1,52,-1,423,-1,0.33211708068847656,7.848024368286133,0.3600120544433594,9.74893569946289,1.6460418701171875,0.31185150146484375,8.805036544799805,4774,52,423,15,17,20,0,675.29296875,407.38916397094727,0,1,0,0,1,1,47774,1194,mail
247,-1,52,1,919,1,167,-1,52,1,343,-1,52,1,199,1,0.6091594696044922,1.024007797241211,27.13799476623535,0.8080005645751953,135.73002815246582,0.7297992706298828,1.0731220245361328,5222,52,919,17,15,26,0,5256.541013717651,4864.8998737335205,0,1,0,0,1,1,47774,1194,mail
167,1,52,-1,183,1,52,-1,199,-1,167,1,52,-1,679,1,0.33020973205566406,0.40078163146972656,0.33211708068847656,9.032964706420898,0.8461475372314453,1.0089874267578125,0.42700767517089844,9257,52,1623,13,19,19,3,874.5691776275635,698.8098621368408,0,1,0,0,1,1,47774,1194,mail
215,-1,52,1,231,1,215,-1,52,1,199,1,247,-1,775,1,0.5779266357421875,1.21307373046875,26.180028915405273,0.6279945373535156,1.1970996856689453,26.228904724121094,1.783132553100586,5097,52,775,16,16,24,0,5304.726123809814,4918.428897857666,0,1,0,0,1,1,47774,1194,mail
52,-1,167,1,52,-1,359,-1,151,1,52,-1,167,1,52,-1,0.5700588226318359,0.3528594970703125,9.099006652832031,1.2521743774414062,0.2980232238769531,0.6299018859863281,0.3380775451660156,9049,52,1623,12,20,24,3,154.89602088928223,49.38006401062012,0,1,0,0,0,1,47774,1194,mail
215,-1,52,1,231,1,52,-1,151,-1,52,1,199,-1,52,1,0.43392181396484375,2.7930736541748047,0.22292137145996094,19.759178161621094,0.43892860412597656,8.3770751953125,0.4220008850097656,4915,52,983,17,15,24,0,329.7390937805176,121.15287780761719,0,1,0,0,1,1,47774,1194,mail
52,-1,151,-1,52,1,231,-1,52,1,151,1,52,-1,151,1,21.36707305908203,0.5939006805419922,4.238128662109375,0.6718635559082031,0.6661415100097656,0.30493736267089844,0.6461143493652344,1553,52,231,7,8,14,0,148.05006980895996,67.95692443847656,0,1,0,0,0,1,47774,1194,mail
2864,1,1458,1,4270,1,2864,1,1458,1,1458,1,1458,1,1458,1,0.09894371032714844,0.06198883056640625,0.06198883056640625,0.07510185241699219,0.06079673767089844,0.19621849060058594,0.06198883056640625,55057,52,4270,24,8,7,24,3.2799243927001953,0.4010200500488281,0,1,0,0,1,1,1194,47774,mail
520,1,2864,1,1458,1,1458,1,2864,1,1458,1,52,-1,1458,1,0.05698204040527344,0.0400543212890625,0.04291534423828125,0.04601478576660156,0.04506111145019531,0.27489662170410156,0.0171661376953125,44776,52,4502,21,11,11,20,3.3690929412841797,0.34308433532714844,0,1,0,0,1,1,1194,47774,mail
1458,1,167,-1,1458,-1,169,1,2864,1,1458,-1,1458,1,1458,1,0.013113021850585938,0.051021575927734375,0.0,0.00095367431640625,0.04792213439941406,0.012159347534179688,0.05793571472167969,46183,52,4270,20,12,8,21,2.8710365295410156,0.26297569274902344,0,1,0,0,0,1,1194,47774,mail
128,1,52,-1,1458,1,1458,1,1458,1,1458,1,1458,1,1458,1,0.06008148193359375,0.3731250762939453,0.016927719116210938,0.02002716064453125,0.2110004425048828,0.02384185791015625,0.027179718017578125,36767,52,3096,21,11,11,20,3.16619873046875,0.3859996795654297,0,1,0,0,1,1,1194,47774,mail
1458,1,2864,1,1458,1,1458,-1,1458,-1,1458,1,1458,1,1458,-1,0.050067901611328125,0.050067901611328125,0.02193450927734375,0.015974044799804688,0.015020370483398438,0.05602836608886719,0.008106231689453125,44309,52,4270,21,11,7,22,16.488075256347656,13.518095016479492,0,1,0,0,0,1,1194,47774,mail
742,-1,52,-1,1082,1,2864,1,2864,1,2864,1,1458,1,397,-1,0.1270771026611328,0.5939006805419922,0.0591278076171875,0.05793571472167969,0.05793571472167969,0.06103515625,0.1010894775390625,67818,52,4270,28,4,2,26,2.9981136322021484,0.5939006805419922,0,1,0,0,1,1,1194,47774,mail
4270,1,1458,1,52,-1,1458,1,4270,1,1458,1,397,-1,52,-1,0.06198883056640625,0.19502639770507812,0.007867813110351562,0.06318092346191406,0.05984306335449219,0.04601478576660156,0.0021457672119140625,63863,52,4270,23,9,8,23,1.97601318359375,0.24700164794921875,0,1,0,0,0,1,1194,47774,mail
2864,1,1458,1,2864,1,52,-1,1458,1,1458,1,4270,1,52,-1,0.0629425048828125,0.0,0.04601478576660156,0.014066696166992188,0.0,0.06103515625,0.0438690185546875,54730,52,4270,24,8,8,23,1.8661022186279297,0.4069805145263672,0,1,0,0,0,1,1194,47774,mail
165,1,2864,1,1458,1,1458,1,4270,1,2864,1,1458,1,2864,1,0.0,0.05888938903808594,0.0,0.06413459777832031,0.06103515625,0.06198883056640625,0.00095367431640625,65858,52,4270,25,7,8,23,1.898050308227539,0.2269744873046875,0,1,0,0,1,1,1194,47774,mail
2864,1,1458,1,1458,-1,1458,1,4270,1,2864,1,4270,1,2864,1,0.05984306335449219,0.051021575927734375,0.010013580322265625,0.06318092346191406,0.06079673767089844,0.06198883056640625,0.06103515625,70082,52,4270,26,6,5,27,5.415916442871094,3.80706787109375,0,1,0,0,0,1,1194,47774,mail
2864,1,4270,1,2864,1,1458,1,1458,-1,52,-1,1458,1,4270,1,0.06198883056640625,0.06103515625,0.06103515625,0.051021575927734375,0.00095367431640625,0.0400543212890625,0.06198883056640625,71093,52,4270,26,6,4,27,1.9500255584716797,0.44608116149902344,0,1,0,0,0,1,1194,47774,mail
4270,1,4270,1,2864,1,4270,1,2864,1,2864,1,52,-1,52,-1,0.06198883056640625,0.05984306335449219,0.06198883056640625,0.06103515625,0.06198883056640625,0.05602836608886719,0.00095367431640625,72428,52,4270,29,3,3,29,2.0399093627929688,0.4029273986816406,0,1,0,0,0,1,1194,47774,mail
102,1,102,-1,94,1,205,-1,94,1,112,1,301,-1,94,1,8.821964263916016,1.230001449584961,9.62209701538086,1.1339187622070312,0.5691051483154297,9.37199592590332,1.1060237884521484,9008,94,1492,17,15,24,3,1026.7651081085205,754.7979354858398,0,0,0,0,0,0,1701,1701,mail
144,1,144,-1,144,1,256,-1,144,1,160,1,352,-1,160,1,8.704185485839844,1.199960708618164,9.516000747680664,0.9360313415527344,2.4900436401367188,8.906841278076172,2.1359920501708984,10002,29,1500,15,17,20,3,866.8169975280762,418.4441566467285,0,0,0,0,0,0,4500,4500,mail
176,1,224,-1,720,1,144,-1,320,-1,176,1,224,-1,144,1,32.5319766998291,1.7240047454833984,63.06004524230957,95.8709716796875,1.528024673461914,32.27806091308594,1.7790794372558594,10952,56,1556,16,16,19,3,5351.001977920532,4919.299125671387,0,0,0,0,0,0,4500,4500,mail
192,-1,192,1,144,-1,208,-1,224,1,192,-1,208,1,192,-1,1.4870166778564453,53.730010986328125,518.8808441162109,3.1790733337402344,35.40205955505371,2.0110607147216797,32.624006271362305,9744,56,1500,14,18,20,2,5974.415063858032,4912.773132324219,0,0,0,0,0,0,4500,4500,mail
56,-1,1328,-1,160,1,144,1,320,1,192,-1,192,1,384,-1,0.010013580322265625,1.1780261993408203,0.011920928955078125,7.885932922363281,9.758949279785156,1.5101432800292969,9.050846099853516,7960,56,1328,15,17,20,1,6219.132900238037,4905.447006225586,0,0,0,0,0,0,4500,4500,mail
128,1,144,1,336,-1,144,1,160,-1,656,1,1500,-1,56,-1,0.16999244689941406,10.365009307861328,1.461029052734375,9.283065795898438,2.2268295288085938,10.98012924194336,0.0019073486328125,10472,56,1500,15,17,20,3,929.8920631408691,524.202823638916,0,0,0,0,0,0,4500,4500,mail
208,-1,128,1,128,-1,128,-1,128,1,29,1,29,-1,240,1,1.5039443969726562,8.886098861694336,109.4667911529541,1.5079975128173828,873.3491897583008,407.89294242858887,2171.4119911193848,9250,29,1500,16,16,22,3,5111.97304725647,2171.4119911193848,0,0,0,0,0,0,4500,4500,mail
192,1,384,-1,224,1,192,-1,192,1,144,-1,208,-1,224,1,8.932113647460938,1.9218921661376953,8.973121643066406,1.5819072723388672,58.02297592163086,559.8471164703369,3.2558441162109375,5232,144,1040,10,12,13,0,1096.3311195373535,559.8471164703369,0,0,0,0,0,0,4500,4500,mail
144,1,144,-1,144,1,256,-1,144,1,160,1,352,-1,160,1,8.897066116333008,1.2400150299072266,9.629964828491211,1.194000244140625,0.5779266357421875,9.158134460449219,2.397775650024414,10344,56,1500,15,17,19,3,752.6381015777588,487.67614364624023,0,0,0,0,0,0,4500,4500,mail
896,1,144,-1,320,-1,176,1,224,-1,144,1,144,-1,144,-1,61.77115440368652,113.26003074645996,1.6448497772216797,31.383037567138672,1.6939640045166016,8.727073669433594,108.9470386505127,10664,56,1500,15,17,20,3,5338.083028793335,4912.359952926636,0,0,0,0,0,0,4500,4500,mail
176,1,128,-1,192,-1,208,1,128,-1,176,-1,192,1,128,-1,18.332958221435547,535.128116607666,3.264904022216797,24.10101890563965,11.340141296386719,1.6150474548339844,18.280982971191406,5802,29,880,14,18,25,0,5932.456016540527,3571.924924850464,0,0,0,0,0,0,4500,4500,mail
160,-1,656,1,1500,-1,56,-1,1556,-1,1296,-1,144,1,128,1,2.3529529571533203,10.71786880493164,0.0011920928955078125,0.010013580322265625,0.007867813110351562,1.194000244140625,0.019073486328125,10744,56,1556,12,20,20,3,1156.2340259552002,790.9731864929199,0,0,0,0,0,0,4500,4500,mail
128,1,128,-1,256,1,240,1,128,-1,128,1,96,-1,96,1,8.569955825805664,57.78789520263672,0.1900196075439453,55.30810356140137,1.3840198516845703,26.57485008239746,0.8230209350585938,9976,56,1556,17,15,21,3,5134.521007537842,4891.200065612793,0,0,0,0,0,0,4500,4500,mail
192,1,144,-1,208,-1,224,1,192,-1,208,1,192,-1,176,1,58.84099006652832,729.4800281524658,3.0188560485839844,35.02011299133301,1.631021499633789,32.61899948120117,1.561880111694336,9480,56,1500,14,18,20,2,6173.462867736816,4902.8379917144775,0,0,0,0,0,0,4500,4500,mail
1328,-1,160,1,144,1,320,1,192,-1,192,1,384,-1,224,1,1.3239383697509766,0.014066696166992188,7.781028747558594,10.10894775390625,1.5888214111328125,9.198188781738281,1.714944839477539,6992,144,1328,13,14,16,1,1063.8318061828613,556.5259456634521,0,0,0,0,0,0,4500,4500,mail
218,1,246,-1,88,1,88,-1,164,-1,108,-1,102,-1,94,1,0.6318092346191406,39.46113586425781,0.2300739288330078,147.08781242370605,254.7311782836914,214.60986137390137,8.124113082885742,8674,81,1500,14,18,23,3,974.1799831390381,254.7311782836914,0,0,0,0,0,0,0,0,mail
148,1,156,-1,82,1,132,1,145,-1,82,1,135,1,117,-1,2.701997756958008,20.540952682495117,15.250205993652344,1.1799335479736328,30.41386604309082,2.4280548095703125,0.7979869842529297,4608,81,730,18,14,27,0,5358.358144760132,1686.7449283599854,0,0,0,0,0,0,0,0,mail
112,-1,301,1,94,-1,104,-1,123,1,94,-1,611,-1,1500,1,8.75091552734375,0.5619525909423828,0.39505958557128906,8.674144744873047,0.5698204040527344,1.1851787567138672,9.535789489746094,8828,70,1500,17,15,24,3,1079.0519714355469,372.683048248291,0,0,0,0,0,0,0,0,mail
94,1,169,1,862,-1,94,1,267,1,129,-1,94,1,171,1,14.54305648803711,1.0979175567626953,31.260967254638672,145.16091346740723,1.1241436004638672,25.53701400756836,7.35783576965332,4642,70,862,18,14,27,0,5301.804065704346,1158.3490371704102,0,0,0,0,0,0,0,0,mail
599,-1,1500,1,1223,1,1500,1,94,-1,88,-1,252,-1,133,1,10.381937026977539,0.02002716064453125,0.010967254638671875,0.6480216979980469,0.0019073486328125,7.98797607421875,9.91201400756836,9501,82,1500,20,12,22,3,1047.428846359253,666.0091876983643,0,0,0,0,0,0,0,0,mail
159,1,88,-1,82,1,82,1,88,-1,88,1,88,-1,81,1,1.1658668518066406,8.224010467529297,108.72411727905273,0.6139278411865234,139.33300971984863,0.23889541625976562,434.2770576477051,8245,81,1500,15,17,24,3,5087.255954742432,795.5420017242432,0,0,0,0,0,0,0,0,mail
94,-1,264,-1,145,1,141,-1,340,1,168,-1,141,1,141,-1,7.811069488525391,9.623050689697266,1.1219978332519531,8.627891540527344,1.1000633239746094,8.630990982055664,0.8771419525146484,5432,81,1139,19,13,28,0,1605.1831245422363,594.2349433898926,0,0,0,0,0,0,0,0,mail
218,1,246,-1,88,-1,70,1,88,-1,70,1,108,-1,81,1,0.6239414215087891,54.70991134643555,0.024080276489257812,302.232027053833,0.015974044799804688,988.1289005279541,509.6261501312256,8631,70,1500,15,17,22,3,4546.514987945557,1289.1409397125244,0,0,0,0,0,0,0,0,mail
94,-1,94,-1,168,-1,94,-1,94,-1,94,-1,141,1,141,-1,0.013828277587890625,0.06198883056640625,2.068042755126953,1.9390583038330078,1.920938491821289,2.640962600708008,0.9310245513916016,5126,94,712,15,17,27,0,1019.6177959442139,301.8760681152344,0,0,0,0,0,0,0,0,mail
94,1,94,1,94,-1,81,1,94,-1,94,-1,94,-1,94,-1,112.08200454711914,0.5619525909423828,171.94294929504395,1699.99098777771,0.0040531158447265625,0.07796287536621094,0.00095367431640625,1236,70,164,5,8,13,0,3881.985902786255,1699.99098777771,0,0,0,0,0,0,0,0,mail
60,1,60,-1,52,1,163,-1,52,1,70,1,259,-1,52,1,8.294820785522461,0.6511211395263672,9.022951126098633,0.5540847778320312,0.49591064453125,8.52513313293457,0.5309581756591797,7591,52,2864,17,15,26,2,887.9427909851074,692.0998096466064,1,0,0,0,0,1,51776,587,mail
52,-1,127,-1,1097,1,52,-1,225,-1,87,1,52,-1,129,-1,2.165079116821289,1.0058879852294922,27.95100212097168,256.61492347717285,1.0371208190917969,23.58102798461914,9.17506217956543,2029,52,1097,4,8,10,0,438.00902366638184,256.61492347717285,0,1,0,0,0,1,51776,587,mail
60,1,60,-1,52,1,163,-1,52,1,70,1,259,-1,52,1,8.16798210144043,0.8490085601806641,8.952856063842773,0.5190372467041016,0.5221366882324219,8.50987434387207,0.5681514739990234,7578,52,1458,16,16,25,3,990.440845489502,796.9720363616943,1,0,0,0,0,1,59188,587,mail
52,-1,127,-1,637,1,52,-1,225,-1,87,1,52,-1,129,-1,12.130975723266602,1.077890396118164,18.160104751586914,178.81393432617188,0.9570121765136719,23.26798439025879,9.2010498046875,1569,52,637,4,8,10,0,360.0649833679199,178.81393432617188,0,1,0,0,0,1,59188,587,mail
60,1,60,-1,52,1,163,-1,52,1,70,1,259,-1,52,1,8.01992416381836,0.7588863372802734,8.691072463989258,0.6499290466308594,0.3581047058105469,8.261919021606445,0.659942626953125,7555,52,1458,16,16,25,3,826.6839981079102,633.8191032409668,1,0,0,0,0,1,37320,587,mail
87,1,52,-1,127,-1,860,1,52,-1,225,-1,87,1,52,-1,27.462005615234375,5.356073379516602,1.2578964233398438,24.70707893371582,177.46686935424805,1.085042953491211,24.464130401611328,1879,52,860,5,8,11,0,387.4249458312988,177.46686935424805,0,1,0,0,1,1,37320,587,mail
60,1,60,-1,52,1,165,-1,52,1,70,1,261,-1,52,1,8.116006851196289,0.7920265197753906,9.023904800415039,0.6039142608642578,0.4951953887939453,8.473873138427734,0.6260871887207031,7596,52,2629,17,15,26,2,997.5810050964355,814.7978782653809,1,0,0,0,0,1,60006,587,mail
52,-1,127,-1,760,1,52,-1,225,-1,87,1,52,-1,129,-1,0.8080005645751953,1.180887222290039,29.288053512573242,362.76793479919434,4.555225372314453,23.280858993530273,10.040044784545898,1692,52,760,4,8,10,0,547.4929809570312,362.76793479919434,0,1,0,0,0,1,60006,587,mail
60,1,60,-1,52,1,163,-1,52,1,70,1,259,-1,52,1,8.063077926635742,0.7960796356201172,8.798837661743164,0.5400180816650391,0.7061958312988281,8.538007736206055,0.6449222564697266,7578,52,1458,16,16,25,3,760.5431079864502,578.3998966217041,1,0,0,0,0,1,41128,587,mail
52,-1,127,-1,1032,1,52,-1,225,-1,87,1,52,-1,129,-1,0.9250640869140625,0.9889602661132812,29.169082641601562,137.77899742126465,1.0950565338134766,32.997846603393555,0.1709461212158203,1964,52,1032,4,8,10,0,350.9809970855713,138.14806938171387,0,1,0,0,0,1,41128,587,mail
60,1,60,1,60,1,60,1,220,1,220,-1,60,1,60,1,1040.0259494781494,1040.050983428955,1039.9589538574219,708.6889743804932,0.5850791931152344,1050.7519245147705,1040.0550365447998,2120,60,220,29,1,28,0,28800.594806671143,1050.7519245147705,0,0,0,0,0,0,31026,13231,mail
60,1,60,1,60,1,60,1,60,1,60,1,60,1,60,1,1040.3189659118652,1039.8130416870117,1039.949893951416,1040.0512218475342,1040.0397777557373,1039.9630069732666,1040.0841236114502,1740,60,60,29,0,29,0,29120.577096939087,1040.3189659118652,0,0,0,0,0,0,31026,13231,mail
169,1,169,-1,52,1,169,1,52,-1,681,1,52,-1,169,-1,4.109859466552734,0.4220008850097656,0.5941390991210938,46.861886978149414,0.44417381286621094,0.331878662109375,3.782033920288086,10698,52,2864,17,15,24,3,81.67886734008789,46.861886978149414,0,1,0,0,1,1,52538,443,streaming
169,1,52,-1,169,1,52,-1,169,1,52,-1,169,-1,169,1,0.2570152282714844,0.392913818359375,0.30303001403808594,0.8950233459472656,0.32210350036621094,3.7338733673095703,20.294904708862305,17678,52,4270,11,21,22,6,112.27798461914062,49.009084701538086,0,1,0,0,1,1,52538,443,streaming
4270,-1,52,1,52,1,1458,-1,4270,-1,2068,-1,169,1,52,-1,0.34499168395996094,0.14901161193847656,0.392913818359375,0.06198883056640625,0.06198883056640625,0.0021457672119140625,0.2548694610595703,35420,52,4270,10,22,11,17,6.552934646606445,1.9221305847167969,0,1,0,0,1,1,52538,443,streaming
52,1,52,-1,567,-1,52,1,169,1,52,-1,1458,-1,1458,-1,0.07104873657226562,0.2720355987548828,0.21195411682128906,0.014066696166992188,0.3399848937988281,0.04482269287109375,0.029087066650390625,27975,52,2864,10,22,12,15,4.739999771118164,0.4029273986816406,0,1,0,0,0,1,52538,443,streaming
1458,-1,1458,-1,1458,-1,1458,-1,52,1,52,1,169,1,567,-1,0.024080276489257812,0.024080276489257812,0.0247955322265625,0.2930164337158203,0.2391338348388672,0.2548694610595703,0.06008148193359375,35194,52,2864,10,22,9,19,2.5930404663085938,0.2930164337158203,0,1,0,0,1,1,52538,443,streaming
876,-1,2864,-1,2864,-1,1458,-1,2864,-1,2864,-1,52,-1,52,1,0.05698204040527344,0.051975250244140625,0.07796287536621094,0.049114227294921875,0.05698204040527344,0.00095367431640625,0.08893013000488281,43051,52,4270,7,25,8,20,2.274036407470703,0.4248619079589844,0,1,0,0,1,1,52538,443,streaming
1458,-1,52,1,52,1,1458,-1,2864,-1,1458,-1,1458,-1,520,1,0.016927719116210938,0.011920928955078125,0.36215782165527344,0.03886222839355469,0.04100799560546875,0.04315376281738281,0.013828277587890625,36614,52,2864,9,23,7,22,2.6788711547851562,0.37097930908203125,0,1,0,0,1,1,52538,443,streaming
1458,-1,2864,-1,1458,-1,2864,-1,1458,-1,1458,-1,52,1,52,1,0.034809112548828125,0.03719329833984375,0.03886222839355469,0.0400543212890625,0.04410743713378906,0.041961669921875,0.0019073486328125,51085,52,5130,11,21,11,21,1.8019676208496094,0.2989768981933594,0,1,0,0,0,1,52538,443,streaming
4270,-1,1458,-1,4270,-1,1082,-1,2864,-1,52,1,52,1,52,1,0.06103515625,0.1239776611328125,0.06079673767089844,0.0,0.1780986785888672,0.13208389282226562,0.22292137145996094,67147,52,4270,8,24,7,23,2.0949840545654297,0.22292137145996094,0,1,0,0,0,1,52538,443,streaming
1458,-1,2864,-1,4270,-1,1458,-1,1458,-1,4270,-1,2864,-1,2864,-1,0.06198883056640625,0.06198883056640625,0.05984306335449219,0.0011920928955078125,0.06079673767089844,0.06198883056640625,0.12302398681640625,53348,52,4270,11,21,8,20,3.7457942962646484,0.659942626953125,0,1,0,0,1,1,52538,443,streaming
52,1,1458,-1,1458,-1,2864,-1,2864,-1,1458,-1,1458,-1,52,1,0.018835067749023438,0.047206878662109375,0.04887580871582031,0.051021575927734375,0.052928924560546875,0.05698204040527344,0.11205673217773438,67509,52,4270,7,25,7,25,1.7709732055664062,0.12493133544921875,0,1,0,0,0,1,52538,443,streaming
2864,-1,4270,-1,1458,-1,1458,-1,4270,-1,2864,-1,4270,-1,2864,-1,0.06198883056640625,0.06103515625,0.00095367431640625,0.06103515625,0.06103515625,0.06103515625,0.06198883056640625,59772,52,4270,9,23,9,22,2.232074737548828,0.36978721618652344,0,1,0,0,0,1,52538,443,streaming
169,1,52,-1,169,-1,52,1,169,1,52,-1,681,1,52,-1,0.35500526428222656,3.759145736694336,0.47087669372558594,0.6549358367919922,0.2810955047607422,0.5319118499755859,0.24318695068359375,12263,52,1561,16,16,22,4,96.92502021789551,41.940927505493164,0,1,0,0,1,1,52538,443,streaming
169,1,52,-1,681,1,52,-1,169,-1,52,1,1561,-1,1458,-1,48.83003234863281,0.5059242248535156,0.25200843811035156,3.7610530853271484,0.4508495330810547,14.029979705810547,0.0021457672119140625,19891,52,1561,12,20,17,11,79.87594604492188,48.83003234863281,0,1,0,0,1,1,52538,443,streaming
1450,-1,2864,-1,1458,-1,1458,-1,169,1,52,-1,52,1,286,1,0.030994415283203125,0.03314018249511719,0.032901763916015625,0.12612342834472656,0.12493133544921875,0.1590251922607422,0.10395050048828125,25241,52,2864,10,22,14,14,5.105018615722656,1.4350414276123047,0,1,0,0,1,1,52538,443,streaming
52,1,52,-1,1458,-1,1458,-1,1458,-1,1458,-1,1458,-1,567,-1,0.10514259338378906,0.04100799560546875,0.015020370483398438,0.031948089599609375,0.027894973754882812,0.030994415283203125,0.0011920928955078125,29275,52,1561,10,22,9,18,2.838134765625,0.4761219024658203,0,1,0,0,0,1,52538,443,streaming
773,-1,52,-1,1458,-1,403,1,155,-1,169,1,52,-1,169,1,0.2751350402832031,0.04100799560546875,0.21195411682128906,0.16498565673828125,0.2970695495605469,0.270843505859375,0.30517578125,28225,52,1561,8,24,12,17,3.317117691040039,0.3597736358642578,0,1,0,0,1,1,52538,443,streaming
637,1,52,1,52,1,567,-1,1458,-1,1458,-1,1458,-1,1458,-1,0.09512901306152344,0.13899803161621094,0.2899169921875,0.026941299438476562,0.025033950805664062,0.025987625122070312,0.028133392333984375,38538,52,2864,11,21,7,19,2.9611587524414062,0.44989585876464844,0,1,0,0,1,1,52538,443,streaming
2864,-1,2864,-1,2864,-1,2864,-1,1458,-1,1082,-1,52,1,52,1,0.04887580871582031,0.051021575927734375,0.05316734313964844,0.054836273193359375,0.0021457672119140625,0.1480579376220703,0.25081634521484375,48959,52,2864,7,25,6,23,2.3009777069091797,0.3170967102050781,0,1,0,0,0,1,52538,443,streaming
1458,-1,2864,-1,2627,-1,169,1,1458,-1,4270,-1,1458,-1,1458,-1,0.050067901611328125,0.051021575927734375,0.19598007202148438,0.05602836608886719,0.05602836608886719,0.05698204040527344,0.00095367431640625,51810,52,4270,10,22,8,22,2.095937728881836,0.2989768981933594,0,1,0,0,0,1,52538,443,streaming
1458,-1,2318,-1,52,1,52,1,520,1,52,1,52,-1,1561,-1,0.05984306335449219,0.012159347534179688,0.2129077911376953,0.031948089599609375,0.17905235290527344,0.3170967102050781,0.05888938903808594,39353,52,2864,9,23,8,22,1.786947250366211,0.34117698669433594,0,1,0,0,0,1,52538,443,streaming
2864,-1,1458,-1,1458,-1,2864,-1,2864,-1,1458,-1,1458,-1,871,1,0.04887580871582031,0.0011920928955078125,0.04982948303222656,0.05316734313964844,0.054836273193359375,0.0011920928955078125,0.26798248291015625,56343,52,4270,8,24,5,23,2.4950504302978516,0.4749298095703125,0,1,0,0,0,1,52538,443,streaming
1458,-1,52,1,1458,-1,4270,-1,2864,-1,4270,-1,1458,-1,1427,-1,0.22411346435546875,0.07605552673339844,0.06198883056640625,0.06079673767089844,0.06103515625,0.06103515625,0.00095367431640625,69586,52,4270,7,25,6,25,2.0279884338378906,0.28896331787109375,0,1,0,0,1,1,52538,443,streaming
1458,-1,1458,-1,4270,-1,1458,-1,1458,-1,4270,-1,2864,-1,1222,1,0.00095367431640625,0.06103515625,0.06198883056640625,0.00095367431640625,0.06198883056640625,0.0591278076171875,0.030040740966796875,78660,52,4270,5,27,4,28,1.322031021118164,0.06198883056640625,0,1,0,0,1,1,52538,443,streaming
169,1,169,-1,52,1,169,1,52,-1,681,1,52,-1,169,-1,4.179954528808594,0.5660057067871094,0.6749629974365234,44.96407508850098,0.55694580078125,0.3578662872314453,3.7610530853271484,11049,52,2864,15,17,24,3,111.65690422058105,44.96407508850098,0,1,0,0,1,1,52538,443,streaming
52,-1,169,-1,169,1,52,-1,681,1,52,-1,169,-1,1458,-1,3.7348270416259766,1.2149810791015625,0.30303001403808594,0.6921291351318359,0.33092498779296875,3.7300586700439453,14.812946319580078,29068,52,4270,11,21,18,9,38.38396072387695,14.812946319580078,0,1,0,0,0,1,52538,443,streaming
1561,-1,2864,-1,1458,-1,754,1,52,1,361,-1,169,1,1561,-1,0.0021457672119140625,0.1049041748046875,0.9610652923583984,0.00095367431640625,0.4699230194091797,0.42510032653808594,3.3960342407226562,43647,52,4270,11,21,8,17,8.388042449951172,3.3960342407226562,0,1,0,0,1,1,52538,443,streaming
567,-1,52,1,52,1,169,1,1561,-1,2864,-1,2864,-1,1458,-1,0.2338886260986328,0.13899803161621094,0.01811981201171875,0.5578994750976562,0.05602836608886719,0.049114227294921875,0.04982948303222656,42611,52,4270,11,21,7,18,4.626035690307617,0.5578994750976562,0,1,0,0,1,1,52538,443,streaming
1458,-1,2864,-1,1458,-1,1458,-1,286,1,52,1,52,1,2864,-1,0.04792213439941406,0.2460479736328125,0.04887580871582031,0.13113021850585938,0.011920928955078125,0.20503997802734375,0.06198883056640625,42625,52,4270,11,21,7,20,4.119873046875,0.6308555603027344,0,1,0,0,0,1,52538,443,streaming
2864,-1,1458,-1,2864,-1,1458,-1,1458,-1,1458,-1,1458,-1,52,1,0.0011920928955078125,0.04696846008300781,0.051021575927734375,0.11086463928222656,0.07104873657226562,0.06103515625,0.2999305725097656,55290,52,4270,9,23,7,23,2.5169849395751953,0.2999305725097656,0,1,0,0,1,1,52538,443,streaming
294,-1,1458,-1,2864,-1,2864,-1,2864,-1,4270,-1,2864,-1,52,1,0.0019073486328125,0.0591278076171875,0.05698204040527344,0.05888938903808594,0.06198883056640625,0.06103515625,0.030994415283203125,61839,52,4270,9,23,7,23,2.0949840545654297,0.3521442413330078,0,1,0,0,1,1,52538,443,streaming
2864,-1,52,1,124,-1,52,1,169,1,1458,1,1561,-1,1458,-1,0.07295608520507812,0.050067901611328125,0.12683868408203125,0.09822845458984375,0.5939006805419922,0.14090538024902344,0.0011920928955078125,61819,52,4270,7,25,6,24,2.919912338256836,0.5939006805419922,0,1,0,0,1,1,52538,443,streaming
4270,-1,2864,-1,4270,-1,2864,-1,871,1,52,1,2864,-1,4270,-1,0.06008148193359375,0.06198883056640625,0.06103515625,0.029087066650390625,0.012874603271484375,0.0209808349609375,0.06103515625,72646,52,4270,6,26,4,25,1.5909671783447266,0.2181529998779297,0,1,0,0,0,1,52538,443,streaming
4270,-1,2864,-1,52,1,52,1,52,1,1015,-1,52,1,52,1,0.06222724914550781,0.05698204040527344,0.00095367431640625,0.00095367431640625,0.35309791564941406,0.17499923706054688,0.02193450927734375,72946,52,4270,9,23,9,22,2.171039581298828,0.35309791564941406,0,1,0,0,0,1,52538,443,streaming
4270,-1,52,1,1458,-1,52,1,2864,-1,2864,-1,52,1,1458,-1,0.050067901611328125,0.010013580322265625,0.03981590270996094,0.025987625122070312,0.05817413330078125,0.04100799560546875,0.02288818359375,73251,52,4270,8,24,7,25,1.3570785522460938,0.06985664367675781,0,1,0,0,0,1,52538,443,streaming
2864,-1,52,1,2596,-1,52,1,52,1,1458,-1,4270,-1,1458,-1,0.05793571472167969,0.0059604644775390625,0.2300739288330078,0.0,0.13399124145507812,0.0629425048828125,0.06198883056640625,62645,52,4270,9,23,8,23,2.3980140686035156,0.40602684020996094,0,1,0,0,0,1,52538,443,streaming
169,1,169,-1,52,1,169,1,52,-1,681,1,52,-1,169,-1,3.9169788360595703,0.55694580078125,0.4611015319824219,40.37189483642578,0.5750656127929688,0.26297569274902344,3.676176071166992,11049,52,2864,15,17,24,3,95.38507461547852,40.37189483642578,0,1,0,0,1,1,52538,443,streaming
169,-1,169,1,52,-1,681,1,52,-1,169,-1,2864,-1,1458,-1,1.1029243469238281,45.03917694091797,0.392913818359375,0.20694732666015625,3.6580562591552734,14.158964157104492,0.05793571472167969,22174,52,2864,11,21,18,9,85.39891242980957,45.03917694091797,0,1,0,0,1,1,52538,443,streaming
1458,-1,2864,-1,3474,-1,52,-1,520,1,52,-1,520,1,52,-1,0.04696846008300781,0.050067901611328125,0.0019073486328125,0.4589557647705078,0.2791881561279297,0.47898292541503906,0.3190040588378906,35818,52,3474,9,23,10,18,5.908012390136719,2.1288394927978516,0,1,0,0,0,1,52538,443,streaming
2864,-1,520,1,52,1,567,-1,1458,-1,1458,-1,403,1,1767,-1,0.32210350036621094,0.03790855407714844,0.26702880859375,0.28705596923828125,0.03695487976074219,0.08702278137207031,0.4229545593261719,43441,52,2864,10,22,6,19,4.984140396118164,0.5640983581542969,0,1,0,0,1,1,52538,443,streaming
52,1,52,1,1082,-1,2864,-1,2864,-1,754,1,52,1,2864,-1,0.30803680419921875,0.1049041748046875,0.05602836608886719,0.05698204040527344,0.3650188446044922,0.0,0.15997886657714844,48076,52,2864,10,22,9,19,3.119945526123047,0.38504600524902344,0,1,0,0,0,1,52538,443,streaming
1458,-1,988,1,52,1,979,-1,1458,-1,2864,-1,2864,-1,4270,-1,0.028133392333984375,0.3170967102050781,0.12493133544921875,0.21505355834960938,0.04982948303222656,0.051021575927734375,0.05602836608886719,47395,52,4270,11,21,7,18,3.0281543731689453,0.3628730773925781,0,1,0,0,1,1,52538,443,streaming
88,-1,2864,-1,2864,-1,2864,-1,2864,-1,52,1,988,1,52,1,0.0019073486328125,0.05698204040527344,0.06508827209472656,0.06008148193359375,0.13184547424316406,0.06699562072753906,0.23221969604492188,60739,52,4270,9,23,7,21,2.7730464935302734,0.5590915679931641,0,1,0,0,1,1,52538,443,streaming
1458,-1,2864,-1,2864,-1,4270,-1,2560,-1,4270,-1,2864,-1,1458,1,0.0011920928955078125,0.05984306335449219,0.06318092346191406,0.05984306335449219,0.1220703125,0.06008148193359375,0.026941299438476562,78568,52,4270,6,26,4,28,2.1140575408935547,0.4169940948486328,0,1,0,0,1,1,52538,443,streaming
2864,-1,52,1,52,1,635,1,1458,-1,4270,-1,1458,-1,52,1,0.04792213439941406,0.0011920928955078125,0.28896331787109375,0.21791458129882812,0.0629425048828125,0.06103515625,0.07605552673339844,62402,52,4270,10,22,7,22,1.8630027770996094,0.28896331787109375,0,1,0,0,1,1,52538,443,streaming
52,1,1458,-1,52,1,1458,-1,2864,-1,1458,-1,2864,-1,2864,-1,0.11610984802246094,0.18596649169921875,0.2548694610595703,0.06008148193359375,0.06198883056640625,0.00095367431640625,0.06794929504394531,59731,52,4270,8,24,6,25,1.859903335571289,0.2548694610595703,0,1,0,0,0,1,52538,443,streaming
52,1,1458,-1,4270,-1,1458,-1,2864,-1,2864,-1,2864,-1,1458,-1,0.06508827209472656,0.0629425048828125,0.05888938903808594,0.06508827209472656,0.05888938903808594,0.06103515625,0.06103515625,67508,52,4270,7,25,6,24,1.8320083618164062,0.18596649169921875,0,1,0,0,0,1,52538,443,streaming
1458,-1,52,1,52,1,52,1,52,1,1633,-1,2864,-1,1458,-1,0.06103515625,0.0019073486328125,0.013113021850585938,0.0629425048828125,0.02193450927734375,0.06198883056640625,0.0021457672119140625,64990,52,4270,8,24,7,25,1.6469955444335938,0.17595291137695312,0,1,0,0,1,1,52538,443,streaming
169,1,169,-1,52,1,681,-1,52,1,169,1,1458,1,2864,1,1.230001449584961,0.27680397033691406,0.4951953887939453,0.29778480529785156,3.740072250366211,14.320135116577148,0.06079673767089844,31323,52,4270,19,13,17,11,61.55681610107422,18.018007278442383,0,1,0,0,1,1,443,52538,streaming
567,1,2864,1,2864,1,1458,1,520,-1,52,-1,1458,1,1458,1,0.06198883056640625,0.04100799560546875,0.04291534423828125,0.4889965057373047,0.010967254638671875,0.07104873657226562,0.048160552978515625,42948,52,4270,22,10,6,18,5.212068557739258,1.6918182373046875,0,1,0,0,1,1,443,52538,streaming
1458,1,1458,1,520,-1,1458,1,52,-1,52,-1,464,1,1458,1,0.06794929504394531,0.0040531158447265625,0.05698204040527344,0.20599365234375,0.30493736267089844,0.10895729064941406,0.10418891906738281,36676,52,2864,19,13,8,17,4.611968994140625,0.6859302520751953,0,1,0,0,0,1,443,52538,streaming
1458,1,1458,1,670,1,4270,1,1458,1,1458,1,1458,1,52,-1,0.06103515625,0.15592575073242188,0.06413459777832031,0.04291534423828125,0.00095367431640625,0.04601478576660156,0.05412101745605469,51473,52,4270,22,10,8,21,2.9320716857910156,0.3459453582763672,0,1,0,0,0,1,443,52538,streaming
4270,1,52,-1,1458,1,1458,1,4270,1,52,-1,1288,1,4270,1,0.04601478576660156,0.014066696166992188,0.3209114074707031,0.0629425048828125,0.09703636169433594,0.26297569274902344,0.06318092346191406,62846,52,4270,25,7,7,24,3.078937530517578,0.7131099700927734,0,1,0,0,0,1,443,52538,streaming
52,-1,52,-1,1456,-1,1458,1,4270,1,1458,1,1458,1,4270,1,0.052928924560546875,0.2999305725097656,0.1800060272216797,0.05817413330078125,0.06198883056640625,0.0019073486328125,0.05888938903808594,62228,52,4270,24,8,7,23,2.2728443145751953,0.4649162292480469,0,1,0,0,0,1,443,52538,streaming
2864,1,1458,1,52,-1,52,-1,169,-1,876,1,2864,1,2864,1,0.05984306335449219,0.010013580322265625,0.44798851013183594,0.43392181396484375,0.3180503845214844,0.0021457672119140625,0.05888938903808594,75706,52,5676,25,7,6,25,2.8579235076904297,0.44798851013183594,0,1,0,0,0,1,443,52538,streaming
4270,1,2864,1,2864,1,1458,1,2864,1,2864,1,4270,1,2864,1,0.05602836608886719,0.05602836608886719,0.06008148193359375,0.00095367431640625,0.06008148193359375,0.06198883056640625,0.06103515625,65844,52,4270,24,8,8,23,1.4150142669677734,0.17499923706054688,0,1,0,0,0,1,443,52538,streaming
52,-1,1185,1,1339,-1,1561,1,1458,1,52,-1,155,1,52,-1,0.08893013000488281,0.6170272827148438,0.5021095275878906,0.10895729064941406,0.3590583801269531,0.36597251892089844,0.29587745666503906,51459,52,2864,23,9,9,20,4.302024841308594,0.6170272827148438,0,1,0,0,0,1,443,52538,streaming
1339,-1,52,-1,52,-1,1458,1,2864,1,4270,1,2864,1,2864,1,0.00095367431640625,0.029087066650390625,0.2799034118652344,0.06198883056640625,0.0629425048828125,0.0591278076171875,0.06198883056640625,84437,52,7082,27,5,4,28,2.001047134399414,0.2799034118652344,0,1,0,0,1,1,443,52538,streaming
2864,1,7082,1,5676,1,1458,1,8488,1,7082,1,5676,1,4270,1,0.06198883056640625,0.06699562072753906,0.0019073486328125,0.06508827209472656,0.06699562072753906,0.07295608520507812,0.00095367431640625,75722,52,8488,20,12,12,19,1.9268989562988281,0.23794174194335938,0,1,0,0,0,1,443,52538,streaming
2864,1,1458,1,2864,1,4270,1,1458,1,1458,1,52,-1,52,-1,0.00095367431640625,0.05888938903808594,0.06318092346191406,0.05698204040527344,0.06389617919921875,0.09298324584960938,0.00095367431640625,54240,52,4270,22,10,10,22,4.482030868530273,2.5801658630371094,0,1,0,0,1,1,443,52538,streaming
169,1,52,-1,169,1,52,-1,169,-1,52,1,169,-1,52,1,0.2930164337158203,0.308990478515625,0.30803680419921875,3.679037094116211,0.39196014404296875,13.047933578491211,0.4181861877441406,6010,52,1458,14,18,27,1,866.793155670166,740.8590316772461,0,1,0,0,1,1,52538,443,streaming
169,-1,169,1,52,-1,681,1,52,-1,169,-1,1458,-1,1458,-1,1.1279582977294922,0.30517578125,0.5710124969482422,0.3178119659423828,3.712177276611328,14.48202133178711,0.029802322387695312,22820,52,2864,10,22,16,12,165.68994522094727,86.26890182495117,0,1,0,0,1,1,52538,443,streaming
1458,-1,1458,-1,1458,-1,1965,-1,169,1,52,1,52,1,1561,-1,0.025987625122070312,0.0021457672119140625,0.028848648071289062,0.03409385681152344,0.4489421844482422,0.2529621124267578,3.628969192504883,36829,52,2864,11,21,8,18,11.074066162109375,3.628969192504883,0,1,0,0,0,1,52538,443,streaming
52,1,286,1,1458,-1,1458,-1,1458,-1,1458,-1,464,-1,52,1,0.1361370086669922,0.23794174194335938,0.03790855407714844,0.04315376281738281,0.04792213439941406,0.00095367431640625,0.40793418884277344,41993,52,4270,12,20,7,19,4.614114761352539,0.8699893951416016,0,1,0,0,0,1,52538,443,streaming
52,1,361,-1,1458,-1,2864,-1,1458,-1,1458,-1,2864,-1,52,1,0.12302398681640625,0.16307830810546875,0.03600120544433594,0.03504753112792969,0.03886222839355469,0.0400543212890625,0.22101402282714844,45734,52,4306,10,22,10,19,4.168033599853516,0.4010200500488281,0,1,0,0,0,1,52538,443,streaming
1458,-1,4270,-1,1458,-1,1458,-1,2864,-1,1458,-1,4270,-1,52,1,0.06008148193359375,0.05412101745605469,0.0019073486328125,0.05793571472167969,0.19598007202148438,0.06413459777832031,0.05698204040527344,55451,52,4270,5,27,6,26,7.484197616577148,4.395008087158203,0,1,0,0,0,1,52538,443,streaming
1458,-1,1458,-1,2864,-1,1458,-1,2864,-1,2864,-1,2864,-1,2864,-1,0.032901763916015625,0.03814697265625,0.03790855407714844,0.041961669921875,0.04315376281738281,0.04482269287109375,0.04696846008300781,63479,52,4481,8,24,8,23,6.171941757202148,1.1208057403564453,0,1,0,0,0,1,52538,443,streaming
1458,-1,1458,-1,1458,-1,1458,-1,1458,-1,1458,-1,635,1,52,1,0.025987625122070312,0.025033950805664062,0.02288818359375,0.025033950805664062,0.024080276489257812,0.03600120544433594,0.32591819763183594,48983,52,4270,7,25,7,24,2.4118423461914062,0.7419586181640625,0,1,0,0,0,1,52538,443,streaming
1458,-1,1458,-1,1458,-1,1458,-1,1458,-1,2864,-1,2864,-1,2864,-1,0.034809112548828125,0.03814697265625,0.00095367431640625,0.03695487976074219,0.04100799560546875,0.04291534423828125,0.04601478576660156,64945,52,4270,3,29,2,28,1.9757747650146484,0.48995018005371094,0,1,0,0,0,1,52538,443,streaming
4270,-1,2864,-1,2864,-1,4270,-1,2864,-1,4270,-1,2864,-1,4270,-1,0.05698204040527344,0.05793571472167969,0.0629425048828125,0.06008148193359375,0.06198883056640625,0.06103515625,0.0629425048828125,73890,52,4270,5,27,5,26,1.9488334655761719,0.3399848937988281,0,1,0,0,0,1,52538,443,streaming
2864,-1,4270,-1,2864,-1,4270,-1,52,1,2864,-1,4270,-1,2864,-1,0.06008148193359375,0.06079673767089844,0.06413459777832031,0.04100799560546875,0.017881393432617188,0.06198883056640625,0.06103515625,70532,52,4270,8,24,8,22,2.0220279693603516,0.41103363037109375,0,1,0,0,0,1,52538,443,streaming
169,1,1561,-1,1458,-1,1458,-1,1458,-1,1458,-1,1458,-1,1458,-1,4.379034042358398,0.013113021850585938,0.013828277587890625,0.023126602172851562,0.03695487976074219,0.025033950805664062,0.025987625122070312,43498,52,2864,8,24,5,25,12.11404800415039,4.379034042358398,0,1,0,0,1,1,52538,443,streaming
52,1,52,1,52,1,52,1,1458,-1,4270,-1,1458,-1,1458,-1,0.00095367431640625,0.00095367431640625,0.4620552062988281,0.23698806762695312,0.05602836608886719,0.05698204040527344,0.00095367431640625,71195,52,4270,7,25,7,24,1.9109249114990234,0.4620552062988281,0,1,0,0,0,1,52538,443,streaming
52,1,52,1,52,1,1458,1,1458,-1,4270,-1,1458,-1,1458,-1,0.011920928955078125,0.1049041748046875,2.1440982818603516,0.07486343383789062,0.06008148193359375,0.06008148193359375,0.00095367431640625,73769,52,4270,8,24,6,25,3.56292724609375,2.1440982818603516,0,1,0,0,0,1,52538,443,streaming
52,1,1458,-1,4270,-1,1458,-1,1458,-1,2864,-1,4270,-1,1458,-1,1.016855239868164,0.05602836608886719,0.05602836608886719,0.00095367431640625,0.0591278076171875,0.0629425048828125,0.06008148193359375,76700,52,4270,5,27,4,27,3.599882125854492,1.016855239868164,0,1,0,0,0,1,52538,443,streaming
4270,-1,1458,-1,4270,-1,2864,-1,2864,-1,4270,-1,2864,-1,2864,-1,0.048160552978515625,0.054836273193359375,0.05412101745605469,0.05698204040527344,0.06008148193359375,0.06103515625,0.06079673767089844,94309,52,4270,3,29,3,29,1.5621185302734375,0.06198883056640625,0,1,0,0,0,1,52538,443,streaming
2864,-1,1458,-1,52,1,2864,-1,4270,-1,2864,-1,1458,-1,1458,-1,0.00095367431640625,0.02193450927734375,0.03814697265625,0.06103515625,0.06103515625,0.06079673767089844,0.06198883056640625,57804,52,4270,9,23,8,24,2.001047134399414,0.5779266357421875,0,1,0,0,1,1,52538,443,streaming
2864,-1,2864,-1,2864,-1,2864,-1,4270,-1,2864,-1,2864,-1,2864,-1,0.06103515625,0.06198883056640625,0.06103515625,0.06198883056640625,0.0629425048828125,0.06008148193359375,0.06079673767089844,80384,52,4270,4,28,3,29,2.727985382080078,1.077890396118164,0,1,0,0,0,1,52538,443,streaming
4270,-1,2864,-1,4270,-1,2864,-1,2864,-1,1456,1,52,1,52,1,0.06198883056640625,0.06008148193359375,0.06103515625,0.06198883056640625,0.04982948303222656,0.0021457672119140625,0.00095367431640625,78003,52,4270,5,27,4,27,2.440929412841797,0.5669593811035156,0,1,0,0,0,1,52538,443,streaming
2864,-1,1458,-1,52,1,169,1,52,1,52,1,1458,-1,2864,-1,0.06103515625,0.0059604644775390625,0.00095367431640625,0.08702278137207031,0.015020370483398438,0.029087066650390625,0.06198883056640625,49346,52,4270,11,21,10,20,2.9370784759521484,1.1098384857177734,0,1,0,0,0,1,52538,443,streaming
2864,-1,2864,-1,2864,-1,4270,-1,2864,-1,4270,-1,2864,-1,4270,-1,0.05412101745605469,0.054836273193359375,0.05817413330078125,0.05888938903808594,0.0629425048828125,0.06008148193359375,0.06413459777832031,72911,52,4270,6,26,5,26,1.8680095672607422,0.2110004425048828,0,1,0,0,0,1,52538,443,streaming
2864,-1,4270,-1,4270,-1,2864,-1,2864,-1,4270,-1,2864,-1,4270,-1,0.06198883056640625,0.06103515625,0.06198883056640625,0.06103515625,0.06198883056640625,0.05984306335449219,0.06198883056640625,80620,52,4270,5,27,5,27,3.2758712768554688,1.5578269958496094,0,1,0,0,0,1,52538,443,streaming
4270,-1,2864,-1,4270,-1,4270,-1,2864,-1,1458,-1,1458,1,4270,-1,0.05984306335449219,0.06198883056640625,0.06198883056640625,0.06008148193359375,0.06103515625,0.0069141387939453125,0.05698204040527344,70581,52,4270,8,24,7,25,2.702951431274414,0.9031295776367188,0,1,0,0,0,1,52538,443,streaming
2864,-1,4270,-1,2864,-1,4270,-1,4270,-1,2864,-1,52,1,52,1,0.06198883056640625,0.05984306335449219,0.06413459777832031,0.06389617919921875,0.0591278076171875,0.03981590270996094,0.0011920928955078125,79785,52,4270,6,26,5,26,3.3659934997558594,1.3010501861572266,0,1,0,0,0,1,52538,443,streaming
169,1,52,-1,169,-1,52,1,169,1,52,-1,681,1,52,-1,0.4050731658935547,3.8080215454101562,0.3819465637207031,0.6530284881591797,0.3421306610107422,0.7328987121582031,0.36907196044921875,10581,52,1561,16,16,23,4,35.44807434082031,13.899803161621094,0,1,0,0,1,1,52538,443,streaming
169,1,52,-1,169,1,52,-1,169,1,52,-1,169,-1,169,1,0.21982192993164062,0.3731250762939453,0.308990478515625,0.46706199645996094,0.3159046173095703,3.757953643798828,12.089014053344727,13460,52,1458,11,21,22,6,101.17793083190918,46.65112495422363,0,1,0,0,1,1,52538,443,streaming
1458,-1,1458,-1,1458,-1,1458,-1,1458,-1,1458,-1,52,1,52,1,0.0247955322265625,0.023126602172851562,0.025033950805664062,0.025987625122070312,0.028848648071289062,0.3151893615722656,0.1609325408935547,27744,52,1561,9,23,11,17,6.302833557128906,2.1991729736328125,0,1,0,0,0,1,52538,443,streaming
1458,-1,1458,-1,52,1,169,1,1458,-1,2864,-1,1458,-1,1458,-1,0.030994415283203125,0.1609325408935547,0.01621246337890625,0.09489059448242188,0.030040740966796875,0.031948089599609375,0.03600120544433594,33807,52,2864,8,24,9,19,2.7179718017578125,0.32210350036621094,0,1,0,0,0,1,52538,443,streaming
52,1,1561,-1,52,1,1561,-1,2864,-1,1458,-1,2864,-1,52,1,0.36406517028808594,0.5428791046142578,1.2030601501464844,0.03600120544433594,0.08106231689453125,0.04792213439941406,0.35190582275390625,33743,52,2864,10,22,11,19,45.09401321411133,21.13485336303711,0,1,0,0,0,1,52538,443,streaming
1458,-1,2516,-1,52,1,52,1,52,1,1177,-1,52,1,169,1,0.03504753112792969,0.3910064697265625,0.012874603271484375,40.891170501708984,0.27680397033691406,0.4031658172607422,0.6840229034423828,15860,52,2516,15,17,23,8,1650.007963180542,847.161054611206,0,1,0,0,0,1,52538,443,streaming
169,-1,52,1,169,-1,52,1,169,1,52,-1,169,1,52,-1,0.5109310150146484,0.34809112548828125,0.7350444793701172,42.929887771606445,0.3509521484375,0.5481243133544922,0.2980232238769531,23315,52,2864,14,18,22,10,2880.9149265289307,1524.209976196289,0,1,0,0,1,1,52538,443,streaming
169,1,52,1,52,1,52,1,1561,-1,1458,-1,2864,-1,1458,-1,0.16808509826660156,0.19407272338867188,0.00095367431640625,0.4978179931640625,0.17905235290527344,0.051975250244140625,0.050067901611328125,36116,52,2864,13,19,10,18,3.359079360961914,0.4978179931640625,0,1,0,0,1,1,52538,443,streaming
1458,-1,52,1,453,-1,52,1,169,1,1458,-1,1458,-1,258,-1,0.07700920104980469,0.04696846008300781,0.1380443572998047,0.13780593872070312,0.09417533874511719,0.06198883056640625,0.00095367431640625,27435,52,2864,13,19,14,14,10.828971862792969,2.4690628051757812,0,1,0,0,1,1,52538,443,streaming
1458,-1,464,-1,52,1,403,1,1458,-1,4270,-1,1458,-1,1458,-1,0.00095367431640625,0.2589225769042969,0.18906593322753906,0.22101402282714844,0.0629425048828125,0.06008148193359375,0.2028942108154297,43196,52,4270,10,22,6,17,4.616022109985352,0.43201446533203125,0,1,0,0,1,1,52538,443,streaming
637,1,2864,-1,1458,-1,670,-1,52,1,52,1,286,1,1458,-1,0.04315376281738281,0.052928924560546875,0.10514259338378906,0.12993812561035156,0.1590251922607422,0.1838207244873047,0.09012222290039062,37319,52,4270,13,19,7,15,4.647016525268555,0.4940032958984375,0,1,0,0,1,1,52538,443,streaming
52,1,361,-1,2864,-1,1458,-1,403,1,52,1,361,-1,1458,-1,0.2129077911376953,0.048160552978515625,0.033855438232421875,0.31304359436035156,0.010967254638671875,0.32901763916015625,0.052928924560546875,32296,52,4270,12,20,7,14,4.137992858886719,0.3581047058105469,0,1,0,0,0,1,52538,443,streaming
2864,1,4270,1,1458,1,1458,1,52,-1,4270,1,4270,1,2864,1,0.05602836608886719,0.054836273193359375,0.06008148193359375,0.00095367431640625,0.06198883056640625,0.06103515625,0.06198883056640625,51852,52,4270,23,9,9,22,2.5959014892578125,1.1239051818847656,0,1,0,0,0,1,443,52538,streaming
1458,1,1458,1,1458,1,1458,1,1458,1,1458,1,1458,1,2864,1,0.027894973754882812,0.027894973754882812,0.031232833862304688,0.034809112548828125,0.03218650817871094,0.03790855407714844,0.03886222839355469,57032,52,4270,28,4,4,27,1.458883285522461,0.2799034118652344,0,1,0,0,0,1,443,52538,streaming
2864,1,2864,1,52,-1,2864,1,2864,1,1458,1,294,1,1339,-1,0.049114227294921875,0.016927719116210938,0.03314018249511719,0.052928924560546875,0.05507469177246094,0.0019073486328125,0.15997886657714844,62521,52,4270,23,9,7,23,2.043008804321289,0.4200935363769531,0,1,0,0,0,1,443,52538,streaming
1458,1,2864,1,1458,1,1458,1,1458,1,2864,1,2864,1,2864,1,0.030040740966796875,0.03600120544433594,0.03910064697265625,0.39696693420410156,0.04291534423828125,0.041961669921875,0.047206878662109375,77586,52,4270,28,4,3,29,1.7380714416503906,0.39696693420410156,0,1,0,0,0,1,443,52538,streaming
2864,1,4270,1,1458,1,1458,1,4270,1,2864,1,2220,1,1458,1,0.06198883056640625,0.06103515625,0.0019073486328125,0.06008148193359375,0.06198883056640625,0.06198883056640625,0.0021457672119140625,79756,52,4270,29,3,3,29,1.558065414428711,0.10585784912109375,0,1,0,0,0,1,443,52538,streaming
169,-1,52,-1,52,-1,1458,1,52,-1,1458,1,52,-1,52,-1,0.0019073486328125,0.057220458984375,0.00095367431640625,0.0019073486328125,0.06008148193359375,0.07891654968261719,0.0021457672119140625,62239,52,4270,22,10,10,22,1.3439655303955078,0.07891654968261719,0,1,0,0,1,1,443,52538,streaming
1458,1,2864,1,2864,1,4270,1,1458,1,1458,1,1458,1,1458,1,0.052928924560546875,0.06198883056640625,0.06604194641113281,0.05602836608886719,0.0019073486328125,0.06198883056640625,0.0591278076171875,77467,52,7082,26,6,4,28,1.544952392578125,0.1900196075439453,0,1,0,0,0,1,443,52538,streaming
2864,1,1458,1,2864,1,2864,1,4270,1,2864,1,52,-1,984,1,0.06198883056640625,0.0021457672119140625,0.05984306335449219,0.06198883056640625,0.06103515625,0.5669593811035156,0.2491474151611328,67492,52,4270,30,2,2,29,4.210948944091797,1.3091564178466797,0,1,0,0,0,1,443,52538,streaming
1339,-1,52,-1,1458,1,4270,1,2864,1,4270,1,4270,1,1458,1,0.0019073486328125,0.102996826171875,0.06103515625,0.06198883056640625,0.06103515625,0.06413459777832031,0.05698204040527344,86600,52,4270,27,5,4,27,1.5139579772949219,0.102996826171875,0,1,0,0,1,1,443,52538,streaming
2864,1,4270,1,1458,1,1458,1,1458,1,1458,1,52,-1,1458,1,0.06079673767089844,0.06008148193359375,0.0050067901611328125,0.06604194641113281,0.12993812561035156,0.041961669921875,0.0209808349609375,68074,52,5676,26,6,6,26,1.3217926025390625,0.12993812561035156,0,1,0,0,0,1,443,52538,streaming
2864,1,4270,1,2864,1,52,-1,52,-1,52,-1,1458,1,433,1,0.064849853515625,0.06198883056640625,0.04410743713378906,0.0019073486328125,0.0011920928955078125,0.011920928955078125,0.0019073486328125,50035,52,4270,21,11,8,22,4.245996475219727,0.5700588226318359,0,1,0,0,0,1,443,52538,streaming
2864,1,52,-1,1458,1,2864,1,2864,1,4270,1,2864,1,3348,1,0.03600120544433594,0.02002716064453125,0.0019073486328125,0.05507469177246094,0.05984306335449219,0.06222724914550781,0.06079673767089844,72448,52,4270,30,2,2,30,3.8340091705322266,2.4089813232421875,0,1,0,0,0,1,443,52538,streaming
169,1,52,-1,169,-1,52,1,169,1,52,-1,681,1,52,-1,0.4329681396484375,3.6308765411376953,0.41103363037109375,0.4229545593261719,0.4031658172607422,0.4818439483642578,0.35500526428222656,11049,52,2864,14,18,23,3,121.43683433532715,41.5949821472168,0,1,0,0,1,1,52538,443,streaming
169,-1,52,1,169,1,52,-1,681,1,52,-1,169,-1,52,1,0.2741813659667969,0.476837158203125,0.18906593322753906,0.3590583801269531,0.2269744873046875,3.6759376525878906,0.39505958557128906,19691,52,4270,13,19,19,8,32.77015686035156,14.786958694458008,0,1,0,0,1,1,52538,443,streaming
169,1,52,-1,52,1,403,1,258,-1,52,-1,1458,-1,1458,-1,0.10991096496582031,0.1049041748046875,0.492095947265625,0.053882598876953125,0.14019012451171875,0.04792213439941406,0.0438690185546875,18481,52,1561,14,18,12,10,5.324840545654297,0.492095947265625,0,1,0,0,1,1,52538,443,streaming
52,-1,286,1,1561,-1,1458,-1,52,-1,169,1,155,-1,1458,-1,0.41604042053222656,0.1518726348876953,0.00095367431640625,0.051021575927734375,0.40411949157714844,0.2868175506591797,0.06914138793945312,24194,52,2864,11,21,10,13,5.262851715087891,0.43082237243652344,0,1,0,0,0,1,52538,443,streaming
1458,-1,286,1,1458,-1,4270,-1,1458,-1,52,1,670,-1,2864,-1,0.41484832763671875,0.07796287536621094,0.06318092346191406,0.05984306335449219,0.38504600524902344,0.06794929504394531,0.37407875061035156,43502,52,4270,10,22,5,17,3.9238929748535156,0.41484832763671875,0,1,0,0,0,1,52538,443,streaming
52,1,286,1,2864,-1,2864,-1,52,1,773,-1,403,1,1458,-1,0.17690658569335938,0.16117095947265625,0.04506111145019531,0.031948089599609375,0.015020370483398438,0.3650188446044922,0.13780593872070312,43062,52,4270,11,21,10,17,3.982067108154297,0.5660057067871094,0,1,0,0,0,1,52538,443,streaming
52,1,2864,-1,2864,-1,4270,-1,1458,-1,52,1,52,-1,52,1,0.05888938903808594,0.06103515625,0.06198883056640625,0.06103515625,0.032901763916015625,0.15115737915039062,0.04696846008300781,44649,52,4270,10,22,10,20,2.1119117736816406,0.2231597900390625,0,1,0,0,0,1,52538,443,streaming
1458,-1,1082,-1,52,1,52,1,2864,-1,52,1,1105,1,2864,-1,0.0019073486328125,0.14400482177734375,0.09298324584960938,0.22411346435546875,0.010967254638671875,0.031948089599609375,0.0171661376953125,52879,52,4270,10,22,7,20,2.4220943450927734,0.3681182861328125,0,1,0,0,1,1,52538,443,streaming
1458,-1,1458,-1,167,1,2864,-1,52,1,2864,-1,4270,-1,1458,-1,0.17499923706054688,0.04792213439941406,0.011920928955078125,0.05602836608886719,0.0050067901611328125,0.06103515625,0.06103515625,46326,52,4270,11,21,10,19,2.5789737701416016,0.5970001220703125,0,1,0,0,1,1,52538,443,streaming
4270,-1,4270,-1,2864,-1,4270,-1,2864,-1,4270,-1,4270,-1,2864,-1,0.06198883056640625,0.06103515625,0.06413459777832031,0.05984306335449219,0.06008148193359375,0.06198883056640625,0.06103515625,82340,52,4270,6,26,7,25,1.6031265258789062,0.1289844512939453,0,1,0,0,0,1,52538,443,streaming
52,1,4270,-1,1458,-1,2864,-1,2864,-1,2864,-1,2864,-1,2864,-1,0.052928924560546875,0.06103515625,0.00095367431640625,0.06103515625,0.06008148193359375,0.0629425048828125,0.06103515625,61080,52,4270,8,24,9,22,1.3370513916015625,0.06389617919921875,0,1,0,0,0,1,52538,443,streaming
1458,-1,1458,-1,1458,-1,1458,-1,1458,-1,2864,-1,1458,-1,1458,-1,0.025033950805664062,0.025033950805664062,0.03695487976074219,0.029087066650390625,0.030994415283203125,0.031948089599609375,0.03504753112792969,48385,52,4270,9,23,8,23,1.2021064758300781,0.0820159912109375,0,1,0,0,0,1,52538,443,streaming
1458,1,1458,1,1458,1,1458,1,52,-1,1458,1,1458,1,1458,1,0.025033950805664062,0.029087066650390625,0.032901763916015625,0.0591278076171875,0.07796287536621094,0.03695487976074219,0.030040740966796875,50548,52,4270,24,8,7,24,2.4900436401367188,0.5960464477539062,0,1,0,0,0,1,443,52538,streaming
2864,1,1458,1,2864,1,2864,1,1458,-1,1458,1,4270,1,2421,1,0.06198883056640625,0.00095367431640625,0.06008148193359375,0.06389617919921875,0.19097328186035156,0.06318092346191406,0.05888938903808594,57574,52,4270,25,7,5,27,1.4650821685791016,0.3190040588378906,0,1,0,0,0,1,443,52538,streaming
52,-1,1458,1,4270,1,1458,1,1458,1,2864,1,4270,1,1458,1,0.08988380432128906,0.05602836608886719,0.05507469177246094,0.00095367431640625,0.05888938903808594,0.06103515625,0.06198883056640625,57250,52,4270,26,6,6,25,1.447916030883789,0.3020763397216797,0,1,0,0,0,1,443,52538,streaming
1458,1,2864,1,2864,1,1458,1,2864,1,2864,1,2864,1,2864,1,0.03910064697265625,0.041961669921875,0.041961669921875,0.04601478576660156,0.04696846008300781,0.050067901611328125,0.050067901611328125,51562,52,4270,24,8,7,24,2.5670528411865234,0.4761219024658203,0,1,0,0,0,1,443,52538,streaming
2864,1,2864,1,2864,1,2864,1,2864,1,2864,1,2864,1,52,-1,0.04506111145019531,0.04696846008300781,0.04887580871582031,0.051021575927734375,0.051975250244140625,0.05817413330078125,0.05698204040527344,86508,52,4270,27,5,5,27,1.5311241149902344,0.07390975952148438,0,1,0,0,1,1,443,52538,streaming
1458,1,1458,1,4270,1,2864,1,4270,1,52,-1,169,-1,2864,1,0.00095367431640625,0.06008148193359375,0.06103515625,0.06389617919921875,0.028133392333984375,0.00095367431640625,0.031948089599609375,85461,52,4270,27,5,5,26,1.4090538024902344,0.06413459777832031,0,1,0,0,1,1,443,52538,streaming
4270,1,2864,1,1458,1,2864,1,2864,1,4270,1,2864,1,1458,1,0.06198883056640625,0.0629425048828125,0.00095367431640625,0.06008148193359375,0.06103515625,0.05984306335449219,0.06198883056640625,75593,52,4270,27,5,3,28,1.4498233795166016,0.09512901306152344,0,1,0,0,0,1,443,52538,streaming
1458,1,1458,1,52,-1,52,-1,752,1,52,-1,52,-1,52,-1,0.00095367431640625,0.031948089599609375,0.0011920928955078125,0.030994415283203125,0.007867813110351562,0.00095367431640625,0.14710426330566406,58108,52,4270,23,9,9,21,1.5079975128173828,0.14710426330566406,0,1,0,0,0,1,443,52538,streaming
1458,1,4270,1,1458,1,1458,1,4270,1,2864,1,1458,1,2864,1,0.05793571472167969,0.05793571472167969,0.00095367431640625,0.06318092346191406,0.06103515625,0.05984306335449219,0.00095367431640625,91648,1458,4270,32,0,0,32,1.703023910522461,0.10609626770019531,0,1,0,0,0,1,443,52538,streaming
4270,1,2864,1,4270,1,2864,1,52,-1,52,-1,1458,-1,1337,-1,0.06103515625,0.06198883056640625,0.06198883056640625,0.03695487976074219,0.010013580322265625,0.012874603271484375,0.012159347534179688,65681,52,4270,21,11,8,23,4.985809326171875,3.5321712493896484,0,1,0,0,0,1,443,52538,streaming
1458,1,1458,1,2864,1,2864,1,4270,1,1458,1,1454,-1,1458,1,0.00095367431640625,0.05316734313964844,0.05602836608886719,0.05698204040527344,0.05793571472167969,0.15807151794433594,0.18286705017089844,84614,52,4270,29,3,2,30,1.8169879913330078,0.18286705017089844,0,1,0,0,1,1,443,52538,streaming
1458,1,1458,1,1458,1,52,-1,1458,1,7082,1,7082,1,52,-1,0.06103515625,0.00095367431640625,0.1251697540283203,0.04601478576660156,0.06198883056640625,0.06198883056640625,0.11181831359863281,103715,52,8488,25,7,6,25,2.074003219604492,0.1850128173828125,0,1,0,0,0,1,443,52538,streaming
169,1,52,-1,169,-1,52,1,153,1,52,-1,537,1,52,-1,0.3609657287597656,34.35993194580078,0.4870891571044922,0.6039142608642578,0.3330707550048828,0.3840923309326172,0.34499168395996094,11402,52,2864,15,17,23,3,213.59896659851074,58.779001235961914,0,1,0,0,1,1,52538,443,streaming
153,1,52,-1,153,-1,52,1,169,1,52,-1,286,1,52,-1,0.3409385681152344,34.16109085083008,0.4608631134033203,650.6891250610352,0.2849102020263672,0.4749298095703125,0.26607513427734375,8938,52,1561,16,16,26,3,4529.654026031494,3757.622003555298,0,1,0,0,1,1,52538,443,streaming
52,1,52,-1,169,1,52,-1,169,1,52,-1,249,1,52,-1,0.10395050048828125,0.6930828094482422,0.1709461212158203,0.3829002380371094,0.308990478515625,1.1920928955078125,0.3159046173095703,12575,52,2864,15,17,22,5,122.9410171508789,109.91692543029785,0,1,0,0,0,1,52538,443,streaming
52,-1,403,1,52,-1,169,1,52,-1,1561,-1,1458,-1,1458,-1,0.6349086761474609,0.3910064697265625,0.43702125549316406,0.3509521484375,1.3811588287353516,0.009775161743164062,0.025033950805664062,29467,52,1561,8,24,10,18,5.465984344482422,1.3811588287353516,0,1,0,0,0,1,52538,443,streaming
52,1,1458,-1,169,1,52,1,567,-1,1458,-1,754,1,1458,-1,0.14090538024902344,0.17309188842773438,0.13709068298339844,0.2529621124267578,0.033855438232421875,0.3521442413330078,0.015020370483398438,37419,52,2864,10,22,8,19,4.440069198608398,1.2629032135009766,0,1,0,0,0,1,52538,443,streaming
191,-1,52,1,52,1,52,1,1458,-1,403,1,1458,-1,1458,-1,0.0059604644775390625,0.15783309936523438,0.12922286987304688,0.08177757263183594,0.0030994415283203125,0.016927719116210938,0.025033950805664062,37661,52,2864,10,22,8,20,2.640962600708008,0.4050731658935547,0,1,0,0,1,1,52538,443,streaming
2864,-1,979,-1,52,1,1458,-1,1458,-1,1458,-1,52,1,403,1,0.06079673767089844,0.0040531158447265625,0.05698204040527344,0.1220703125,0.05602836608886719,0.010967254638671875,0.11706352233886719,54814,52,4270,9,23,6,22,3.8030147552490234,0.7679462432861328,0,1,0,0,1,1,52538,443,streaming
2864,-1,1458,-1,4270,-1,1458,-1,518,1,52,1,52,1,1458,-1,0.080108642578125,0.05698204040527344,0.05602836608886719,0.18286705017089844,0.015974044799804688,0.10514259338378906,0.06198883056640625,61861,52,4270,9,23,7,22,2.412080764770508,0.2689361572265625,0,1,0,0,1,1,52538,443,streaming
1458,-1,4270,-1,2864,-1,4270,-1,2864,-1,1458,-1,2864,-1,2864,-1,0.05817413330078125,0.05888938903808594,0.06103515625,0.06103515625,0.06198883056640625,0.00095367431640625,0.05888938903808594,66151,52,4270,8,24,7,25,2.0661354064941406,0.3941059112548828,0,1,0,0,0,1,52538,443,streaming
1458,-1,1458,-1,4270,-1,2864,-1,1458,-1,2864,-1,2864,-1,4270,-1,0.0021457672119140625,0.05984306335449219,0.06103515625,0.06413459777832031,0.0019073486328125,0.05793571472167969,0.0629425048828125,78357,52,4270,4,28,3,28,1.3849735260009766,0.07009506225585938,0,1,0,0,1,1,52538,443,streaming
742,-1,52,1,169,1,52,1,1458,-1,2864,-1,2864,-1,1458,-1,0.00286102294921875,0.05602836608886719,0.33593177795410156,1.0721683502197266,0.051021575927734375,0.05888938903808594,0.07414817810058594,72938,52,4270,7,25,6,23,2.998828887939453,1.0721683502197266,0,1,0,0,1,1,52538,443,streaming
2864,-1,2864,-1,2864,-1,1458,-1,2864,-1,4270,-1,2864,-1,4270,-1,0.06103515625,0.06198883056640625,0.0019073486328125,0.0591278076171875,0.06198883056640625,0.06008148193359375,0.0629425048828125,68851,52,4270,6,26,5,25,1.2269020080566406,0.0629425048828125,0,1,0,0,0,1,52538,443,streaming
169,1,52,-1,169,-1,52,1,169,1,52,-1,681,1,52,-1,0.2930164337158203,3.7920475006103516,0.4799365997314453,0.49304962158203125,0.3418922424316406,0.3521442413330078,0.3960132598876953,10384,52,1561,16,16,24,4,35.247087478637695,14.316082000732422,0,1,0,0,1,1,52538,443,streaming
366,-1,169,1,52,1,52,-1,169,1,52,-1,169,1,52,-1,0.15306472778320312,0.30994415283203125,0.0040531158447265625,0.4839897155761719,0.3178119659423828,0.8270740509033203,0.3399848937988281,9439,52,2864,15,17,25,2,99.24197196960449,44.89588737487793,0,1,0,0,1,1,52538,443,streaming
169,-1,1458,-1,4270,-1,1458,-1,2864,-1,2864,-1,52,1,52,1,2.5129318237304688,0.06413459777832031,0.05888938903808594,0.06508827209472656,0.05793571472167969,0.22292137145996094,0.24008750915527344,35885,52,4270,10,22,14,15,8.523941040039062,2.5129318237304688,0,1,0,0,1,1,52538,443,streaming
1458,-1,979,-1,52,1,52,-1,1458,-1,1458,-1,1458,-1,1458,-1,0.06079673767089844,0.1552104949951172,0.015974044799804688,0.4329681396484375,0.051021575927734375,0.00095367431640625,0.051975250244140625,34540,52,5676,12,20,13,14,4.488945007324219,0.8361339569091797,0,1,0,0,0,1,52538,443,streaming
2864,-1,1458,-1,2864,-1,52,1,52,1,567,-1,169,1,52,-1,0.1239776611328125,0.04601478576660156,0.3190040588378906,0.14400482177734375,0.06389617919921875,0.26607513427734375,0.2129077911376953,35681,52,2864,10,22,11,17,4.153013229370117,0.4379749298095703,0,1,0,0,1,1,52538,443,streaming
4270,-1,1458,-1,1458,-1,1458,-1,1458,-1,1458,-1,1458,-1,637,1,0.0209808349609375,0.024080276489257812,0.051021575927734375,0.019788742065429688,0.05316734313964844,0.08106231689453125,0.06890296936035156,56963,52,4270,8,24,7,23,2.8829574584960938,0.720977783203125,0,1,0,0,0,1,52538,443,streaming
52,1,52,1,1288,-1,2864,-1,169,1,1458,-1,2864,-1,1458,-1,0.17118453979492188,0.1690387725830078,0.40078163146972656,0.225067138671875,0.05602836608886719,0.0629425048828125,0.00095367431640625,52147,52,4270,11,21,10,20,3.6830902099609375,0.5450248718261719,0,1,0,0,0,1,52538,443,streaming
2864,-1,520,1,52,1,4270,-1,88,-1,52,1,169,1,1458,-1,0.02193450927734375,0.051021575927734375,0.11205673217773438,0.24008750915527344,0.3018379211425781,0.09012222290039062,0.3829002380371094,69219,52,4270,7,25,6,24,10.834932327270508,5.838871002197266,0,1,0,0,1,1,52538,443,streaming
2864,-1,2864,-1,2864,-1,4270,-1,2864,-1,2864,-1,4270,-1,2864,-1,0.04410743713378906,0.05078315734863281,0.05412101745605469,0.05507469177246094,0.05888938903808594,0.0591278076171875,0.06198883056640625,72333,52,4270,7,25,7,25,1.650094985961914,0.19788742065429688,0,1,0,0,0,1,52538,443,streaming
167,1,52,-1,169,1,52,-1,1458,1,1561,-1,284,1,1458,-1,0.11801719665527344,1.0540485382080078,0.31685829162597656,0.11014938354492188,0.17690658569335938,0.07414817810058594,0.3190040588378906,30696,52,1561,9,23,10,20,3.15093994140625,1.0540485382080078,0,1,0,0,1,1,52538,443,streaming
286,1,52,1,52,-1,1561,-1,1458,-1,1458,-1,1458,-1,1458,-1,0.013113021850585938,0.45299530029296875,0.03600120544433594,0.015020370483398438,0.03409385681152344,0.027894973754882812,0.031948089599609375,48984,52,2864,5,27,4,26,1.8582344055175781,0.45299530029296875,0,1,0,0,1,1,52538,443,streaming
2864,-1,4270,-1,1458,-1,1458,-1,52,1,1458,-1,2864,-1,2864,-1,0.06103515625,0.06079673767089844,0.06103515625,0.1270771026611328,0.1049041748046875,0.06103515625,0.06103515625,63021,52,5676,9,23,8,23,1.8520355224609375,0.1468658447265625,0,1,0,0,1,1,52538,443,streaming
169,1,52,-1,169,-1,52,1,169,1,52,-1,681,1,52,-1,0.3039836883544922,3.7729740142822266,0.26798248291015625,0.5040168762207031,0.2560615539550781,0.5259513854980469,0.3399848937988281,10932,52,2864,14,18,24,3,40.92597961425781,13.86404037475586,0,1,0,0,1,1,52538,443,streaming
169,1,52,-1,169,-1,169,1,52,-1,681,1,52,-1,169,-1,0.34499168395996094,3.679037094116211,0.8578300476074219,0.3180503845214844,0.37598609924316406,0.3249645233154297,3.760099411010742,29068,52,2864,10,22,17,11,36.49282455444336,14.493942260742188,0,1,0,0,1,1,52538,443,streaming
169,1,52,1,52,-1,52,1,403,1,52,-1,403,1,52,-1,0.21696090698242188,0.033855438232421875,0.11301040649414062,0.23102760314941406,0.1361370086669922,0.33283233642578125,0.3230571746826172,30347,52,4270,12,20,12,15,6.313800811767578,2.637147903442383,0,1,0,0,1,1,52538,443,streaming
52,1,403,1,1458,-1,52,1,155,-1,520,1,1458,-1,1458,-1,0.19097328186035156,0.05793571472167969,0.03695487976074219,0.2741813659667969,0.2930164337158203,0.20384788513183594,0.028133392333984375,29743,52,1767,10,22,9,18,4.390954971313477,0.4820823669433594,0,1,0,0,0,1,52538,443,streaming
2864,-1,1458,-1,169,1,52,1,1082,-1,52,1,52,-1,1458,-1,0.031948089599609375,0.030040740966796875,0.14400482177734375,0.17595291137695312,0.01621246337890625,0.22482872009277344,0.03910064697265625,36135,52,2864,9,23,10,20,2.4509429931640625,0.35881996154785156,0,1,0,0,0,1,52538,443,streaming
2864,-1,876,-1,52,1,52,1,988,1,1561,-1,2864,-1,4270,-1,0.03314018249511719,0.010967254638671875,0.40602684020996094,0.0209808349609375,0.308990478515625,0.041961669921875,0.16808509826660156,49541,52,4270,12,20,10,16,3.545999526977539,0.40602684020996094,0,1,0,0,1,1,52538,443,streaming
1458,-1,52,1,169,1,1458,-1,2864,-1,1458,-1,1458,-1,2864,-1,0.1399517059326172,0.11420249938964844,0.1327991485595703,0.04506111145019531,0.04696846008300781,0.0011920928955078125,0.04982948303222656,55624,52,4270,9,23,8,23,1.928091049194336,0.23102760314941406,0,1,0,0,0,1,52538,443,streaming
1458,-1,1221,-1,52,1,52,1,1458,-1,4270,-1,1458,-1,52,1,0.00095367431640625,0.015020370483398438,0.22983551025390625,0.37217140197753906,0.06198883056640625,0.06103515625,0.064849853515625,51748,52,4270,10,22,9,20,2.608776092529297,0.4019737243652344,0,1,0,0,1,1,52538,443,streaming
2864,-1,2864,-1,2864,-1,2864,-1,1458,-1,2864,-1,2864,-1,2864,-1,0.04792213439941406,0.049114227294921875,0.04982948303222656,0.06198883056640625,0.05817413330078125,0.053882598876953125,0.0591278076171875,65279,52,4270,6,26,6,25,1.5668869018554688,0.19598007202148438,0,1,0,0,1,1,52538,443,streaming
3039,-1,52,1,52,1,52,1,169,1,1458,1,1458,1,1561,-1,0.0019073486328125,0.10800361633300781,0.21886825561523438,0.33211708068847656,1.071929931640625,0.23412704467773438,0.017881393432617188,68254,52,4270,9,23,7,25,3.343820571899414,1.071929931640625,0,1,0,0,1,1,52538,443,streaming
2864,-1,2864,-1,4270,-1,1458,-1,1458,-1,1458,-1,1458,-1,1458,-1,0.06008148193359375,0.0629425048828125,0.06008148193359375,0.06103515625,0.06198883056640625,0.00095367431640625,0.06008148193359375,44298,52,4270,8,24,7,24,2.9790401458740234,0.7469654083251953,0,1,0,0,0,1,52538,443,streaming
1458,-1,1220,1,52,1,52,1,1458,-1,4270,-1,1458,-1,1458,-1,0.08416175842285156,0.29778480529785156,0.025033950805664062,0.4730224609375,0.05698204040527344,0.05602836608886719,0.00095367431640625,78926,52,4270,7,25,5,25,2.2139549255371094,0.4730224609375,0,1,0,0,1,1,52538,443,streaming
169,1,52,-1,169,-1,52,1,169,1,52,-1,681,1,52,-1,0.47707557678222656,3.6590099334716797,0.5729198455810547,0.8680820465087891,45.736074447631836,0.4858970642089844,0.25010108947753906,10815,52,2864,16,16,25,3,83.44602584838867,45.736074447631836,0,1,0,0,1,1,52538,443,streaming
169,1,52,-1,169,-1,52,1,169,1,52,-1,169,-1,52,1,0.2319812774658203,3.7529468536376953,0.6511211395263672,24.42789077758789,0.3180503845214844,3.7240982055664062,0.4107952117919922,17444,52,4270,13,19,22,6,65.67692756652832,24.42789077758789,0,1,0,0,1,1,52538,443,streaming
4270,-1,52,1,52,1,147,-1,2864,-1,1458,-1,52,1,1458,-1,0.38313865661621094,0.13589859008789062,0.025987625122070312,0.06103515625,0.04887580871582031,0.05602836608886719,0.22602081298828125,36052,52,4270,13,19,12,15,7.707118988037109,3.2739639282226562,0,1,0,0,1,1,52538,443,streaming
1458,-1,4270,-1,1458,-1,754,1,52,1,567,-1,1458,-1,1458,-1,0.05888938903808594,0.05602836608886719,0.16307830810546875,0.24700164794921875,0.1838207244873047,0.05698204040527344,0.05602836608886719,39134,52,4270,9,23,5,19,4.778861999511719,0.7281303405761719,0,1,0,0,0,1,52538,443,streaming
286,1,1458,-1,2864,-1,2864,-1,52,1,1458,-1,1288,-1,52,1,0.01811981201171875,0.052928924560546875,0.05507469177246094,0.051975250244140625,0.12087821960449219,0.06318092346191406,0.018835067749023438,52467,52,4270,8,24,4,23,3.679037094116211,0.6990432739257812,0,1,0,0,1,1,52538,443,streaming
1458,-1,2864,-1,403,1,52,1,1458,-1,52,1,88,-1,52,1,0.0591278076171875,0.0438690185546875,0.0011920928955078125,0.015020370483398438,0.18286705017089844,0.1220703125,0.015020370483398438,50242,52,4270,8,24,7,23,3.1599998474121094,0.7140636444091797,0,1,0,0,0,1,52538,443,streaming
1458,-1,1458,-1,4270,-1,52,1,403,1,52,1,1458,-1,4270,-1,0.00095367431640625,0.06198883056640625,0.07104873657226562,0.010967254638671875,0.00095367431640625,0.2410411834716797,0.0629425048828125,61381,52,4270,8,24,7,22,2.6018619537353516,0.6220340728759766,0,1,0,0,1,1,52538,443,streaming
2864,-1,169,1,1458,-1,1458,1,2864,-1,52,1,1458,-1,1458,-1,0.025033950805664062,0.15807151794433594,0.010967254638671875,0.04887580871582031,0.03695487976074219,0.024080276489257812,0.11301040649414062,61056,52,4270,8,24,7,24,2.1228790283203125,0.2491474151611328,0,1,0,0,1,1,52538,443,streaming
4270,-1,2864,-1,1458,-1,871,1,1458,-1,2864,-1,2864,-1,2864,-1,0.05984306335449219,0.06103515625,0.04100799560546875,0.032901763916015625,0.06103515625,0.06103515625,0.06198883056640625,59968,52,4270,9,23,6,22,3.289937973022461,1.001119613647461,0,1,0,0,0,1,52538,443,streaming
52,1,1458,-1,1458,-1,4270,-1,2864,-1,4270,-1,2864,-1,2864,-1,0.010013580322265625,0.00095367431640625,0.06103515625,0.06103515625,0.0629425048828125,0.05984306335449219,0.06103515625,86544,52,4270,5,27,5,27,1.6019344329833984,0.1289844512939453,0,1,0,0,0,1,52538,443,streaming
1458,-1,1458,-1,52,1,2864,-1,4270,-1,52,1,4270,-1,1458,-1,0.12683868408203125,0.029087066650390625,0.029087066650390625,0.06389617919921875,0.01811981201171875,0.0438690185546875,0.06103515625,61832,52,4270,7,25,7,24,2.9158592224121094,1.093149185180664,0,1,0,0,1,1,52538,443,streaming
2864,-1,4270,-1,1458,-1,1339,1,1458,-1,2864,-1,52,1,52,1,0.06508827209472656,0.0591278076171875,0.11086463928222656,0.013113021850585938,0.1888275146484375,0.010013580322265625,0.025033950805664062,77469,52,4270,6,26,5,27,1.6641616821289062,0.1888275146484375,0,1,0,0,0,1,52538,443,streaming
169,1,52,-1,169,-1,52,1,681,-1,52,1,169,1,52,-1,0.5419254302978516,0.43702125549316406,45.591115951538086,0.44798851013183594,0.3268718719482422,3.854036331176758,0.5090236663818359,10698,52,2864,16,16,24,3,84.68890190124512,45.591115951538086,0,1,0,0,1,1,443,52538,streaming
169,-1,52,1,169,1,52,-1,169,-1,52,1,681,-1,52,1,0.35881996154785156,3.74603271484375,0.3590583801269531,0.5710124969482422,44.342994689941406,0.5340576171875,0.3368854522705078,25741,52,2959,21,11,18,10,81.62093162536621,44.342994689941406,0,1,0,0,1,1,443,52538,streaming
169,-1,1458,1,1458,1,52,-1,52,1,52,-1,567,1,754,-1,0.17118453979492188,0.05698204040527344,0.08797645568847656,0.19097328186035156,0.09298324584960938,0.2238750457763672,0.17213821411132812,34270,52,4270,21,11,14,14,6.842136383056641,1.6071796417236328,0,1,0,0,1,1,443,52538,streaming
52,-1,52,-1,1082,1,1458,1,1458,1,1458,1,4270,1,1458,1,0.3790855407714844,0.1709461212158203,0.16117095947265625,0.054836273193359375,0.17499923706054688,0.06413459777832031,0.05888938903808594,29484,52,4270,22,10,12,15,5.014181137084961,0.4830360412597656,0,1,0,0,0,1,443,52538,streaming
1458,1,1458,1,1458,1,169,-1,52,-1,52,-1,52,-1,1458,1,0.026941299438476562,0.027894973754882812,0.18095970153808594,0.014066696166992188,0.19502639770507812,0.010013580322265625,0.13589859008789062,44833,52,4270,21,11,9,20,3.4618377685546875,0.43702125549316406,0,1,0,0,0,1,443,52538,streaming
2900,1,52,-1,754,-1,52,-1,52,1,1561,1,1458,1,1458,1,0.017881393432617188,0.26607513427734375,0.09489059448242188,0.3361701965332031,0.05984306335449219,0.00095367431640625,0.05221366882324219,41208,52,2900,22,10,8,20,2.619028091430664,0.3361701965332031,0,1,0,0,1,1,443,52538,streaming
52,-1,637,-1,52,1,286,-1,1561,1,1458,1,1458,1,1458,1,0.03409385681152344,0.2548694610595703,0.3781318664550781,0.04506111145019531,0.018835067749023438,0.031948089599609375,0.024080276489257812,54555,52,4270,25,7,7,23,2.335071563720703,0.3781318664550781,0,1,0,0,0,1,443,52538,streaming
52,-1,912,1,52,-1,988,-1,52,-1,52,-1,1458,1,1458,1,0.05817413330078125,0.09489059448242188,0.03910064697265625,0.00095367431640625,0.11706352233886719,0.06985664367675781,0.05507469177246094,49496,52,4270,20,12,10,19,2.415180206298828,0.30612945556640625,0,1,0,0,0,1,443,52538,streaming
1458,1,167,-1,912,1,2864,1,2864,1,2864,1,2864,1,1458,1,0.26297569274902344,0.1010894775390625,0.06198883056640625,0.051021575927734375,0.053882598876953125,0.05412101745605469,0.05698204040527344,53739,52,4270,24,8,9,21,1.9969940185546875,0.26297569274902344,0,1,0,0,1,1,443,52538,streaming
2864,1,1458,1,2864,1,2864,1,2864,1,2864,1,2864,1,1458,1,0.00095367431640625,0.05602836608886719,0.05888938903808594,0.06318092346191406,0.05984306335449219,0.06198883056640625,0.06103515625,55780,52,3930,24,8,8,23,2.5739669799804688,0.35190582275390625,0,1,0,0,1,1,443,52538,streaming
1458,1,1458,1,1458,1,1458,1,1458,1,1458,1,1458,1,1458,1,0.024080276489257812,0.025033950805664062,0.024080276489257812,0.0247955322265625,0.027179718017578125,0.027894973754882812,0.030994415283203125,61317,52,4270,27,5,4,28,1.6880035400390625,0.4420280456542969,0,1,0,0,0,1,443,52538,streaming
2864,1,4270,1,1458,1,1458,1,4270,1,2864,1,2864,1,167,-1,0.06198883056640625,0.06198883056640625,0.00095367431640625,0.06103515625,0.06008148193359375,0.06198883056640625,0.008106231689453125,60717,52,4270,24,8,8,22,2.086162567138672,0.47588348388671875,0,1,0,0,0,1,443,52538,streaming
169,1,52,-1,169,-1,52,1,169,1,52,-1,681,1,52,-1,0.2579689025878906,3.721952438354492,0.5099773406982422,0.5970001220703125,42.18006134033203,0.7009506225585938,0.29206275939941406,14047,52,1561,14,18,21,6,136.57307624816895,63.272953033447266,0,1,0,0,1,1,52538,443,streaming
52,-1,169,-1,1458,-1,1458,-1,1458,-1,1458,-1,1458,-1,1458,-1,3.7560462951660156,3.125905990600586,0.02002716064453125,0.02193450927734375,0.025033950805664062,0.027179718017578125,0.027894973754882812,33382,52,4270,7,25,10,18,13.427972793579102,3.7560462951660156,0,1,0,0,0,1,52538,443,streaming
1458,-1,1458,-1,169,1,52,1,52,1,567,-1,1458,-1,2864,-1,0.030994415283203125,0.019788742065429688,0.38504600524902344,0.0171661376953125,0.17189979553222656,0.03695487976074219,0.03600120544433594,35431,52,2864,11,21,8,18,3.268003463745117,0.38504600524902344,0,1,0,0,0,1,52538,443,streaming
155,-1,520,1,52,-1,169,1,52,-1,1561,-1,1458,-1,1458,-1,0.4591941833496094,0.24390220642089844,0.3979206085205078,0.3249645233154297,0.8101463317871094,0.009059906005859375,0.026941299438476562,33643,52,2864,6,26,9,20,4.036188125610352,0.8101463317871094,0,1,0,0,1,1,52538,443,streaming
2864,-1,403,1,52,1,52,1,773,-1,52,1,1458,-1,2864,-1,0.08392333984375,0.011920928955078125,0.015020370483398438,0.31495094299316406,0.025987625122070312,0.3941059112548828,0.03695487976074219,41654,52,2864,11,21,7,18,3.1909942626953125,0.3941059112548828,0,1,0,0,1,1,52538,443,streaming
52,1,876,-1,4270,-1,1458,-1,4270,-1,2864,-1,286,1,52,1,0.2570152282714844,0.05817413330078125,0.04982948303222656,0.05507469177246094,0.05412101745605469,0.17976760864257812,0.2040863037109375,54491,52,4270,9,23,6,19,3.7031173706054688,0.5679130554199219,0,1,0,0,0,1,52538,443,streaming
2864,-1,1458,-1,4270,-1,1458,-1,1458,-1,4270,-1,2864,-1,1458,-1,0.10204315185546875,0.0629425048828125,0.06008148193359375,0.00095367431640625,0.06103515625,0.06103515625,0.06079673767089844,63425,52,4270,6,26,5,24,2.157926559448242,0.26416778564453125,0,1,0,0,1,1,52538,443,streaming
2864,-1,4270,-1,1458,-1,52,1,52,1,1458,-1,4270,-1,1458,-1,0.06198883056640625,0.06008148193359375,0.186920166015625,0.010967254638671875,0.3120899200439453,0.0629425048828125,0.05888938903808594,59416,52,4270,10,22,9,22,2.527952194213867,0.3120899200439453,0,1,0,0,0,1,52538,443,streaming
1288,-1,4270,-1,1458,-1,1458,-1,4270,-1,2864,-1,4270,-1,2864,-1,0.06103515625,0.0591278076171875,0.00095367431640625,0.06103515625,0.06079673767089844,0.06198883056640625,0.06103515625,53552,52,4270,6,26,7,25,2.418041229248047,0.5657672882080078,0,1,0,0,1,1,52538,443,streaming
1458,-1,169,1,809,-1,52,1,52,1,1458,1,1561,-1,2864,-1,0.049114227294921875,0.0,0.4119873046875,0.07891654968261719,1.1310577392578125,0.23508071899414062,0.04792213439941406,61232,52,4270,8,24,6,24,4.72712516784668,1.1310577392578125,0,1,0,0,1,1,52538,443,streaming
1458,-1,4270,-1,2864,-1,4270,-1,1458,-1,1458,-1,4270,-1,4270,-1,0.06198883056640625,0.06008148193359375,0.0629425048828125,0.06008148193359375,0.00095367431640625,0.06103515625,0.0629425048828125,93338,52,5676,4,28,3,29,1.5790462493896484,0.064849853515625,0,1,0,0,0,1,52538,443,streaming
2864,-1,1458,-1,1458,-1,4270,-1,52,1,2864,-1,3760,-1,4270,-1,0.06198883056640625,0.0011920928955078125,0.05984306335449219,0.025033950805664062,0.03600120544433594,0.06198883056640625,0.06198883056640625,75672,52,4270,5,27,5,27,1.566171646118164,0.1990795135498047,0,1,0,0,0,1,52538,443,streaming
169,1,169,-1,52,1,169,1,52,-1,681,1,52,-1,169,-1,4.018068313598633,0.4849433898925781,0.8111000061035156,40.580034255981445,0.6229877471923828,0.3268718719482422,3.7360191345214844,10698,52,1561,16,16,23,4,76.67207717895508,40.580034255981445,0,1,0,0,1,1,52538,443,streaming
169,1,52,-1,169,1,52,-1,169,1,52,-1,169,-1,169,1,0.33783912658691406,0.4839897155761719,0.3380775451660156,0.6079673767089844,0.21910667419433594,3.6439895629882812,23.810863494873047,14866,52,2864,11,21,22,6,111.2678050994873,44.857025146484375,0,1,0,0,1,1,52538,443,streaming
1458,-1,1458,-1,1458,-1,1458,-1,1458,-1,52,1,52,1,52,1,0.024080276489257812,0.025033950805664062,0.026941299438476562,0.027894973754882812,0.3371238708496094,0.16498565673828125,0.012874603271484375,30261,52,2864,10,22,12,18,5.943059921264648,2.0389556884765625,0,1,0,0,1,1,52538,443,streaming
876,-1,169,1,52,1,1458,-1,2864,-1,1458,-1,1458,-1,567,-1,0.1590251922607422,0.2319812774658203,0.1480579376220703,0.03314018249511719,0.033855438232421875,0.03814697265625,0.00095367431640625,33239,52,2864,11,21,8,16,5.143165588378906,0.5328655242919922,0,1,0,0,1,1,52538,443,streaming
1561,-1,1458,-1,1458,-1,4270,-1,1458,-1,1458,-1,1458,-1,1458,-1,0.028133392333984375,0.026941299438476562,0.33092498779296875,0.03814697265625,0.041961669921875,0.03600120544433594,0.0019073486328125,48892,52,4270,8,24,7,22,3.1571388244628906,0.6830692291259766,0,1,0,0,1,1,52538,443,streaming
2864,-1,520,1,4270,-1,1458,-1,1458,-1,52,1,1458,-1,52,1,0.09322166442871094,0.027894973754882812,0.06103515625,0.00095367431640625,0.05507469177246094,0.0050067901611328125,0.18286705017089844,40089,52,4270,10,22,9,18,3.7841796875,0.5538463592529297,0,1,0,0,1,1,52538,443,streaming
52,1,2864,-1,1458,-1,1458,-1,52,1,169,1,1082,-1,2864,-1,0.20623207092285156,0.04076957702636719,0.03600120544433594,0.01621246337890625,0.2338886260986328,0.0400543212890625,0.0438690185546875,46188,52,2864,9,23,10,19,1.9161701202392578,0.2338886260986328,0,1,0,0,0,1,52538,443,streaming
2864,-1,1458,-1,2864,-1,2864,-1,2864,-1,1458,-1,1458,-1,169,1,0.04601478576660156,0.053882598876953125,0.051975250244140625,0.05507469177246094,0.05602836608886719,0.06198883056640625,0.1399517059326172,58175,52,2864,8,24,6,24,2.479076385498047,0.2601146697998047,0,1,0,0,0,1,52538,443,streaming
2864,-1,2864,-1,1458,-1,1458,-1,520,1,52,1,52,1,52,1,0.06008148193359375,0.06103515625,0.00095367431640625,0.06103515625,0.00095367431640625,0.308990478515625,0.023126602172851562,45253,52,4270,12,20,10,18,2.596139907836914,0.39386749267578125,0,1,0,0,0,1,52538,443,streaming
2864,-1,1458,-1,2864,-1,1458,-1,1458,-1,2864,-1,1458,-1,2864,-1,0.05817413330078125,0.00095367431640625,0.05888938903808594,0.00095367431640625,0.06008148193359375,0.00095367431640625,0.06008148193359375,61387,52,4270,7,25,6,25,1.89208984375,0.2739429473876953,0,1,0,0,0,1,52538,443,streaming
4270,-1,2864,-1,169,1,1458,-1,52,1,809,-1,4270,-1,1458,-1,0.06103515625,0.051975250244140625,0.009059906005859375,0.15687942504882812,0.025987625122070312,0.06413459777832031,0.04696846008300781,71432,52,4270,5,27,5,26,1.4309883117675781,0.15687942504882812,0,1,0,0,0,1,52538,443,streaming
4270,-1,2864,-1,469,-1,4270,-1,1458,-1,2864,-1,1456,1,52,1,0.06413459777832031,0.00095367431640625,0.05888938903808594,0.05412101745605469,0.06103515625,0.0858306884765625,0.00095367431640625,70839,52,4270,8,24,7,24,1.4069080352783203,0.0858306884765625,0,1,0,0,0,1,52538,443,streaming
169,1,52,-1,169,-1,52,1,169,1,52,-1,681,1,52,-1,0.4239082336425781,3.662109375,0.5829334259033203,0.6220340728759766,44.24786567687988,0.5860328674316406,0.3590583801269531,10815,52,2864,16,16,24,3,81.43997192382812,44.24786567687988,0,1,0,0,1,1,52538,443,streaming
52,-1,169,1,52,-1,169,-1,169,1,52,-1,169,-1,169,1,0.8869171142578125,0.21600723266601562,3.7369728088378906,32.62901306152344,0.24199485778808594,3.7441253662109375,1.1360645294189453,18850,52,2864,9,23,19,9,78.0339241027832,32.62901306152344,0,1,0,0,0,1,52538,443,streaming
2864,-1,52,1,1458,-1,2864,-1,1458,-1,2068,-1,169,1,52,1,0.5490779876708984,0.21886825561523438,0.03504753112792969,0.03504753112792969,0.0400543212890625,0.3039836883544922,0.3440380096435547,43447,52,2864,11,21,9,19,12.217044830322266,3.6590099334716797,0,1,0,0,1,1,52538,443,streaming
1458,-1,2385,-1,52,1,520,1,1561,-1,2864,-1,2864,-1,2864,-1,0.06198883056640625,0.37288665771484375,0.17213821411132812,0.33593177795410156,0.05888938903808594,0.051021575927734375,0.049114227294921875,49435,52,4270,10,22,7,21,5.2700042724609375,0.5970001220703125,0,1,0,0,0,1,52538,443,streaming
1185,-1,52,1,52,1,2864,-1,637,1,2864,-1,1458,-1,1458,-1,0.23102760314941406,0.012159347534179688,0.13899803161621094,0.017881393432617188,0.041961669921875,0.06103515625,0.00095367431640625,44532,52,4270,12,20,9,16,3.328084945678711,0.3600120544433594,0,1,0,0,1,1,52538,443,streaming
1458,-1,2864,-1,1458,-1,754,1,52,1,52,1,876,-1,1458,-1,0.00095367431640625,0.05817413330078125,0.0050067901611328125,0.27489662170410156,0.07295608520507812,0.052928924560546875,0.2651214599609375,51660,52,4270,8,24,5,22,2.7930736541748047,0.4551410675048828,0,1,0,0,1,1,52538,443,streaming
520,1,52,1,979,-1,4270,-1,1458,-1,1458,-1,2864,-1,4270,-1,0.012159347534179688,0.28395652770996094,0.06103515625,0.051975250244140625,0.00095367431640625,0.05507469177246094,0.05888938903808594,59828,52,4270,7,25,6,22,2.5970935821533203,0.48089027404785156,0,1,0,0,1,1,52538,443,streaming
2864,-1,1458,-1,1458,-1,1458,-1,1458,-1,2864,-1,52,1,52,1,0.025033950805664062,0.2589225769042969,0.028133392333984375,0.029087066650390625,0.030994415283203125,0.0247955322265625,0.012159347534179688,60390,52,4270,6,26,5,26,1.683950424194336,0.2589225769042969,0,1,0,0,0,1,52538,443,streaming
2864,-1,52,1,52,1,518,1,1458,-1,52,1,500,-1,2864,-1,0.03314018249511719,0.00095367431640625,0.010013580322265625,0.015974044799804688,0.1690387725830078,0.09894371032714844,0.05793571472167969,47436,52,4270,11,21,10,20,1.9850730895996094,0.25391578674316406,0,1,0,0,0,1,52538,443,streaming
4270,-1,2864,-1,4270,-1,1458,-1,52,1,169,1,52,1,1082,-1,0.05888938903808594,0.06413459777832031,0.05793571472167969,0.2830028533935547,0.014066696166992188,0.247955322265625,0.13303756713867188,71116,52,4270,6,26,4,26,2.526998519897461,0.44989585876464844,0,1,0,0,0,1,52538,443,streaming
2864,-1,52,1,1458,-1,2864,-1,4270,-1,2864,-1,4270,-1,52,1,0.028848648071289062,0.03314018249511719,0.0019073486328125,0.06198883056640625,0.05793571472167969,0.06103515625,0.041961669921875,67940,52,4270,6,26,6,24,1.6667842864990234,0.21719932556152344,0,1,0,0,0,1,52538,443,streaming
4270,-1,2864,-1,4270,-1,1458,-1,1458,-1,52,1,4270,-1,1458,-1,0.06103515625,0.06604194641113281,0.05888938903808594,0.0021457672119140625,0.017881393432617188,0.04601478576660156,0.05817413330078125,54220,52,4270,9,23,9,22,1.940011978149414,0.31304359436035156,0,1,0,0,0,1,52538,443,streaming
169,1,169,-1,52,1,169,1,52,-1,681,1,52,-1,169,-1,4.143953323364258,0.6210803985595703,0.4868507385253906,45.48311233520508,0.5178451538085938,0.34999847412109375,3.7419795989990234,10815,52,2864,17,15,24,3,80.08885383605957,45.48311233520508,0,1,0,0,1,1,52538,443,streaming
52,-1,169,1,52,-1,169,-1,52,1,169,1,169,-1,169,1,0.4038810729980469,0.3020763397216797,3.6919116973876953,0.4279613494873047,11.731147766113281,4.133939743041992,1.0349750518798828,21662,52,4270,11,21,20,8,101.75585746765137,48.464059829711914,0,1,0,0,0,1,52538,443,streaming
52,1,4270,-1,3474,-1,52,1,169,1,52,-1,286,1,52,-1,0.3237724304199219,0.0591278076171875,0.3800392150878906,0.2980232238769531,0.14495849609375,0.3058910369873047,0.3101825714111328,31717,52,4270,10,22,11,16,6.902933120727539,2.6140213012695312,0,1,0,0,0,1,52538,443,streaming
52,1,1458,-1,1458,-1,1458,-1,1458,-1,1458,-1,567,-1,52,1,0.22292137145996094,0.0209808349609375,0.023126602172851562,0.025987625122070312,0.029087066650390625,0.05888938903808594,0.4019737243652344,25118,52,1561,10,22,14,15,4.380941390991211,0.4019737243652344,0,1,0,0,0,1,52538,443,streaming
1458,-1,1458,-1,1458,-1,1458,-1,1458,-1,52,1,52,1,52,1,0.022172927856445312,0.23102760314941406,0.013828277587890625,0.02002716064453125,0.15997886657714844,0.11801719665527344,0.12302398681640625,33189,52,2864,9,23,10,20,2.329111099243164,0.36907196044921875,0,1,0,0,0,1,52538,443,streaming
1458,-1,1458,-1,754,1,52,1,1458,-1,1458,-1,2864,-1,52,1,0.3261566162109375,0.0040531158447265625,0.008821487426757812,0.015974044799804688,0.028133392333984375,0.031948089599609375,0.02193450927734375,38975,52,2864,8,24,7,22,2.9900074005126953,0.6589889526367188,0,1,0,0,1,1,52538,443,streaming
403,1,52,1,876,-1,1458,-1,2864,-1,1458,-1,1458,-1,2864,-1,0.28014183044433594,0.15687942504882812,0.0591278076171875,0.03600120544433594,0.04696846008300781,0.00095367431640625,0.04792213439941406,43062,52,2864,9,23,7,21,2.2771358489990234,0.28014183044433594,0,1,0,0,1,1,52538,443,streaming
1458,-1,1458,-1,52,1,1597,-1,2864,-1,1458,-1,1458,-1,1458,-1,0.04506111145019531,0.10991096496582031,0.17213821411132812,0.04887580871582031,0.049114227294921875,0.051975250244140625,0.00095367431640625,50429,52,2864,7,25,5,24,2.3081302642822266,0.35309791564941406,0,1,0,0,0,1,52538,443,streaming
52,1,52,1,809,-1,2864,-1,2864,-1,2864,-1,2864,-1,2864,-1,0.3399848937988281,0.05888938903808594,0.06699562072753906,0.04696846008300781,0.051021575927734375,0.05316734313964844,0.05602836608886719,61215,52,4270,8,24,6,24,2.3119449615478516,0.4620552062988281,0,1,0,0,0,1,52538,443,streaming
52,1,52,1,706,-1,4270,-1,1458,-1,1458,-1,2864,-1,2864,-1,0.03218650817871094,0.28395652770996094,0.06198883056640625,0.04506111145019531,0.00095367431640625,0.04601478576660156,0.04982948303222656,49343,52,4270,11,21,9,20,2.660989761352539,0.4889965057373047,0,1,0,0,0,1,52538,443,streaming
1458,-1,4270,-1,1458,-1,1458,-1,4270,-1,2864,-1,1458,-1,1458,1,0.06103515625,0.06008148193359375,0.00095367431640625,0.06103515625,0.06079673767089844,0.06222724914550781,0.04792213439941406,83526,52,4270,6,26,5,27,1.6880035400390625,0.1239776611328125,0,1,0,0,0,1,52538,443,streaming
4270,-1,2864,-1,4270,-1,2864,-1,4270,-1,1458,-1,1458,-1,1458,-1,0.06008148193359375,0.0629425048828125,0.06103515625,0.06103515625,0.06103515625,0.00095367431640625,0.06103515625,65166,52,4270,9,23,9,23,1.6641616821289062,0.1900196075439453,0,1,0,0,0,1,52538,443,streaming
183,1,183,-1,52,1,167,1,52,-1,679,1,52,-1,167,-1,4.036188125610352,0.6380081176757812,0.6358623504638672,41.28313064575195,0.6089210510253906,0.2219676971435547,3.7851333618164062,10889,52,1575,16,16,23,4,77.76808738708496,41.28313064575195,0,1,0,0,1,1,47774,1194,streaming
52,-1,167,1,52,-1,167,-1,183,1,52,-1,183,-1,167,1,0.5419254302978516,0.17189979553222656,3.751039505004883,11.605024337768555,0.24700164794921875,3.7539005279541016,1.3720989227294922,17508,52,1458,9,23,19,9,99.43389892578125,47.06311225891113,0,1,0,0,0,1,47774,1194,streaming
1458,-1,1458,-1,52,1,52,1,1458,-1,2864,-1,1458,-1,624,-1,0.026941299438476562,0.4379749298095703,0.2079010009765625,0.13113021850585938,0.030040740966796875,0.030994415283203125,0.033855438232421875,26469,52,2864,11,21,12,15,7.04193115234375,1.2891292572021484,0,1,0,0,0,1,47774,1194,streaming
2864,-1,1458,-1,2864,-1,2628,-1,1458,-1,1458,-1,1458,-1,282,1,0.03600120544433594,0.0400543212890625,0.04100799560546875,0.18095970153808594,0.15592575073242188,0.049114227294921875,0.07677078247070312,34087,52,2864,10,22,11,16,4.669904708862305,0.4849433898925781,0,1,0,0,1,1,47774,1194,streaming
1575,-1,1458,-1,1458,-1,1458,-1,1458,-1,1458,-1,1458,-1,52,1,0.1919269561767578,0.014066696166992188,0.0209808349609375,0.025033950805664062,0.02384185791015625,0.09512901306152344,0.10204315185546875,36564,52,2864,8,24,8,21,2.8228759765625,0.6189346313476562,0,1,0,0,1,1,47774,1194,streaming
52,1,52,-1,871,-1,1458,-1,52,1,1458,-1,1458,-1,1458,-1,0.09989738464355469,0.09202957153320312,0.024080276489257812,0.04100799560546875,0.026941299438476562,0.015974044799804688,0.02002716064453125,33280,52,2864,9,23,10,19,1.9910335540771484,0.23508071899414062,0,1,0,0,0,1,47774,1194,streaming
1458,-1,1458,-1,1458,-1,1458,-1,1432,1,52,1,52,1,52,1,0.02193450927734375,0.03600120544433594,0.05507469177246094,0.24080276489257812,0.0011920928955078125,0.186920166015625,0.2570152282714844,46616,52,4270,9,23,7,23,2.610921859741211,0.3590583801269531,0,1,0,0,0,1,47774,1194,streaming
1458,-1,284,-1,627,1,52,1,52,1,52,-1,972,1,1458,-1,0.09489059448242188,0.06413459777832031,0.08893013000488281,0.15091896057128906,0.23603439331054688,0.4000663757324219,0.06508827209472656,37704,52,2864,8,24,6,22,2.7298927307128906,0.4000663757324219,0,1,0,0,0,1,47774,1194,streaming
2864,-1,2864,-1,1458,-1,52,1,2864,-1,2864,-1,2864,-1,52,1,0.054836273193359375,0.05817413330078125,0.00095367431640625,0.05888938903808594,0.06008148193359375,0.06198883056640625,0.04696846008300781,51451,52,4270,9,23,10,22,1.744985580444336,0.22602081298828125,0,1,0,0,1,1,47774,1194,streaming
1458,-1,1458,-1,4270,-1,52,1,52,1,1458,-1,4270,-1,2864,-1,0.08177757263183594,0.0591278076171875,0.025987625122070312,0.26488304138183594,0.0782012939453125,0.06389617919921875,0.06008148193359375,56559,52,4270,10,22,8,22,2.016782760620117,0.26488304138183594,0,1,0,0,0,1,47774,1194,streaming
1458,-1,4270,-1,2864,-1,2864,-1,2864,-1,52,1,1458,-1,1458,-1,0.05698204040527344,0.05793571472167969,0.0591278076171875,0.06198883056640625,0.003814697265625,0.20599365234375,0.06222724914550781,60359,52,4270,7,25,7,25,1.5189647674560547,0.2830028533935547,0,1,0,0,0,1,47774,1194,streaming
4270,-1,1458,-1,1458,-1,4270,-1,2864,-1,52,1,1458,-1,1458,-1,0.06103515625,0.00095367431640625,0.06103515625,0.06103515625,0.03409385681152344,0.026941299438476562,0.00095367431640625,53914,52,4270,9,23,8,24,2.988100051879883,0.8029937744140625,0,1,0,0,0,1,47774,1194,streaming
183,1,183,-1,52,1,167,1,52,-1,679,1,52,-1,167,-1,3.9567947387695312,0.4591941833496094,0.8378028869628906,46.0050106048584,0.6630420684814453,0.29397010803222656,3.6840438842773438,10774,52,1575,16,16,23,4,82.21793174743652,46.0050106048584,0,1,0,0,1,1,47774,1194,streaming
167,1,52,-1,167,1,52,-1,167,-1,52,1,183,1,52,-1,0.2849102020263672,1.2331008911132812,0.2911090850830078,3.6818981170654297,0.47397613525390625,21.72398567199707,0.30303001403808594,11999,52,1575,13,19,23,5,64.46599960327148,21.72398567199707,0,1,0,0,1,1,47774,1194,streaming
1458,-1,1458,-1,1458,-1,1458,-1,1458,-1,1458,-1,1458,-1,52,1,0.025033950805664062,0.023126602172851562,0.03695487976074219,0.025033950805664062,0.025987625122070312,0.028848648071289062,0.8721351623535156,33854,52,2864,8,24,9,20,6.9789886474609375,2.4590492248535156,0,1,0,0,0,1,47774,1194,streaming
1458,-1,52,1,1458,-1,2864,-1,1458,-1,52,-1,52,1,637,-1,0.1468658447265625,0.04100799560546875,0.03409385681152344,0.03600120544433594,0.0019073486328125,0.4189014434814453,0.11920928955078125,31509,52,2864,10,22,9,17,3.0219554901123047,0.4189014434814453,0,1,0,0,0,1,47774,1194,streaming
52,1,754,-1,397,1,52,-1,282,1,52,-1,1575,-1,1458,-1,0.30303001403808594,0.5009174346923828,0.3139972686767578,0.4360675811767578,0.3190040588378906,0.04100799560546875,0.308990478515625,27654,52,2864,11,21,10,15,4.269123077392578,0.5009174346923828,0,1,0,0,0,1,47774,1194,streaming
972,1,1458,-1,2864,-1,2864,-1,2160,-1,1458,-1,52,1,52,1,0.049114227294921875,0.04100799560546875,0.04506111145019531,0.09489059448242188,0.2009868621826172,0.1621246337890625,0.04291534423828125,43094,52,4270,12,20,8,17,3.0481815338134766,0.36215782165527344,0,1,0,0,1,1,47774,1194,streaming
1458,-1,2864,-1,1458,-1,972,1,52,1,52,1,988,-1,2864,-1,0.051975250244140625,0.05507469177246094,0.34499168395996094,0.00095367431640625,0.11205673217773438,0.30994415283203125,0.06008148193359375,49204,52,4270,8,24,6,22,2.6149749755859375,0.34499168395996094,0,1,0,0,0,1,47774,1194,streaming
1458,-1,1458,1,141,1,52,1,52,1,1458,-1,1458,-1,1458,-1,0.04792213439941406,0.22602081298828125,0.011205673217773438,0.015974044799804688,0.11086463928222656,0.051975250244140625,0.0011920928955078125,42404,52,4270,11,21,11,21,2.1369457244873047,0.33783912658691406,0,1,0,0,1,1,47774,1194,streaming
1458,-1,1458,-1,1458,-1,1458,-1,2864,-1,52,1,1105,-1,52,1,0.025033950805664062,0.05507469177246094,0.030994415283203125,0.033855438232421875,0.23698806762695312,0.12922286987304688,0.017881393432617188,49426,52,4270,9,23,7,23,2.480030059814453,0.5450248718261719,0,1,0,0,0,1,47774,1194,streaming
1458,-1,4270,-1,2864,-1,52,1,1458,-1,4270,-1,2864,-1,2864,-1,0.06103515625,0.06008148193359375,0.03409385681152344,0.29587745666503906,0.06103515625,0.06103515625,0.06103515625,62816,52,4270,8,24,7,25,3.7360191345214844,0.9009838104248047,0,1,0,0,0,1,47774,1194,streaming
1458,-1,2864,-1,4270,-1,2864,-1,946,1,1458,-1,1458,-1,4270,-1,0.053882598876953125,0.05507469177246094,0.05698204040527344,0.05507469177246094,0.003814697265625,0.18310546875,0.0629425048828125,78127,52,4270,5,27,4,26,1.5149116516113281,0.18310546875,0,1,0,0,0,1,47774,1194,streaming
397,1,1458,-1,52,1,52,1,52,1,52,1,750,-1,2864,-1,0.04220008850097656,0.064849853515625,0.28204917907714844,0.04887580871582031,0.013113021850585938,0.03790855407714844,0.050067901611328125,61759,52,4270,10,22,9,21,12.755155563354492,11.289119720458984,0,1,0,0,1,1,47774,1194,streaming
183,1,183,-1,52,1,167,1,52,-1,679,1,52,-1,167,-1,4.102945327758789,0.5319118499755859,0.46896934509277344,42.20104217529297,0.6029605865478516,0.34117698669433594,3.762960433959961,10774,52,1575,16,16,23,4,77.76689529418945,42.20104217529297,0,1,0,0,1,1,47774,1194,streaming
167,1,52,-1,167,1,52,-1,167,-1,52,1,52,-1,359,1,0.29087066650390625,0.6620883941650391,0.2770423889160156,3.699064254760742,0.41484832763671875,96.84014320373535,0.39887428283691406,23036,52,1458,9,23,15,14,111.32097244262695,96.84014320373535,0,1,0,0,1,1,47774,1194,streaming
52,1,512,1,52,-1,512,1,52,-1,167,1,52,-1,1575,-1,0.17309188842773438,0.1468658447265625,0.3821849822998047,0.31685829162597656,0.40602684020996094,0.2830028533935547,2.022981643676758,41698,52,4270,11,21,10,16,17.104148864746094,11.364936828613281,0,1,0,0,0,1,47774,1194,streaming
2864,-1,1220,-1,167,1,52,1,52,1,1575,-1,1458,-1,1458,-1,0.0019073486328125,0.11587142944335938,0.21719932556152344,0.06985664367675781,0.14901161193847656,0.06604194641113281,0.04696846008300781,50372,52,2864,9,23,8,23,2.8798580169677734,0.47707557678222656,0,1,0,0,1,1,47774,1194,streaming
2864,-1,2864,-1,1458,-1,2864,-1,4270,-1,3564,-1,52,1,52,1,0.06079673767089844,0.0021457672119140625,0.05888938903808594,0.06198883056640625,0.06198883056640625,0.022172927856445312,0.08988380432128906,73806,52,4270,6,26,5,27,1.817941665649414,0.2181529998779297,0,1,0,0,0,1,47774,1194,streaming
4270,-1,52,1,1458,-1,52,1,4270,-1,2864,-1,52,1,1220,-1,0.1590251922607422,0.14710426330566406,0.04696846008300781,0.015974044799804688,0.05888938903808594,0.030994415283203125,0.029087066650390625,65394,52,4270,8,24,8,23,2.1920204162597656,0.3268718719482422,0,1,0,0,1,1,47774,1194,streaming
1458,-1,1458,-1,1458,-1,52,1,1458,-1,2864,-1,4270,-1,1458,-1,0.00095367431640625,0.04696846008300781,0.13303756713867188,0.027179718017578125,0.054836273193359375,0.05507469177246094,10.348081588745117,63528,52,4270,5,27,5,27,11.816024780273438,10.348081588745117,0,1,0,0,1,1,47774,1194,streaming
52,1,167,1,2864,-1,2864,-1,2864,-1,1458,1,1458,-1,4270,-1,0.00095367431640625,0.01811981201171875,0.06198883056640625,0.06103515625,0.051021575927734375,0.010013580322265625,0.06198883056640625,66455,52,4270,9,23,7,25,1.2471675872802734,0.07510185241699219,0,1,0,0,0,1,47774,1194,streaming
1458,-1,1458,-1,52,1,1150,1,52,1,1458,-1,4270,-1,2864,-1,0.00095367431640625,0.06198883056640625,0.02193450927734375,0.00095367431640625,0.009059906005859375,0.0629425048828125,0.06103515625,62508,52,4270,8,24,7,24,1.4400482177734375,0.13494491577148438,0,1,0,0,0,1,47774,1194,streaming
52,1,52,1,52,1,518,-1,167,1,1458,1,1458,1,1575,-1,0.02288818359375,0.014066696166992188,0.08988380432128906,0.6730556488037109,0.16689300537109375,0.08702278137207031,0.102996826171875,50207,52,4270,9,23,7,24,4.004001617431641,0.7910728454589844,0,1,0,0,0,1,47774,1194,streaming
1805,-1,52,1,52,1,4270,-1,2864,-1,2864,-1,4270,-1,2864,-1,0.0,0.00095367431640625,0.05817413330078125,0.04982948303222656,0.05316734313964844,0.05602836608886719,0.05698204040527344,72311,52,4270,6,26,6,26,1.3990402221679688,0.0820159912109375,0,1,0,0,1,1,47774,1194,streaming
1458,-1,3673,-1,167,1,1458,1,1458,1,1458,1,1458,-1,4270,-1,0.0629425048828125,0.009059906005859375,0.05793571472167969,0.014066696166992188,0.017881393432617188,0.0021457672119140625,0.06079673767089844,77106,52,4270,9,23,5,27,1.3320446014404297,0.0629425048828125,0,1,0,0,0,1,47774,1194,streaming
183,1,52,-1,167,-1,52,1,679,-1,52,1,167,1,52,-1,0.5838871002197266,0.5340576171875,45.64189910888672,0.43392181396484375,0.34999847412109375,3.7801265716552734,0.37407875061035156,10387,52,1575,17,15,25,4,79.29277420043945,45.64189910888672,0,1,0,0,1,1,1194,47774,streaming
167,1,52,-1,183,-1,52,1,183,1,167,-1,52,1,679,-1,0.41794776916503906,24.100065231323242,0.31113624572753906,3.679990768432617,1.1408329010009766,0.3330707550048828,0.4658699035644531,18799,52,1458,22,10,18,10,61.08212471008301,24.100065231323242,0,1,0,0,1,1,1194,47774,streaming
1458,1,1458,1,52,-1,52,-1,1458,1,2864,1,1458,1,2264,1,0.030040740966796875,0.2808570861816406,0.14901161193847656,0.30803680419921875,0.03314018249511719,0.034809112548828125,0.0400543212890625,40406,52,2864,21,11,10,19,11.485099792480469,3.8170814514160156,0,1,0,0,0,1,1194,47774,streaming
637,1,52,-1,52,-1,512,-1,1458,1,1458,1,1458,1,1458,1,0.15211105346679688,0.2009868621826172,0.0820159912109375,0.1659393310546875,0.03910064697265625,0.08177757263183594,0.048160552978515625,33026,52,2864,22,10,5,17,4.505157470703125,0.5710124969482422,0,1,0,0,1,1,1194,47774,streaming
1458,1,2864,1,1458,1,1458,1,167,-1,637,1,1458,1,52,-1,0.03600120544433594,0.030994415283203125,0.03695487976074219,0.010967254638671875,0.2071857452392578,0.04100799560546875,0.1468658447265625,43697,52,4270,22,10,7,19,3.751039505004883,0.5459785461425781,0,1,0,0,0,1,1194,47774,streaming
1458,1,1458,1,397,-1,52,-1,52,-1,754,1,2864,1,2864,1,0.080108642578125,0.10204315185546875,0.013828277587890625,0.3440380096435547,0.16117095947265625,0.05698204040527344,0.04696846008300781,39715,52,4270,20,12,8,16,6.438970565795898,3.2339096069335938,0,1,0,0,0,1,1194,47774,streaming
1458,1,1458,1,2864,1,1458,1,2864,1,2864,1,1458,1,972,-1,0.00095367431640625,0.051021575927734375,0.052928924560546875,0.0021457672119140625,0.052928924560546875,0.05698204040527344,0.010013580322265625,55294,52,4270,24,8,6,23,2.0630359649658203,0.36406517028808594,0,1,0,0,1,1,1194,47774,streaming
1458,1,1458,1,1458,1,2864,1,2864,1,1458,1,2864,1,2864,1,0.03910064697265625,0.04291534423828125,0.04601478576660156,0.04696846008300781,0.049114227294921875,0.05078315734863281,0.05316734313964844,50860,52,2864,25,7,6,24,1.9979476928710938,0.23794174194335938,0,1,0,0,0,1,1194,47774,streaming
2864,1,2864,1,1458,1,1458,1,52,-1,52,-1,1220,1,52,-1,0.06103515625,0.064849853515625,0.0011920928955078125,0.008821487426757812,0.04696846008300781,0.0011920928955078125,0.06198883056640625,53563,52,4270,21,11,11,21,1.3380050659179688,0.14901161193847656,0,1,0,0,0,1,1194,47774,streaming
52,-1,1458,1,633,1,2864,1,1458,1,1458,1,2864,1,2864,1,0.0030994415283203125,0.00095367431640625,0.06198883056640625,0.00095367431640625,0.05412101745605469,0.00095367431640625,0.05602836608886719,59891,52,4270,28,4,4,27,1.068115234375,0.08916854858398438,0,1,0,0,0,1,1194,47774,streaming
1458,1,4270,1,2864,1,52,-1,4270,1,2864,1,4270,1,3324,1,0.06198883056640625,0.06103515625,0.02193450927734375,0.0400543212890625,0.05984306335449219,0.06699562072753906,0.05817413330078125,68206,52,4270,23,9,9,23,1.4078617095947266,0.14901161193847656,0,1,0,0,0,1,1194,47774,streaming
2864,1,52,-1,867,1,52,-1,2864,1,2864,1,1458,1,2864,1,0.0021457672119140625,0.14495849609375,0.26297569274902344,1.5850067138671875,0.053882598876953125,0.0011920928955078125,0.052928924560546875,49458,52,2864,25,7,7,22,21.97098731994629,17.724990844726562,0,1,0,0,1,1,1194,47774,streaming
183,1,183,-1,52,1,167,1,52,-1,679,1,52,-1,167,-1,4.197120666503906,0.4608631134033203,0.38814544677734375,49.89480972290039,0.5910396575927734,0.33092498779296875,3.7670135498046875,10889,52,1575,16,16,23,4,84.61308479309082,49.89480972290039,0,1,0,0,1,1,47774,1194,streaming
52,-1,167,1,52,-1,167,-1,183,1,183,-1,167,1,52,-1,0.7078647613525391,0.25916099548339844,3.715991973876953,13.17596435546875,4.024028778076172,1.0099411010742188,47.15394973754883,21628,52,1575,10,22,15,12,110.05306243896484,47.15394973754883,0,1,0,0,0,1,47774,1194,streaming
1458,-1,1458,-1,1458,-1,1458,-1,1458,-1,397,1,1458,-1,52,1,0.03409385681152344,0.033855438232421875,0.07915496826171875,0.04696846008300781,0.18906593322753906,0.247955322265625,0.06389617919921875,31049,52,1458,9,23,9,19,8.553028106689453,6.129980087280273,0,1,0,0,0,1,47774,1194,streaming
2864,-1,1458,-1,512,1,52,1,1458,-1,1458,-1,1458,-1,1458,-1,0.029087066650390625,0.3218650817871094,0.00095367431640625,0.03314018249511719,0.018835067749023438,0.02002716064453125,0.022172927856445312,58586,52,4270,5,27,3,27,3.443002700805664,1.4750957489013672,0,1,0,0,0,1,47774,1194,streaming
1458,-1,1454,-1,52,1,52,1,1458,-1,4270,-1,1458,-1,1458,-1,0.00095367431640625,0.08296966552734375,0.06413459777832031,0.012874603271484375,0.06103515625,0.06008148193359375,0.00095367431640625,53192,52,4270,11,21,9,22,1.825094223022461,0.4830360412597656,0,1,0,0,1,1,47774,1194,streaming
2864,-1,4270,-1,2864,-1,4270,-1,1458,-1,141,1,1458,-1,4270,-1,0.06198883056640625,0.06103515625,0.06198883056640625,0.06008148193359375,0.06198883056640625,0.03600120544433594,0.0629425048828125,50796,52,4270,8,24,7,23,2.646923065185547,0.5791187286376953,0,1,0,0,0,1,47774,1194,streaming
52,1,1458,-1,2864,-1,1458,-1,2864,-1,1458,-1,2864,-1,2864,-1,0.050067901611328125,0.04100799560546875,0.03910064697265625,0.0438690185546875,0.04601478576660156,0.04601478576660156,0.051021575927734375,56613,52,2864,5,27,6,26,1.5900135040283203,0.16307830810546875,0,1,0,0,0,1,47774,1194,streaming
1458,-1,1458,-1,2864,-1,2864,-1,2864,-1,1458,-1,1458,-1,1458,-1,0.030040740966796875,0.024080276489257812,0.02288818359375,0.027179718017578125,0.027894973754882812,0.12302398681640625,0.05793571472167969,48964,52,4270,7,25,6,25,1.5711784362792969,0.3261566162109375,0,1,0,0,0,1,47774,1194,streaming
1458,-1,1458,-1,2864,-1,2864,-1,52,1,4270,-1,52,1,52,1,0.06508827209472656,0.00095367431640625,0.00095367431640625,0.030994415283203125,0.0400543212890625,0.04982948303222656,0.1621246337890625,60706,52,8478,9,23,9,23,1.580953598022461,0.17690658569335938,0,1,0,0,0,1,47774,1194,streaming
2864,-1,1458,-1,1458,-1,1458,-1,52,1,1458,-1,52,1,52,1,0.06103515625,0.00095367431640625,0.06008148193359375,0.10991096496582031,0.10395050048828125,0.00095367431640625,0.06103515625,59425,52,4270,11,21,6,26,1.363992691040039,0.10991096496582031,0,1,0,0,0,1,47774,1194,streaming
1458,-1,4270,-1,1458,-1,52,1,52,1,52,1,1458,-1,1458,-1,0.06389617919921875,0.06198883056640625,0.13399124145507812,0.10204315185546875,0.00095367431640625,0.013113021850585938,0.0629425048828125,38456,52,4270,12,20,8,21,3.670930862426758,1.8451213836669922,0,1,0,0,0,1,47774,1194,streaming
1458,-1,1458,-1,1458,-1,1458,-1,1458,-1,2864,-1,1458,-1,2864,-1,0.030040740966796875,0.00095367431640625,0.029087066650390625,0.032901763916015625,0.03504753112792969,0.03600120544433594,0.0400543212890625,78994,52,4270,1,31,1,31,1.4939308166503906,0.102996826171875,0,1,0,0,0,1,47774,1194,streaming
183,1,52,-1,183,-1,52,1,167,1,52,-1,679,1,52,-1,0.39887428283691406,3.6001205444335938,0.4489421844482422,0.5440711975097656,0.2968311309814453,0.9059906005859375,0.2651214599609375,10774,52,1575,15,17,23,4,37.323951721191406,13.918161392211914,0,1,0,0,1,1,47774,1194,streaming
167,1,52,-1,413,1,167,-1,183,1,52,-1,183,-1,167,1,41.47911071777344,0.5910396575927734,0.30684471130371094,1.085042953491211,0.2529621124267578,2.4290084838867188,0.9160041809082031,16578,52,1458,11,21,19,8,80.4591178894043,41.47911071777344,0,1,0,0,1,1,47774,1194,streaming
1458,-1,1458,-1,1458,-1,1458,-1,52,1,52,1,273,-1,1458,-1,0.026941299438476562,0.027894973754882812,0.030994415283203125,0.1900196075439453,0.3571510314941406,0.018835067749023438,0.03719329833984375,28700,52,1575,9,23,11,18,6.438970565795898,2.4890899658203125,0,1,0,0,0,1,47774,1194,streaming
988,-1,167,1,52,1,1458,-1,2864,-1,1458,-1,1458,-1,52,1,0.21004676818847656,0.16808509826660156,0.1380443572998047,0.025987625122070312,0.033855438232421875,0.03814697265625,0.0069141387939453125,30004,52,2864,8,24,10,17,3.1280517578125,0.4229545593261719,0,1,0,0,1,1,47774,1194,streaming
1458,-1,52,1,52,1,754,-1,52,1,52,1,1575,-1,2864,-1,0.08988380432128906,0.28705596923828125,0.03790855407714844,0.12612342834472656,0.3960132598876953,1.1229515075683594,0.03600120544433594,33261,52,2864,10,22,11,18,46.58794403076172,22.98593521118164,0,1,0,0,0,1,47774,1194,streaming
1458,-1,1458,-1,52,1,81,-1,52,1,52,1,1458,-1,52,1,0.025987625122070312,0.08893013000488281,0.25391578674316406,0.03314018249511719,0.20694732666015625,0.026941299438476562,0.5581378936767578,19171,52,1575,12,20,19,10,572.1540451049805,257.3990821838379,0,1,0,0,0,1,47774,1194,streaming
1458,-1,1458,-1,1458,-1,1458,-1,1458,-1,52,1,52,1,1458,-1,0.023126602172851562,0.025033950805664062,0.18787384033203125,0.026941299438476562,0.11920928955078125,0.12183189392089844,0.05698204040527344,38855,52,4270,9,23,9,19,2.5701522827148438,0.33020973205566406,0,1,0,0,0,1,47774,1194,streaming
512,1,1458,-1,1458,-1,1458,-1,1458,-1,1458,-1,52,-1,52,1,0.02384185791015625,0.05412101745605469,0.0,0.05507469177246094,0.00095367431640625,0.05602836608886719,0.04982948303222656,28399,52,1575,9,23,9,17,3.059864044189453,0.35881996154785156,0,1,0,0,1,1,47774,1194,streaming
1458,-1,1458,-1,1458,-1,902,-1,52,1,1458,-1,1458,-1,167,1,0.02384185791015625,0.025033950805664062,0.01811981201171875,0.03790855407714844,0.09012222290039062,0.06580352783203125,0.030040740966796875,38062,52,2864,10,22,9,20,2.7289390563964844,0.27298927307128906,0,1,0,0,0,1,47774,1194,streaming
1458,-1,1458,-1,1458,-1,1458,-1,52,1,1458,-1,397,1,52,1,0.02384185791015625,0.024080276489257812,0.025033950805664062,0.015974044799804688,0.010967254638671875,0.2181529998779297,0.012874603271484375,40128,52,2864,10,22,8,22,2.3849010467529297,0.47206878662109375,0,1,0,0,0,1,47774,1194,streaming
4270,-1,2864,-1,282,1,52,1,52,1,1458,-1,1458,-1,1456,-1,0.05793571472167969,0.20813941955566406,0.010967254638671875,0.13589859008789062,0.03218650817871094,0.06198883056640625,0.0,45448,52,4270,11,21,8,21,2.2749900817871094,0.2868175506591797,0,1,0,0,0,1,47774,1194,streaming
2745,-1,1458,-1,2864,-1,4270,-1,2864,-1,4270,-1,2864,-1,4270,-1,0.0011920928955078125,0.05793571472167969,0.05888938903808594,0.06103515625,0.06198883056640625,0.06198883056640625,0.06103515625,71581,52,4270,8,24,6,24,1.5981197357177734,0.2789497375488281,0,1,0,0,1,1,47774,1194,streaming
183,1,183,-1,52,1,167,1,52,-1,679,1,52,-1,167,-1,4.173040390014648,0.3628730773925781,0.553131103515625,48.20585250854492,0.5090236663818359,0.3459453582763672,3.7801265716552734,10774,52,1575,16,16,23,4,83.10699462890625,48.20585250854492,0,1,0,0,1,1,47774,1194,streaming
167,1,52,-1,167,1,52,-1,167,-1,52,1,183,1,183,-1,0.3409385681152344,0.45299530029296875,0.3380775451660156,3.762960433959961,0.392913818359375,11.00015640258789,4.086971282958984,13405,52,1575,13,19,22,6,100.71802139282227,48.32100868225098,0,1,0,0,1,1,47774,1194,streaming
1458,-1,1458,-1,1458,-1,1458,-1,1458,-1,1458,-1,52,1,1458,-1,0.02288818359375,0.025033950805664062,0.024080276489257812,0.026941299438476562,0.027894973754882812,0.47206878662109375,0.2129077911376953,33969,52,2864,8,24,9,20,6.5670013427734375,2.650022506713867,0,1,0,0,0,1,47774,1194,streaming
2864,-1,1458,-1,1458,-1,637,-1,52,1,397,1,1458,-1,2864,-1,0.03600120544433594,0.03910064697265625,0.00095367431640625,0.36907196044921875,0.018835067749023438,0.21219253540039062,0.0438690185546875,42170,52,2864,11,21,7,18,5.557060241699219,2.017974853515625,0,1,0,0,0,1,47774,1194,streaming
1458,-1,4270,-1,1458,-1,2979,-1,52,1,1458,-1,1458,-1,52,1,0.05793571472167969,0.10395050048828125,0.06413459777832031,0.11801719665527344,0.1399517059326172,0.05507469177246094,0.0019073486328125,46511,52,4270,10,22,7,22,2.714872360229492,0.3910064697265625,0,1,0,0,0,1,47774,1194,streaming
1458,-1,52,1,1458,-1,52,1,52,1,52,1,167,-1,1458,-1,0.04792213439941406,0.010013580322265625,0.08797645568847656,0.17499923706054688,0.05507469177246094,0.1270771026611328,0.4558563232421875,39836,52,2864,10,22,10,20,2.9540061950683594,0.4558563232421875,0,1,0,0,0,1,47774,1194,streaming
742,1,52,1,52,1,1458,-1,4270,-1,4270,-1,2864,-1,1458,-1,0.00095367431640625,0.08797645568847656,0.2129077911376953,0.06103515625,0.0629425048828125,0.05698204040527344,0.06103515625,57511,52,4270,12,20,9,18,2.0608901977539062,0.2129077911376953,0,1,0,0,1,1,47774,1194,streaming
52,1,284,-1,1458,-1,2864,-1,1458,-1,1458,-1,1087,1,52,1,0.11491775512695312,0.13113021850585938,0.030040740966796875,0.06604194641113281,0.03790855407714844,0.04506111145019531,0.22101402282714844,49785,52,2864,8,24,6,23,2.0999908447265625,0.4379749298095703,0,1,0,0,0,1,47774,1194,streaming
52,1,871,-1,4270,-1,1458,-1,1458,-1,2864,-1,2864,-1,1458,-1,0.1239776611328125,0.06508827209472656,0.04601478576660156,0.0030994415283203125,0.051021575927734375,0.053882598876953125,0.05507469177246094,63968,52,4270,6,26,5,26,1.5821456909179688,0.1609325408935547,0,1,0,0,0,1,47774,1194,streaming
52,1,1458,-1,1458,-1,2864,-1,1458,-1,1458,1,141,1,52,1,0.013113021850585938,0.026941299438476562,0.029087066650390625,0.030040740966796875,0.3199577331542969,0.00095367431640625,0.00095367431640625,54796,52,4270,10,22,7,23,1.6632080078125,0.3199577331542969,0,1,0,0,0,1,47774,1194,streaming
1458,-1,4270,-1,2864,-1,4270,-1,2864,-1,52,1,4270,-1,2864,-1,0.06413459777832031,0.06198883056640625,0.05984306335449219,0.06103515625,0.023126602172851562,0.03886222839355469,0.06103515625,69263,52,4270,6,26,7,25,1.6679763793945312,0.13208389282226562,0,1,0,0,0,1,47774,1194,streaming
52,1,52,1,52,1,1458,-1,4270,-1,750,-1,2864,-1,2864,-1,0.0019073486328125,0.00095367431640625,0.0040531158447265625,0.06318092346191406,0.00095367431640625,0.05888938903808594,0.0629425048828125,72662,52,4270,6,26,6,25,1.4529228210449219,0.1010894775390625,0,1,0,0,0,1,47774,1194,streaming
167,1,52,-1,679,1,52,-1,167,-1,52,1,1575,-1,1458,-1,0.3190040588378906,0.5388259887695312,0.3001689910888672,3.7178993225097656,0.5009174346923828,13.94200325012207,0.02002716064453125,10742,52,1575,16,16,23,4,34.3630313873291,13.94200325012207,0,1,0,0,1,1,47774,1194,streaming
52,-1,167,-1,52,1,183,-1,52,1,167,1,52,-1,1458,-1,3.688812255859375,0.5822181701660156,23.239850997924805,0.637054443359375,0.4820823669433594,44.59691047668457,19.35601234436035,18668,52,1575,11,21,18,10,118.53504180908203,44.59691047668457,0,1,0,0,0,1,47774,1194,streaming
1458,-1,1458,-1,1458,-1,1458,-1,1458,-1,167,1,1458,-1,52,1,0.02288818359375,0.028133392333984375,0.032901763916015625,0.11801719665527344,0.0050067901611328125,0.16307830810546875,0.025987625122070312,39834,52,2864,9,23,7,22,2.466917037963867,0.32782554626464844,0,1,0,0,0,1,47774,1194,streaming
52,-1,52,1,52,1,52,1,627,1,1222,-1,1458,-1,1458,-1,0.1480579376220703,0.012874603271484375,0.4711151123046875,0.013828277587890625,0.1621246337890625,0.014066696166992188,0.02288818359375,31045,52,1690,9,23,10,20,2.541065216064453,0.4711151123046875,0,1,0,0,0,1,47774,1194,streaming
1458,-1,1458,-1,1458,-1,1458,-1,988,-1,972,1,52,1,52,1,0.03695487976074219,0.022172927856445312,0.025033950805664062,0.026941299438476562,0.11897087097167969,0.030994415283203125,0.2779960632324219,37496,52,2864,8,24,8,22,1.6210079193115234,0.2779960632324219,0,1,0,0,1,1,47774,1194,streaming
752,-1,1458,-1,1458,-1,52,1,627,1,1458,-1,1458,-1,1458,-1,0.164031982421875,0.04696846008300781,0.20503997802734375,0.02002716064453125,0.15997886657714844,0.051021575927734375,0.052928924560546875,44165,52,2864,9,23,9,19,2.225160598754883,0.3409385681152344,0,1,0,0,1,1,47774,1194,streaming
1458,-1,1458,-1,1458,-1,627,1,1458,-1,52,1,1220,-1,1458,-1,0.37217140197753906,0.02288818359375,0.01811981201171875,0.010967254638671875,0.015020370483398438,0.008821487426757812,0.024080276489257812,42186,52,2864,5,27,5,25,1.188039779663086,0.37217140197753906,0,1,0,0,1,1,47774,1194,streaming
1458,1,256,1,52,1,1458,-1,1458,-1,1458,-1,1458,-1,1458,-1,0.10609626770019531,0.013828277587890625,0.16808509826660156,0.016927719116210938,0.0209808349609375,0.022172927856445312,0.025033950805664062,48597,52,4270,8,24,4,25,3.735065460205078,2.3980140686035156,0,1,0,0,0,1,47774,1194,streaming
4270,-1,2864,-1,4270,-1,2864,-1,1458,-1,163,-1,52,1,52,1,0.06198883056640625,0.0629425048828125,0.0591278076171875,0.06198883056640625,0.00095367431640625,0.0,0.026941299438476562,63639,52,4270,6,26,7,25,1.6109943389892578,0.41985511779785156,0,1,0,0,0,1,47774,1194,streaming
1458,-1,4270,-1,2864,-1,1458,-1,2864,-1,1920,-1,2864,-1,52,1,0.06008148193359375,0.06103515625,0.06198883056640625,0.00095367431640625,0.06008148193359375,0.06079673767089844,0.01811981201171875,71020,52,4270,7,25,7,25,1.6410350799560547,0.21505355834960938,0,1,0,0,0,1,47774,1194,streaming
1920,-1,2864,-1,1458,-1,1458,-1,2864,-1,2864,-1,52,1,52,1,0.0591278076171875,0.05602836608886719,0.00095367431640625,0.05888938903808594,0.06198883056640625,0.0171661376953125,0.09179115295410156,55669,52,4270,7,25,6,26,1.8849372863769531,0.2791881561279297,0,1,0,0,1,1,47774,1194,streaming
2864,-1,2864,-1,1458,1,1458,-1,1458,1,1458,-1,1458,1,1458,-1,0.06198883056640625,0.05507469177246094,0.0030994415283203125,0.027894973754882812,0.06699562072753906,0.030040740966796875,0.032901763916015625,48057,52,7082,11,21,8,22,4.040956497192383,2.63214111328125,0,1,0,0,0,1,47774,1194,streaming
2864,1,52,-1,1458,1,1452,1,1458,1,2864,1,1458,1,2864,1,0.04100799560546875,0.0209808349609375,0.00095367431640625,0.00095367431640625,0.05793571472167969,0.06413459777832031,0.00095367431640625,47699,52,4270,22,10,10,21,2.666950225830078,0.637054443359375,0,1,0,0,0,1,1194,47774,streaming
4270,1,52,-1,1222,1,52,-1,1458,1,1458,1,1458,1,1458,1,0.025033950805664062,0.03600120544433594,0.3230571746826172,0.1308917999267578,0.0591278076171875,0.00095367431640625,0.07581710815429688,51687,52,4270,23,9,9,23,3.0150413513183594,0.3960132598876953,0,1,0,0,1,1,1194,47774,streaming
1458,1,4270,1,2864,1,1458,1,1432,-1,52,-1,52,-1,52,-1,0.06198883056640625,0.05793571472167969,0.06103515625,0.00095367431640625,0.0011920928955078125,0.0,0.1239776611328125,43812,52,4270,22,10,9,22,2.5589466094970703,0.39386749267578125,0,1,0,0,0,1,1194,47774,streaming
1458,1,4270,1,52,-1,52,-1,1458,1,1458,1,4270,1,1458,1,0.05888938903808594,0.030040740966796875,0.0,0.0400543212890625,0.08296966552734375,0.06413459777832031,0.05888938903808594,46886,52,4270,22,10,10,21,2.9048919677734375,0.3180503845214844,0,1,0,0,0,1,1194,47774,streaming
1458,1,4270,1,2864,1,52,-1,52,-1,52,-1,1222,1,1458,1,0.05984306335449219,0.06008148193359375,0.09298324584960938,0.19097328186035156,0.03814697265625,0.018835067749023438,0.12302398681640625,47215,52,4270,20,12,11,20,2.724885940551758,0.4260540008544922,0,1,0,0,0,1,1194,47774,streaming
2864,1,1458,1,52,-1,1458,1,4270,1,52,-1,1458,1,52,-1,0.05984306335449219,0.15497207641601562,0.12612342834472656,0.05793571472167969,0.016927719116210938,0.04100799560546875,0.019073486328125,40090,52,4270,20,12,12,19,2.434968948364258,0.247955322265625,0,1,0,0,1,1,1194,47774,streaming
1458,1,1458,1,1458,1,1458,1,1458,1,518,1,1458,1,52,-1,0.014066696166992188,0.02288818359375,0.02288818359375,0.026226043701171875,0.00095367431640625,0.04482269287109375,0.0021457672119140625,41448,52,2864,24,8,7,21,2.3958683013916016,0.6139278411865234,0,1,0,0,0,1,1194,47774,streaming
52,-1,1458,1,4270,1,1458,1,4270,1,3330,1,52,-1,167,-1,0.16307830810546875,0.0629425048828125,0.16188621520996094,0.06318092346191406,0.06198883056640625,0.02288818359375,0.08893013000488281,47179,52,4270,24,8,6,25,1.9800662994384766,0.4661083221435547,0,1,0,0,0,1,1194,47774,streaming
52,-1,1458,1,2864,1,2864,1,2864,1,1458,1,1458,1,2864,1,0.0171661376953125,0.04982948303222656,0.051021575927734375,0.05316734313964844,0.055789947509765625,0.0011920928955078125,0.05602836608886719,62925,52,4270,26,6,5,25,1.5301704406738281,0.11587142944335938,0,1,0,0,0,1,1194,47774,streaming
1458,1,1458,1,1458,1,1458,1,1458,1,1458,1,1458,1,1458,1,0.02193450927734375,0.030040740966796875,0.025987625122070312,0.028133392333984375,0.030040740966796875,0.029802322387695312,0.03314018249511719,49468,52,4270,27,5,5,27,1.2710094451904297,0.09703636169433594,0,1,0,0,0,1,1194,47774,streaming
52,-1,52,-1,52,-1,1458,1,2864,1,1458,1,1458,1,4270,1,0.13899803161621094,0.0,0.04982948303222656,0.06318092346191406,0.06079673767089844,0.0011920928955078125,0.06103515625,52510,52,4270,22,10,10,21,1.3608932495117188,0.13899803161621094,0,1,0,0,0,1,1194,47774,streaming
2864,1,4270,1,52,-1,1458,1,1458,1,2864,1,2864,1,4270,1,0.0629425048828125,0.06699562072753906,0.050067901611328125,0.06198883056640625,0.0021457672119140625,0.05984306335449219,0.06198883056640625,74413,52,4270,25,7,6,25,1.4121532440185547,0.06699562072753906,0,1,0,0,0,1,1194,47774,streaming
167,1,52,-1,167,1,52,-1,247,1,52,-1,343,1,52,-1,0.13685226440429688,0.5462169647216797,0.32782554626464844,1.9710063934326172,0.3490447998046875,0.55694580078125,0.3371238708496094,11119,52,2864,13,19,24,3,109.68303680419922,43.7159538269043,0,1,0,0,1,1,47774,1194,streaming
167,1,52,-1,167,1,52,-1,247,1,52,-1,359,1,52,-1,0.31304359436035156,0.5609989166259766,0.3409385681152344,1.2969970703125,0.32901763916015625,0.4870891571044922,0.3399848937988281,25559,52,2864,10,22,14,13,16.016006469726562,3.8399696350097656,0,1,0,0,1,1,47774,1194,streaming
1458,-1,1458,-1,1458,-1,52,1,403,-1,2864,-1,1458,-1,167,1,0.011920928955078125,0.11587142944335938,0.3731250762939453,0.576019287109375,0.015020370483398438,0.03981590270996094,0.13303756713867188,36203,52,2864,10,22,9,20,3.7598609924316406,0.576019287109375,0,1,0,0,0,1,47774,1194,streaming
1458,-1,512,1,1458,-1,2864,-1,52,1,52,1,637,-1,1458,-1,0.16689300537109375,0.051975250244140625,0.05412101745605469,0.12993812561035156,0.3199577331542969,0.09799003601074219,0.05698204040527344,28467,52,2864,10,22,12,16,4.32896614074707,0.5459785461425781,0,1,0,0,1,1,47774,1194,streaming
1458,-1,1458,-1,1458,-1,1458,-1,1105,-1,1458,-1,1458,-1,1458,-1,0.015974044799804688,0.11992454528808594,0.014066696166992188,0.025033950805664062,0.032901763916015625,0.025987625122070312,0.027179718017578125,41587,52,2864,7,25,5,23,2.187013626098633,0.22292137145996094,0,1,0,0,0,1,47774,1194,streaming
1807,-1,52,1,397,1,52,-1,1575,-1,1458,-1,1458,-1,1458,-1,0.21791458129882812,0.13709068298339844,0.6029605865478516,0.028848648071289062,0.0011920928955078125,0.027894973754882812,0.025033950805664062,37837,52,2864,7,25,6,23,2.4650096893310547,0.6029605865478516,0,1,0,0,1,1,47774,1194,streaming
282,1,52,1,1458,1,1458,-1,371,1,52,1,1458,-1,2864,-1,0.30517578125,2.8870105743408203,0.0209808349609375,0.02193450927734375,0.015020370483398438,0.2238750457763672,0.04315376281738281,42864,52,4270,14,18,11,17,5.460977554321289,2.8870105743408203,0,1,0,0,1,1,47774,1194,streaming
2864,-1,1458,-1,1458,-1,1458,-1,2864,-1,1458,-1,2864,-1,1458,-1,0.03600120544433594,0.03910064697265625,0.00095367431640625,0.0400543212890625,0.041961669921875,0.04601478576660156,0.04696846008300781,62584,52,4270,5,27,5,27,2.401113510131836,0.38504600524902344,0,1,0,0,0,1,47774,1194,streaming
2864,-1,52,1,1458,-1,4270,-1,1458,-1,52,1,52,1,1458,-1,0.00095367431640625,0.06413459777832031,0.06198883056640625,0.06103515625,0.08797645568847656,0.10991096496582031,0.06914138793945312,64220,52,4270,7,25,7,23,14.126062393188477,12.691020965576172,0,1,0,0,1,1,47774,1194,streaming
1458,-1,4270,-1,2864,-1,1458,-1,2864,-1,2864,-1,4270,-1,2864,-1,0.06103515625,0.0629425048828125,0.06103515625,0.0,0.0591278076171875,0.0629425048828125,0.05984306335449219,56985,52,4270,11,21,9,22,6.359100341796875,2.917051315307617,0,1,0,0,0,1,47774,1194,streaming
52,1,52,1,1458,-1,1458,-1,1458,-1,1458,-1,52,1,754,-1,0.1609325408935547,0.10609626770019531,0.029802322387695312,0.02002716064453125,0.023126602172851562,0.2949237823486328,0.04696846008300781,62824,52,4270,5,27,5,26,1.8000602722167969,0.2949237823486328,0,1,0,0,0,1,47774,1194,streaming
2864,-1,52,1,4270,-1,2864,-1,4270,-1,2864,-1,1450,-1,2864,-1,0.04601478576660156,0.015974044799804688,0.06103515625,0.06198883056640625,0.06103515625,0.06103515625,0.00095367431640625,87422,52,4270,4,28,4,28,1.5971660614013672,0.06222724914550781,0,1,0,0,1,1,47774,1194,streaming
183,1,183,-1,52,1,167,1,52,-1,679,1,52,-1,167,-1,4.116058349609375,0.4589557647705078,0.3209114074707031,46.91600799560547,0.42700767517089844,0.32806396484375,3.6840438842773438,11004,52,1575,14,18,23,4,85.43086051940918,46.91600799560547,0,1,0,0,1,1,47774,1194,streaming
183,1,52,-1,183,-1,167,1,52,-1,679,1,52,-1,167,-1,0.32901763916015625,3.6919116973876953,0.9050369262695312,50.17209053039551,0.4470348358154297,0.31185150146484375,3.7240982055664062,25935,52,2864,10,22,17,11,86.57693862915039,50.17209053039551,0,1,0,0,1,1,47774,1194,streaming
167,1,1458,-1,1458,-1,52,-1,52,1,52,1,637,-1,282,1,0.025033950805664062,0.03886222839355469,0.052928924560546875,0.21219253540039062,0.064849853515625,0.10609626770019531,0.04506111145019531,24842,52,1575,10,22,13,15,5.771875381469727,1.8780231475830078,0,1,0,0,1,1,47774,1194,streaming
1458,-1,52,1,1222,-1,52,1,52,1,52,1,167,1,52,-1,0.007867813110351562,0.09202957153320312,0.029087066650390625,0.1628398895263672,0.16117095947265625,0.09202957153320312,0.34880638122558594,27517,52,2864,13,19,13,15,3.181934356689453,0.3590583801269531,0,1,0,0,1,1,47774,1194,streaming
282,1,52,-1,167,1,52,-1,1575,-1,1458,-1,52,1,1458,-1,0.29587745666503906,0.2880096435546875,0.23508071899414062,0.2510547637939453,0.11801719665527344,0.19288063049316406,0.1499652862548828,27779,52,2160,10,22,13,17,3.253936767578125,0.29587745666503906,0,1,0,0,1,1,47774,1194,streaming
1458,-1,2864,-1,1458,-1,1458,-1,2864,-1,52,1,627,1,52,1,0.03504753112792969,0.03600120544433594,0.03910064697265625,0.041961669921875,0.04100799560546875,0.010967254638671875,0.04792213439941406,35953,52,2864,11,21,10,19,1.8320083618164062,0.2739429473876953,0,1,0,0,0,1,47774,1194,streaming
52,1,52,1,282,1,1458,-1,1458,-1,1458,-1,1458,-1,1458,-1,0.1380443572998047,0.10585784912109375,0.23412704467773438,0.026941299438476562,0.029087066650390625,0.030040740966796875,0.033855438232421875,33038,52,2864,11,21,8,18,2.5959014892578125,0.32591819763183594,0,1,0,0,0,1,47774,1194,streaming
2864,-1,637,-1,52,1,1458,-1,1458,-1,1458,-1,2864,-1,2864,-1,0.11301040649414062,0.1990795135498047,0.23698806762695312,0.04506111145019531,0.00095367431640625,0.0438690185546875,0.047206878662109375,47818,52,2864,8,24,7,22,1.9311904907226562,0.3509521484375,0,1,0,0,1,1,47774,1194,streaming
2864,-1,1458,-1,1458,-1,2864,-1,2864,-1,52,1,1458,-1,1337,-1,0.051975250244140625,0.00095367431640625,0.051975250244140625,0.05507469177246094,0.05602836608886719,0.00095367431640625,0.00095367431640625,54713,52,4383,6,26,5,26,1.7409324645996094,0.2779960632324219,0,1,0,0,0,1,47774,1194,streaming
52,1,1458,-1,1458,-1,52,1,742,1,1458,-1,1458,-1,520,-1,0.012874603271484375,0.051021575927734375,0.19598007202148438,0.04601478576660156,0.28014183044433594,0.05602836608886719,0.00095367431640625,48863,52,4270,9,23,8,22,1.9218921661376953,0.28705596923828125,0,1,0,0,0,1,47774,1194,streaming
2864,-1,2864,-1,1458,-1,52,1,1458,-1,2864,-1,1458,-1,1458,-1,0.054836273193359375,0.06198883056640625,0.051975250244140625,0.21219253540039062,0.04601478576660156,0.0457763671875,0.0011920928955078125,58453,52,4270,7,25,6,24,2.089977264404297,0.39887428283691406,0,1,0,0,0,1,47774,1194,streaming
2864,-1,52,1,972,1,52,1,1458,-1,1458,-1,2864,-1,2864,-1,0.07104873657226562,0.0591278076171875,0.00095367431640625,0.03600120544433594,0.0629425048828125,0.00095367431640625,0.06008148193359375,62800,52,4270,9,23,8,23,1.8761157989501953,0.46706199645996094,0,1,0,0,1,1,47774,1194,streaming
1575,1,2864,1,1458,1,1458,1,2864,1,1458,1,1458,1,2864,1,0.05793571472167969,0.0021457672119140625,0.04601478576660156,0.052928924560546875,0.1399517059326172,0.05698204040527344,0.00095367431640625,42878,52,2864,25,7,6,23,3.3969879150390625,0.4830360412597656,0,1,0,0,1,1,1194,47774,streaming
52,-1,1458,1,1456,1,1458,1,2864,1,2864,1,2864,1,1458,1,0.1971721649169922,0.04100799560546875,0.0019073486328125,0.04100799560546875,0.04696846008300781,0.04601478576660156,0.04792213439941406,57394,52,4270,23,9,7,23,2.418041229248047,0.37598609924316406,0,1,0,0,0,1,1194,47774,streaming
2864,1,1458,1,2864,1,4270,1,2864,1,4270,1,52,-1,1087,-1,0.00095367431640625,0.06008148193359375,0.06198883056640625,0.06008148193359375,0.0629425048828125,0.03504753112792969,0.015020370483398438,57741,52,4270,21,11,9,20,1.9359588623046875,0.3581047058105469,0,1,0,0,1,1,1194,47774,streaming
972,-1,1575,1,2864,1,1458,1,1458,1,1458,1,1458,1,2864,1,0.26798248291015625,0.05602836608886719,0.5059242248535156,0.049114227294921875,0.0019073486328125,0.05507469177246094,0.0019073486328125,55750,52,4270,23,9,7,24,2.2759437561035156,0.5059242248535156,0,1,0,0,1,1,1194,47774,streaming
2864,1,4270,1,2864,1,2864,1,1458,1,2864,1,1337,1,2864,1,0.06103515625,0.06103515625,0.0629425048828125,0.00095367431640625,0.0629425048828125,0.0021457672119140625,0.05698204040527344,62090,52,4270,23,9,7,25,1.695871353149414,0.28896331787109375,0,1,0,0,0,1,1194,47774,streaming
1458,1,4270,1,2864,1,2864,1,4270,1,4270,1,2864,1,4270,1,0.055789947509765625,0.06103515625,0.06103515625,0.06103515625,0.05793571472167969,0.06008148193359375,0.0629425048828125,83168,52,4270,27,5,4,27,1.7437934875488281,0.24390220642089844,0,1,0,0,0,1,1194,47774,streaming
52,-1,52,-1,1458,1,4270,1,4270,1,1458,1,52,-1,1458,1,0.00095367431640625,0.0059604644775390625,0.0629425048828125,0.06198883056640625,0.05817413330078125,0.018835067749023438,0.28896331787109375,58485,52,4270,22,10,10,21,1.9578933715820312,0.32806396484375,0,1,0,0,0,1,1194,47774,streaming
4270,1,1458,1,1458,1,4270,1,4270,1,2864,1,4270,1,52,-1,0.0629425048828125,0.0021457672119140625,0.05888938903808594,0.06198883056640625,0.06008148193359375,0.0629425048828125,0.04792213439941406,77463,52,4270,28,4,3,29,1.4789104461669922,0.13113021850585938,0,1,0,0,0,1,1194,47774,streaming
2864,1,4270,1,1458,-1,1458,1,1458,-1,1458,-1,52,-1,52,-1,0.06103515625,0.053882598876953125,0.0050067901611328125,0.016927719116210938,0.07510185241699219,0.00095367431640625,0.01811981201171875,73705,52,4270,24,8,5,26,6.34002685546875,5.110025405883789,0,1,0,0,0,1,1194,47774,streaming
1458,1,1458,1,52,-1,52,-1,857,-1,52,-1,1458,1,4270,1,0.07200241088867188,0.06699562072753906,0.0021457672119140625,0.012874603271484375,0.00095367431640625,0.010967254638671875,0.06198883056640625,61862,52,4270,24,8,7,23,1.2929439544677734,0.07510185241699219,0,1,0,0,0,1,1194,47774,streaming
4270,1,1458,1,1458,1,2864,1,2864,1,2864,1,2864,1,2864,1,0.06079673767089844,0.0011920928955078125,0.05984306335449219,0.06103515625,0.06508827209472656,0.06604194641113281,0.05602836608886719,86024,52,8488,27,5,5,27,1.6489028930664062,0.19288063049316406,0,1,0,0,0,1,1194,47774,streaming
1208,1,1458,1,1458,1,7082,1,4270,1,4270,1,1458,1,4270,1,0.09918212890625,0.05602836608886719,0.06389617919921875,0.06389617919921875,0.0021457672119140625,0.05507469177246094,0.0019073486328125,78859,52,8488,22,10,8,24,1.6791820526123047,0.2269744873046875,0,1,0,0,1,1,1194,47774,streaming
52,1,1458,-1,2864,-1,2864,-1,1458,-1,986,-1,52,1,52,1,0.0209808349609375,0.04601478576660156,0.04696846008300781,0.11706352233886719,0.051021575927734375,0.09799003601074219,0.2338886260986328,53327,52,5323,9,23,9,21,2.7518272399902344,0.331878662109375,0,1,0,0,0,1,47774,1194,streaming
1458,-1,4270,-1,52,1,1458,-1,167,1,1458,-1,1458,1,2864,-1,0.0629425048828125,0.04792213439941406,0.013113021850585938,0.05602836608886719,0.2589225769042969,0.02002716064453125,0.03886222839355469,61808,52,4270,10,22,7,22,2.1228790283203125,0.2589225769042969,0,1,0,0,0,1,47774,1194,streaming
1458,-1,2864,-1,2864,-1,1458,-1,1458,-1,1458,-1,52,1,1458,-1,0.051975250244140625,0.05507469177246094,0.05698204040527344,0.102996826171875,0.06008148193359375,0.08487701416015625,0.1289844512939453,42553,52,2864,8,24,9,23,2.184152603149414,0.21886825561523438,0,1,0,0,0,1,47774,1194,streaming
752,-1,2864,-1,2864,-1,2864,-1,2864,-1,2864,-1,1458,-1,2864,-1,0.05221366882324219,0.04696846008300781,0.04887580871582031,0.051975250244140625,0.05316734313964844,0.0019073486328125,0.053882598876953125,64692,52,4270,6,26,6,25,2.0852088928222656,0.28896331787109375,0,1,0,0,1,1,47774,1194,streaming
1690,-1,52,1,52,1,1458,-1,1458,-1,52,1,52,1,1458,-1,0.16307830810546875,0.02002716064453125,0.26106834411621094,0.04792213439941406,0.14495849609375,0.27298927307128906,0.14495849609375,56490,52,4270,8,24,6,25,2.3679733276367188,0.27298927307128906,0,1,0,0,1,1,47774,1194,streaming
1265,1,52,1,1458,-1,52,1,1458,-1,4270,-1,635,-1,52,1,0.0019073486328125,0.0,0.00095367431640625,0.08511543273925781,0.06198883056640625,0.06103515625,0.06794929504394531,56884,52,4270,8,24,7,24,1.8138885498046875,0.2319812774658203,0,1,0,0,1,1,47774,1194,streaming
52,1,1458,-1,4270,-1,2864,-1,4270,-1,1458,-1,4270,-1,4270,-1,0.17118453979492188,0.06580352783203125,0.06103515625,0.06103515625,0.06008148193359375,0.06103515625,0.06079673767089844,80162,52,4270,1,31,1,31,3.013134002685547,0.3218650817871094,0,1,0,0,0,1,47774,1194,streaming
2864,-1,1458,-1,167,1,2864,-1,2864,-1,2864,-1,1458,-1,1458,1,0.06198883056640625,0.03314018249511719,0.027894973754882812,0.06198883056640625,0.06103515625,0.06198883056640625,0.03814697265625,61150,52,4270,7,25,5,26,1.6791820526123047,0.16498565673828125,0,1,0,0,0,1,47774,1194,streaming
1797,-1,52,1,1458,-1,2864,-1,2864,-1,4270,-1,2864,-1,52,1,0.007867813110351562,0.15115737915039062,0.04887580871582031,0.051975250244140625,0.05602836608886719,0.05698204040527344,0.019073486328125,45936,52,4270,11,21,11,20,2.949953079223633,0.3540515899658203,0,1,0,0,1,1,47774,1194,streaming
2864,-1,1458,-1,1458,-1,2864,-1,4270,-1,2864,-1,52,1,52,1,0.05412101745605469,0.00095367431640625,0.05888938903808594,0.06198883056640625,0.06103515625,0.28514862060546875,0.013828277587890625,56139,52,4270,9,23,9,23,2.8209686279296875,0.2899169921875,0,1,0,0,0,1,47774,1194,streaming
4270,-1,1458,-1,1458,1,1458,-1,1458,-1,2864,-1,1458,1,2864,-1,0.06008148193359375,0.025033950805664062,0.03600120544433594,0.10395050048828125,0.0629425048828125,0.049114227294921875,0.012874603271484375,61590,52,4270,7,25,4,26,2.3050308227539062,0.3371238708496094,0,1,0,0,0,1,47774,1194,streaming
3328,-1,52,1,52,1,52,1,52,1,1458,-1,4270,-1,1458,-1,0.0069141387939453125,0.0011920928955078125,0.00095367431640625,0.2918243408203125,0.1342296600341797,0.05888938903808594,0.05793571472167969,52976,52,4270,11,21,11,20,2.103090286254883,0.2918243408203125,0,1,0,0,1,1,47774,1194,streaming
52,1,183,-1,52,1,183,1,167,-1,52,1,679,-1,52,1,0.6139278411865234,0.3540515899658203,3.668069839477539,1.399993896484375,0.3437995910644531,0.7321834564208984,0.3409385681152344,21496,52,1458,24,8,16,12,38.971900939941406,14.503002166748047,0,1,0,0,0,1,1194,47774,streaming
52,-1,1458,1,2864,1,1458,1,741,1,1458,1,52,-1,167,-1,0.1850128173828125,0.03504753112792969,0.032901763916015625,0.03695487976074219,0.2751350402832031,0.26106834411621094,0.27179718017578125,30687,52,2864,23,9,12,17,7.137060165405273,2.0761489868164062,0,1,0,0,0,1,1194,47774,streaming
1222,1,52,-1,52,1,1458,1,1458,1,1458,1,1458,1,1458,1,0.11491775512695312,0.019073486328125,0.0400543212890625,0.018835067749023438,0.014066696166992188,0.02193450927734375,0.024080276489257812,31737,52,2864,22,10,8,18,4.138946533203125,0.514984130859375,0,1,0,0,1,1,1194,47774,streaming
1458,1,1458,1,167,-1,52,-1,52,-1,637,1,1458,1,1458,1,0.029087066650390625,0.4429817199707031,0.15497207641601562,0.025987625122070312,0.1690387725830078,0.03409385681152344,0.05793571472167969,40780,52,4270,21,11,10,19,3.2820701599121094,0.4429817199707031,0,1,0,0,0,1,1194,47774,streaming
512,-1,1458,1,1458,1,1458,1,1458,1,1458,1,1458,1,1458,1,0.19288063049316406,0.02002716064453125,0.025033950805664062,0.0209808349609375,0.025987625122070312,0.030994415283203125,0.030994415283203125,51173,52,4270,25,7,3,24,3.0739307403564453,0.5080699920654297,0,1,0,0,1,1,1194,47774,streaming
52,-1,52,-1,401,1,52,-1,52,-1,1458,1,2864,1,1458,1,0.10609626770019531,0.3139972686767578,0.018835067749023438,0.0021457672119140625,0.5619525909423828,0.03695487976074219,0.03910064697265625,49323,52,4270,23,9,8,22,2.51007080078125,0.5619525909423828,0,1,0,0,0,1,1194,47774,streaming
2864,1,4270,1,1690,1,52,-1,52,-1,1458,1,2864,1,2864,1,0.06318092346191406,0.06103515625,0.05078315734863281,0.25916099548339844,0.11491775512695312,0.051975250244140625,0.05316734313964844,54969,52,4270,22,10,9,22,2.3131370544433594,0.28586387634277344,0,1,0,0,1,1,1194,47774,streaming
1458,1,4270,1,1458,1,1458,1,4270,1,4270,1,2864,1,2864,1,0.06008148193359375,0.05984306335449219,0.0021457672119140625,0.06103515625,0.06389617919921875,0.05888938903808594,0.06008148193359375,56561,52,4498,26,6,6,25,2.1970272064208984,0.34499168395996094,0,1,0,0,0,1,1194,47774,streaming
52,-1,1458,1,2864,1,2864,1,4270,1,1571,1,52,-1,52,-1,0.1678466796875,0.050067901611328125,0.051975250244140625,0.052928924560546875,0.05507469177246094,0.0019073486328125,0.013113021850585938,54497,52,4270,22,10,9,22,2.7539730072021484,0.4298686981201172,0,1,0,0,0,1,1194,47774,streaming
2864,1,1458,1,2864,1,4270,1,1458,1,52,-1,4270,1,2864,1,0.06008148193359375,0.06198883056640625,0.0629425048828125,0.0591278076171875,0.05698204040527344,0.0059604644775390625,0.06103515625,67567,52,4270,26,6,5,25,1.6291141510009766,0.15878677368164062,0,1,0,0,0,1,1194,47774,streaming
2864,1,2864,1,1458,1,1458,1,2864,1,2864,1,399,1,52,-1,0.06103515625,0.06198883056640625,0.0011920928955078125,0.05984306335449219,0.06198883056640625,0.0021457672119140625,0.013828277587890625,71137,52,4270,25,7,5,26,3.6411285400390625,1.2888908386230469,0,1,0,0,0,1,1194,47774,streaming
1458,1,4270,1,2864,1,1458,1,52,-1,52,-1,2864,1,1567,1,0.06413459777832031,0.05888938903808594,0.06103515625,0.027894973754882812,0.00095367431640625,0.03504753112792969,0.06198883056640625,64620,52,4270,28,4,3,28,1.3821125030517578,0.07605552673339844,0,1,0,0,0,1,1194,47774,streaming
183,1,183,-1,52,1,167,1,52,-1,679,1,52,-1,167,-1,4.128932952880859,0.5960464477539062,1.035928726196289,47.89113998413086,0.49996376037597656,0.3619194030761719,3.7751197814941406,10889,52,1575,15,17,23,4,87.18395233154297,47.89113998413086,0,1,0,0,1,1,47774,1194,streaming
167,-1,183,1,52,-1,183,-1,167,1,52,-1,679,1,52,-1,23.700952529907227,0.34308433532714844,3.7889480590820312,1.207113265991211,43.725013732910156,0.5397796630859375,0.32901763916015625,21611,52,2864,9,23,17,11,105.68499565124512,43.725013732910156,0,1,0,0,1,1,47774,1194,streaming
52,1,1458,-1,2864,-1,1458,-1,2264,-1,167,1,52,1,52,-1,0.027894973754882812,0.032901763916015625,0.03314018249511719,0.03886222839355469,0.3731250762939453,0.010013580322265625,0.12803077697753906,31972,52,2864,10,22,11,17,6.204843521118164,2.248048782348633,0,1,0,0,0,1,47774,1194,streaming
52,1,167,1,1458,-1,1458,-1,2864,-1,1458,-1,52,1,857,1,0.19311904907226562,0.17189979553222656,0.07796287536621094,0.048160552978515625,0.04887580871582031,0.2529621124267578,0.24008750915527344,35951,52,4270,10,22,9,15,13.849020004272461,9.401082992553711,0,1,0,0,0,1,47774,1194,streaming
4270,-1,52,1,1458,-1,52,1,2864,-1,1458,-1,4270,-1,52,1,0.025987625122070312,0.1571178436279297,0.06008148193359375,0.0019073486328125,0.06508827209472656,0.06198883056640625,0.02384185791015625,53797,52,4270,11,21,11,21,2.0351409912109375,0.16188621520996094,0,1,0,0,1,1,47774,1194,streaming
1458,-1,4270,-1,52,1,1458,-1,1458,-1,52,1,52,1,1458,-1,0.05412101745605469,0.016927719116210938,0.050067901611328125,0.06604194641113281,0.13589859008789062,0.15497207641601562,0.08606910705566406,55088,52,4270,7,25,7,25,2.1381378173828125,0.49996376037597656,0,1,0,0,1,1,47774,1194,streaming
3213,-1,1458,-1,1458,-1,52,1,52,1,52,1,286,-1,167,1,0.041961669921875,0.052928924560546875,0.07915496826171875,0.012874603271484375,0.3840923309326172,0.1308917999267578,1.972198486328125,32220,52,3213,12,20,11,19,7.771968841552734,1.972198486328125,0,1,0,0,1,1,47774,1194,streaming
1458,-1,1458,-1,2864,-1,2864,-1,1458,-1,2864,-1,2864,-1,2864,-1,0.03504753112792969,0.03814697265625,0.03981590270996094,0.03910064697265625,0.0438690185546875,0.04506111145019531,0.048160552978515625,70544,52,4270,5,27,4,27,2.089977264404297,0.3600120544433594,0,1,0,0,0,1,47774,1194,streaming
52,1,1458,-1,4270,-1,2864,-1,1458,-1,2864,-1,2864,-1,4270,-1,0.20194053649902344,0.06318092346191406,0.05984306335449219,0.06198883056640625,0.00095367431640625,0.06103515625,0.06103515625,67621,52,4270,5,27,5,27,1.7189979553222656,0.20194053649902344,0,1,0,0,0,1,47774,1194,streaming
2864,-1,2864,-1,52,1,52,1,2864,-1,1458,-1,1458,-1,2864,-1,0.05888938903808594,0.009059906005859375,0.0030994415283203125,0.11897087097167969,0.04696846008300781,0.0019073486328125,0.06008148193359375,69497,52,4270,6,26,6,26,1.5709400177001953,0.19693374633789062,0,1,0,0,0,1,47774,1194,streaming
4270,-1,2864,-1,52,1,1458,-1,1458,-1,4270,-1,2864,-1,4270,-1,0.06008148193359375,0.03600120544433594,0.02193450927734375,0.1881122589111328,0.0629425048828125,0.06198883056640625,0.06103515625,80973,52,5676,9,23,9,22,3.134012222290039,0.9899139404296875,0,1,0,0,0,1,47774,1194,streaming
1458,1,1458,1,1575,-1,1458,1,1458,1,1458,-1,1458,-1,1458,-1,0.15115737915039062,0.016927719116210938,0.13303756713867188,0.14781951904296875,0.141143798828125,0.04601478576660156,0.00095367431640625,50040,52,4270,9,23,4,28,5.383968353271484,2.5429725646972656,0,1,0,0,0,1,47774,1194,streaming
183,1,52,-1,183,-1,52,1,167,1,52,-1,679,1,52,-1,0.3750324249267578,3.782987594604492,0.3409385681152344,0.5500316619873047,46.55313491821289,0.6358623504638672,0.34809112548828125,10464,52,1575,16,16,24,4,81.65216445922852,46.55313491821289,0,1,0,0,1,1,47774,1194,streaming
362,-1,167,1,52,-1,167,1,52,-1,167,1,52,-1,167,-1,0.26798248291015625,0.28705596923828125,0.3790855407714844,0.29587745666503906,1.1310577392578125,0.2090930938720703,3.6919116973876953,23055,52,4270,12,20,22,7,124.66311454772949,65.47713279724121,0,1,0,0,1,1,47774,1194,streaming
4270,-1,2864,-1,52,1,2864,-1,52,1,1458,-1,4270,-1,2864,-1,0.06103515625,0.02288818359375,0.03814697265625,0.13899803161621094,0.14495849609375,0.06389617919921875,0.06008148193359375,75942,52,4270,7,25,7,25,1.8210411071777344,0.21505355834960938,0,1,0,0,0,1,47774,1194,streaming
1458,-1,2864,-1,2864,-1,4270,-1,2864,-1,1458,-1,2864,-1,4270,-1,0.00095367431640625,0.06103515625,0.06079673767089844,0.06103515625,0.06198883056640625,0.0011920928955078125,0.06198883056640625,80273,52,4270,5,27,2,30,1.3518333435058594,0.07009506225585938,0,1,0,0,1,1,47774,1194,streaming
1458,-1,1458,1,1458,1,52,1,52,1,1458,-1,1458,-1,1458,-1,0.04601478576660156,0.0209808349609375,0.00095367431640625,0.05698204040527344,0.049114227294921875,0.018835067749023438,0.025033950805664062,47116,52,4270,10,22,8,23,12.866973876953125,11.695146560668945,0,1,0,0,1,1,47774,1194,streaming
1458,-1,4270,-1,2864,-1,4270,-1,2864,-1,4270,-1,52,1,1333,-1,0.06198883056640625,0.06103515625,0.06198883056640625,0.06103515625,0.0629425048828125,0.04601478576660156,0.012874603271484375,52151,52,4270,12,20,8,23,3.473997116088867,1.5490055084228516,0,1,0,0,0,1,47774,1194,streaming
2864,-1,2864,-1,2864,-1,2864,-1,4270,-1,2864,-1,2864,-1,1098,1,0.05888938903808594,0.06103515625,0.06198883056640625,0.0629425048828125,0.06008148193359375,0.06103515625,0.025987625122070312,91982,52,4270,4,28,3,28,1.6069412231445312,0.06318092346191406,0,1,0,0,0,1,47774,1194,streaming
52,1,1458,-1,1458,-1,1458,-1,1458,-1,52,1,1458,-1,4270,-1,0.06008148193359375,0.06198883056640625,0.06103515625,0.06198883056640625,0.09489059448242188,0.010013580322265625,0.06318092346191406,67034,52,4270,6,26,6,26,1.3890266418457031,0.09489059448242188,0,1,0,0,0,1,47774,1194,streaming
1458,-1,52,1,2864,-1,52,1,869,-1,52,1,52,1,52,1,0.0,0.06103515625,0.0030994415283203125,0.05698204040527344,0.00286102294921875,0.37407875061035156,0.013113021850585938,57192,52,4270,9,23,9,22,2.3751258850097656,0.3800392150878906,0,1,0,0,0,1,47774,1194,streaming
2864,-1,1458,1,1458,1,1458,1,1458,1,52,1,868,1,1458,-1,0.025987625122070312,0.04696846008300781,0.015974044799804688,0.01811981201171875,0.1838207244873047,0.1220703125,0.013113021850585938,56021,52,4270,9,23,6,25,1.6028881072998047,0.1838207244873047,0,1,0,0,1,1,47774,1194,streaming
1458,-1,1458,-1,2864,-1,52,1,1458,-1,1458,-1,2864,-1,4734,-1,0.00095367431640625,0.048160552978515625,0.041961669921875,0.009059906005859375,0.00095367431640625,0.052928924560546875,0.05602836608886719,79458,52,4734,4,28,4,28,1.3091564178466797,0.0629425048828125,0,1,0,0,1,1,47774,1194,streaming
4270,-1,52,1,1458,-1,1458,-1,4270,-1,1458,-1,1458,-1,4270,-1,0.04792213439941406,0.011920928955078125,0.0011920928955078125,0.0629425048828125,0.05984306335449219,0.0011920928955078125,0.06079673767089844,66681,52,4270,7,25,7,25,1.6829967498779297,0.29087066650390625,0,1,0,0,0,1,47774,1194,streaming
183,1,52,-1,183,-1,52,1,167,1,52,-1,679,1,52,-1,0.28705596923828125,3.6449432373046875,0.5500316619873047,0.6480216979980469,40.50898551940918,0.5419254302978516,0.19812583923339844,6681,52,1575,14,18,26,1,136.56115531921387,41.496992111206055,0,1,0,0,1,1,47774,1194,streaming
167,-1,1458,-1,1458,-1,1458,-1,52,1,1046,-1,167,1,52,-1,14.65296745300293,0.012159347534179688,0.025987625122070312,0.5459785461425781,0.2799034118652344,0.3609657287597656,0.32711029052734375,28443,52,2864,8,24,12,16,26.96704864501953,14.65296745300293,0,1,0,0,1,1,47774,1194,streaming
52,-1,52,1,282,1,52,-1,397,1,52,-1,167,1,52,-1,0.2682209014892578,0.08296966552734375,0.23984909057617188,0.4429817199707031,0.2601146697998047,0.45299530029296875,0.308990478515625,30696,52,2864,11,21,12,16,6.321191787719727,1.8260478973388672,0,1,0,0,0,1,47774,1194,streaming
52,1,1222,-1,52,-1,1458,-1,1458,-1,742,1,1458,-1,1458,-1,0.11992454528808594,0.0011920928955078125,0.308990478515625,0.041961669921875,0.1990795135498047,0.05888938903808594,0.04696846008300781,42868,52,2864,10,22,8,20,11.301040649414062,8.01396369934082,0,1,0,0,0,1,47774,1194,streaming
1458,-1,486,1,1458,-1,1458,-1,2864,-1,2864,-1,2864,-1,52,1,0.030994415283203125,0.02193450927734375,0.05698204040527344,0.00095367431640625,0.05507469177246094,0.06008148193359375,0.033855438232421875,51302,52,4270,10,22,9,22,1.870870590209961,0.32782554626464844,0,1,0,0,1,1,47774,1194,streaming
4270,-1,2864,-1,52,1,52,1,52,1,1458,-1,4270,-1,2864,-1,0.06008148193359375,0.015974044799804688,0.00286102294921875,0.24700164794921875,0.09799003601074219,0.06222724914550781,0.06079673767089844,58602,52,4270,8,24,8,23,11.80410385131836,9.865045547485352,0,1,0,0,0,1,47774,1194,streaming
4270,-1,2864,-1,52,1,282,-1,1458,-1,4270,-1,2864,-1,2864,-1,0.04982948303222656,0.03600120544433594,0.0171661376953125,0.00095367431640625,0.054836273193359375,0.051021575927734375,0.05316734313964844,72194,52,4270,6,26,6,25,1.580953598022461,0.3600120544433594,0,1,0,0,0,1,47774,1194,streaming
52,1,748,-1,1458,-1,1458,-1,2864,-1,1458,-1,1458,-1,2864,-1,0.02288818359375,0.13113021850585938,0.04696846008300781,0.050067901611328125,0.051021575927734375,0.00095367431640625,0.051975250244140625,57073,52,4270,9,23,9,22,1.7619132995605469,0.21004676818847656,0,1,0,0,0,1,47774,1194,streaming
1458,-1,4270,-1,2864,-1,2864,-1,52,1,52,1,2864,-1,4270,-1,0.06198883056640625,0.06103515625,0.06198883056640625,0.0059604644775390625,0.0021457672119140625,1.2738704681396484,0.06198883056640625,78752,52,4270,8,24,8,24,2.643108367919922,1.2738704681396484,0,1,0,0,0,1,47774,1194,streaming
2864,-1,4270,-1,2864,-1,52,1,1458,-1,2390,-1,4270,-1,52,1,0.06008148193359375,0.06103515625,0.054836273193359375,0.007152557373046875,0.0,0.06079673767089844,0.028133392333984375,53001,52,4270,9,23,7,23,6.43610954284668,3.304004669189453,0,1,0,0,1,1,47774,1194,streaming
1458,-1,1458,-1,1458,-1,1458,-1,1458,-1,1458,-1,2864,-1,1458,-1,0.026226043701171875,0.028848648071289062,0.030994415283203125,0.03314018249511719,0.033855438232421875,0.03814697265625,0.03790855407714844,64934,52,4270,2,30,2,30,1.5861988067626953,0.15091896057128906,0,1,0,0,0,1,47774,1194,streaming
52,1,1458,-1,4270,-1,2864,-1,4270,-1,2864,-1,2864,-1,52,1,0.052928924560546875,0.06198883056640625,0.06008148193359375,0.06198883056640625,0.06103515625,0.06103515625,0.003814697265625,71722,52,4270,7,25,7,25,1.4259815216064453,0.07390975952148438,0,1,0,0,0,1,47774,1194,streaming
183,1,183,-1,52,1,167,1,52,-1,679,1,52,-1,167,-1,4.081010818481445,0.6120204925537109,0.5769729614257812,49.64399337768555,0.6721019744873047,0.2868175506591797,3.690004348754883,10774,52,1575,16,16,23,4,86.10010147094727,49.64399337768555,0,1,0,0,1,1,47774,1194,streaming
167,1,52,-1,167,1,52,-1,167,-1,52,1,183,1,52,-1,0.2970695495605469,1.1060237884521484,0.3159046173095703,3.6950111389160156,0.5970001220703125,21.00205421447754,0.25391578674316406,9302,52,1575,14,18,25,3,60.90497970581055,21.00205421447754,0,1,0,0,1,1,47774,1194,streaming
1458,-1,1458,-1,1458,-1,1458,-1,1458,-1,1458,-1,1458,-1,1458,-1,0.0171661376953125,0.0209808349609375,0.02193450927734375,0.024080276489257812,0.026941299438476562,0.029087066650390625,0.029802322387695312,33263,52,2864,8,24,9,20,6.036043167114258,1.4910697937011719,0,1,0,0,0,1,47774,1194,streaming
1458,-1,1458,-1,988,-1,167,1,52,1,1458,-1,2864,-1,1458,-1,0.026941299438476562,0.028133392333984375,0.34499168395996094,0.12302398681640625,0.1049041748046875,0.03504753112792969,0.032901763916015625,29998,52,2864,10,22,11,17,3.1290054321289062,0.34499168395996094,0,1,0,0,0,1,47774,1194,streaming
1458,-1,52,1,1458,-1,988,-1,1458,-1,512,1,52,1,52,-1,0.04601478576660156,0.07081031799316406,0.029087066650390625,0.23508071899414062,0.026941299438476562,0.06508827209472656,0.08988380432128906,27180,52,2864,11,21,13,14,4.369020462036133,0.4749298095703125,0,1,0,0,1,1,47774,1194,streaming
1458,-1,1458,-1,1458,-1,1222,-1,627,1,52,1,1458,-1,1458,-1,0.04291534423828125,0.0171661376953125,0.016927719116210938,0.4279613494873047,0.010967254638671875,0.10395050048828125,0.030040740966796875,41938,52,2864,8,24,6,22,2.711057662963867,0.4279613494873047,0,1,0,0,0,1,47774,1194,streaming
627,1,1458,-1,2864,-1,2864,-1,2864,-1,2864,-1,1105,-1,1458,-1,0.11610984802246094,0.041961669921875,0.04506111145019531,0.04696846008300781,0.04887580871582031,0.2510547637939453,0.38814544677734375,50955,52,4270,8,24,5,21,3.0171871185302734,0.5190372467041016,0,1,0,0,1,1,47774,1194,streaming
2864,-1,1458,-1,1458,-1,2864,-1,2864,-1,4270,-1,397,1,2864,-1,0.21505355834960938,0.06079673767089844,0.0011920928955078125,0.06079673767089844,0.06413459777832031,0.011920928955078125,0.048160552978515625,60585,52,4270,8,24,7,24,2.6760101318359375,0.3750324249267578,0,1,0,0,1,1,47774,1194,streaming
1458,-1,52,1,1458,-1,4270,-1,2864,-1,4270,-1,2864,-1,52,1,0.016927719116210938,0.07891654968261719,0.06413459777832031,0.0629425048828125,0.06389617919921875,0.05817413330078125,0.09894371032714844,60944,52,4270,9,23,9,22,2.324819564819336,0.29206275939941406,0,1,0,0,1,1,47774,1194,streaming
1458,-1,4270,-1,52,1,1458,-1,4270,-1,2864,-1,4270,-1,52,1,0.06413459777832031,0.11086463928222656,0.2541542053222656,0.06079673767089844,0.06103515625,0.06103515625,0.030994415283203125,43583,52,4270,12,20,9,21,8.427143096923828,3.371000289916992,0,1,0,0,0,1,47774,1194,streaming
1458,-1,1458,-1,2864,-1,1458,-1,52,1,1458,-1,2864,-1,2864,-1,0.03409385681152344,0.033855438232421875,0.03814697265625,0.13494491577148438,0.00095367431640625,0.0400543212890625,0.04506111145019531,68444,52,4270,6,26,6,25,2.0461082458496094,0.2789497375488281,0,1,0,0,0,1,47774,1194,streaming
2864,-1,52,1,1458,-1,3328,-1,1458,-1,2864,-1,4270,-1,2864,-1,0.0069141387939453125,0.31495094299316406,0.06604194641113281,0.0021457672119140625,0.05698204040527344,0.06389617919921875,0.0591278076171875,79216,52,4270,5,27,5,27,1.8379688262939453,0.31495094299316406,0,1,0,0,1,1,47774,1194,streaming
52,1,52,1,52,1,1452,-1,167,1,1458,1,1458,1,52,-1,0.13399124145507812,1.447916030883789,0.33211708068847656,1.0139942169189453,0.30684471130371094,0.14710426330566406,0.10704994201660156,38086,52,2864,11,21,9,22,8.07499885559082,2.6099681854248047,0,1,0,0,0,1,47774,1194,streaming
1458,-1,1458,-1,2864,-1,2864,-1,2864,-1,4270,-1,2864,-1,4270,-1,0.00095367431640625,0.04887580871582031,0.050067901611328125,0.05412101745605469,0.054836273193359375,0.05698204040527344,0.06103515625,56424,52,4270,7,25,4,26,28.894901275634766,26.48305892944336,0,1,0,0,1,1,47774,1194,streaming
52,1,637,-1,1458,-1,1458,-1,1458,-1,2864,-1,1458,-1,52,1,0.10704994201660156,0.05698204040527344,0.04291534423828125,0.04506111145019531,0.04792213439941406,0.048160552978515625,0.2269744873046875,38450,52,2864,9,23,9,20,3.33404541015625,0.3619194030761719,0,1,0,0,0,1,47774,1194,streaming
1458,-1,2864,-1,52,1,52,1,754,-1,1458,-1,2864,-1,1458,-1,0.051021575927734375,0.15687942504882812,0.1800060272216797,0.12612342834472656,0.42700767517089844,0.04792213439941406,0.049114227294921875,42269,52,2864,9,23,9,20,4.223108291625977,0.7991790771484375,0,1,0,0,1,1,47774,1194,streaming
1458,-1,1458,-1,637,-1,1458,-1,52,1,1458,-1,1458,-1,2864,-1,0.025033950805664062,0.0400543212890625,0.09083747863769531,0.025987625122070312,0.06222724914550781,0.032901763916015625,0.03504753112792969,36459,52,2864,9,23,9,21,2.794981002807617,0.36406517028808594,0,1,0,0,0,1,47774,1194,streaming
1458,-1,52,1,754,-1,1458,-1,2864,-1,2864,-1,52,1,1458,-1,0.2009868621826172,0.21600723266601562,0.2739429473876953,0.048160552978515625,0.04982948303222656,0.019073486328125,0.030994415283203125,36925,52,2864,10,22,10,18,3.3969879150390625,0.3228187561035156,0,1,0,0,0,1,47774,1194,streaming
2864,-1,1458,1,1458,1,52,1,52,-1,52,1,805,1,754,-1,0.04291534423828125,0.0209808349609375,0.21195411682128906,0.03814697265625,0.11801719665527344,0.33092498779296875,0.053882598876953125,38735,52,2864,10,22,8,21,3.220796585083008,0.3390312194824219,0,1,0,0,1,1,47774,1194,streaming
52,1,52,1,1458,-1,1458,-1,754,-1,52,1,52,1,1458,-1,0.17714500427246094,0.03790855407714844,0.11110305786132812,0.054836273193359375,0.2200603485107422,0.13589859008789062,0.2601146697998047,38331,52,4270,11,21,11,17,3.6079883575439453,0.37407875061035156,0,1,0,0,0,1,47774,1194,streaming
1458,-1,1458,-1,1458,1,1458,1,52,1,52,1,754,-1,1458,-1,0.00095367431640625,0.13017654418945312,0.11801719665527344,0.07987022399902344,0.15997886657714844,0.26297569274902344,0.27108192443847656,42122,52,4270,11,21,8,22,3.4101009368896484,0.34999847412109375,0,1,0,0,1,1,47774,1194,streaming
52,1,754,-1,1458,-1,2864,-1,2864,-1,1458,-1,1458,-1,4270,-1,0.12302398681640625,0.3910064697265625,0.048160552978515625,0.04887580871582031,0.051021575927734375,0.7081031799316406,0.05698204040527344,53168,52,4270,7,25,5,24,5.342006683349609,0.7369518280029297,0,1,0,0,0,1,47774,1194,streaming
4270,-1,52,1,1458,-1,52,1,2864,-1,52,1,1458,-1,1458,-1,0.22292137145996094,0.12087821960449219,0.06222724914550781,0.00095367431640625,0.15997886657714844,0.054836273193359375,0.06222724914550781,36167,52,4270,14,18,11,19,3.0689239501953125,0.3960132598876953,0,1,0,0,1,1,47774,1194,streaming
1458,-1,2864,-1,1458,-1,1458,-1,1456,-1,52,1,52,1,52,1,0.03409385681152344,0.03409385681152344,0.18596649169921875,0.03886222839355469,0.05412101745605469,0.18286705017089844,0.2741813659667969,44530,52,4270,11,21,9,20,3.3731460571289062,0.3371238708496094,0,1,0,0,0,1,47774,1194,streaming
183,1,52,-1,183,-1,52,1,167,1,52,-1,679,1,52,-1,0.3039836883544922,3.7229061126708984,0.51116943359375,0.6380081176757812,0.3018379211425781,0.5371570587158203,0.3190040588378906,20090,52,1575,10,22,17,11,38.59996795654297,14.423131942749023,0,1,0,0,1,1,47774,1194,streaming
1458,-1,52,1,273,-1,1458,-1,1458,-1,1458,-1,52,1,1458,-1,0.2911090850830078,0.23794174194335938,0.031948089599609375,0.030040740966796875,0.03218650817871094,0.027894973754882812,0.10991096496582031,33608,52,2864,12,20,8,16,7.250070571899414,3.4089088439941406,0,1,0,0,1,1,47774,1194,streaming
1575,-1,1458,-1,1458,-1,1458,-1,52,1,52,1,1458,-1,1458,-1,0.010967254638671875,0.02002716064453125,0.025987625122070312,0.46706199645996094,0.010967254638671875,0.09799003601074219,0.030040740966796875,42785,52,2864,9,23,9,20,3.9119720458984375,0.46706199645996094,0,1,0,0,1,1,47774,1194,streaming
1458,-1,52,1,169,-1,183,1,1575,-1,2864,-1,1458,-1,1458,-1,0.453948974609375,0.2338886260986328,16.073226928710938,4.2438507080078125,0.011920928955078125,0.38313865661621094,0.014066696166992188,27525,52,2864,11,21,13,14,150.50697326660156,43.424129486083984,0,1,0,0,0,1,47774,1194,streaming
167,-1,167,1,52,-1,167,-1,52,1,167,1,52,-1,167,1,1.4700889587402344,0.34999847412109375,446.307897567749,46.96297645568848,684.0879917144775,0.3600120544433594,0.5049705505371094,25710,52,2864,11,21,16,15,1184.5459938049316,684.0879917144775,0,1,0,0,1,1,47774,1194,streaming
2864,-1,167,1,1458,-1,52,1,52,1,52,-1,52,1,52,1,0.04100799560546875,0.007152557373046875,0.007867813110351562,0.04506111145019531,0.010967254638671875,0.0030994415283203125,0.2148151397705078,19426,52,2864,15,17,18,9,4.719018936157227,0.7729530334472656,0,1,0,0,1,1,47774,1194,streaming
1458,-1,1458,-1,52,1,286,-1,52,1,167,1,52,-1,282,1,0.030040740966796875,0.03409385681152344,0.2307891845703125,0.08511543273925781,0.26702880859375,0.26488304138183594,0.30612945556640625,17011,52,1575,14,18,20,10,6.093025207519531,0.8227825164794922,0,1,0,0,0,1,47774,1194,streaming
52,-1,1575,-1,1458,-1,1458,-1,397,1,52,1,286,-1,1458,-1,0.03981590270996094,0.012159347534179688,0.027894973754882812,0.22912025451660156,0.19788742065429688,0.23698806762695312,0.03910064697265625,27412,52,2864,12,20,11,15,3.607034683227539,0.41294097900390625,0,1,0,0,0,1,47774,1194,streaming
1458,-1,1458,-1,1458,-1,282,1,52,1,52,1,1458,-1,520,-1,0.026941299438476562,0.025033950805664062,0.26702880859375,0.00095367431640625,0.09393692016601562,0.11801719665527344,0.26798248291015625,32689,52,2864,11,21,7,17,4.174947738647461,0.5159378051757812,0,1,0,0,0,1,47774,1194,streaming
1458,-1,1458,-1,2394,-1,52,1,1458,-1,52,1,1458,-1,52,1,0.3590583801269531,0.051975250244140625,0.0019073486328125,0.34809112548828125,0.051021575927734375,0.0050067901611328125,0.37097930908203125,32217,52,2864,12,20,10,18,4.133939743041992,0.4677772521972656,0,1,0,0,0,1,47774,1194,streaming
1458,-1,1458,-1,520,-1,52,1,167,1,52,1,52,-1,1575,-1,0.03600120544433594,0.00095367431640625,0.17213821411132812,0.1239776611328125,0.12803077697753906,0.09799003601074219,0.10991096496582031,30228,52,2864,11,21,9,16,3.498077392578125,0.5278587341308594,0,1,0,0,0,1,47774,1194,streaming
1458,-1,1458,-1,397,1,52,1,520,-1,1458,-1,1458,-1,1458,-1,0.04315376281738281,0.19407272338867188,0.31185150146484375,0.03814697265625,0.25177001953125,0.03719329833984375,0.1690387725830078,36314,52,2864,10,22,6,18,3.699064254760742,0.4470348358154297,0,1,0,0,1,1,47774,1194,streaming
104,-1,104,1,96,-1,613,-1,96,1,1494,1,1494,1,1494,1,4.010915756225586,0.7970333099365234,0.5919933319091797,4.09388542175293,14.508962631225586,0.012159347534179688,0.00095367431640625,15597,96,1494,17,15,19,7,76.81989669799805,14.58597183227539,0,0,0,0,0,0,0,0,streaming
96,1,1494,1,668,1,1494,1,1494,1,1494,1,1494,1,1494,1,3.041982650756836,0.00095367431640625,0.010967254638671875,0.014066696166992188,0.027894973754882812,0.0171661376953125,0.0209808349609375,34400,96,1494,24,8,9,22,9.40704345703125,3.5619735717773438,0,0,0,0,0,0,0,0,streaming
1494,1,1494,1,1494,1,1494,1,1494,1,96,-1,1494,1,1494,1,0.03504753112792969,0.03695487976074219,0.0011920928955078125,0.03790855407714844,0.14090538024902344,0.5350112915039062,0.04410743713378906,36624,96,1494,24,8,8,24,3.7851333618164062,0.6220340728759766,0,0,0,0,0,0,0,0,streaming
1494,1,1494,1,1494,1,1494,1,1494,1,1494,1,1494,1,1494,1,0.051975250244140625,0.03814697265625,0.3528594970703125,0.03695487976074219,0.0021457672119140625,0.0019073486328125,0.029087066650390625,40818,96,1494,27,5,5,27,2.2230148315429688,0.5090236663818359,0,0,0,0,0,0,0,0,streaming
96,-1,96,-1,1494,1,96,-1,96,-1,1494,1,1494,1,1494,1,0.5540847778320312,0.04100799560546875,0.14495849609375,0.010967254638671875,0.27298927307128906,0.06103515625,0.00286102294921875,35226,96,1494,23,9,9,23,2.7780532836914062,0.5540847778320312,0,0,0,0,0,0,0,0,streaming
96,-1,1494,1,1494,1,1494,1,1494,1,1494,1,1494,1,1494,1,0.26607513427734375,0.025987625122070312,0.00095367431640625,0.029087066650390625,0.00095367431640625,0.15592575073242188,0.04100799560546875,39420,96,1494,26,6,6,26,1.4030933380126953,0.28395652770996094,0,0,0,0,0,0,0,0,streaming
1494,1,96,-1,96,-1,1494,1,1494,1,1494,1,2988,1,1494,1,0.5190372467041016,0.010967254638671875,0.030994415283203125,0.06008148193359375,0.0019073486328125,0.00095367431640625,0.05602836608886719,35322,96,2988,22,10,10,22,2.193927764892578,0.5190372467041016,0,0,0,0,0,0,0,0,streaming
1494,1,1494,1,1494,1,1494,1,1494,1,1494,1,1494,1,1494,1,0.05984306335449219,0.00095367431640625,0.0011920928955078125,0.00095367431640625,0.05793571472167969,0.0019073486328125,0.0011920928955078125,47808,1494,1494,32,0,0,32,1.1057853698730469,0.308990478515625,0,0,0,0,0,0,0,0,streaming
1494,1,96,-1,96,-1,96,-1,96,-1,96,-1,1494,1,1494,1,0.19598007202148438,0.3199577331542969,0.009059906005859375,0.13399124145507812,0.15997886657714844,0.6978511810302734,0.015020370483398438,40818,96,1494,27,5,5,27,2.1119117736816406,0.6978511810302734,0,0,0,0,0,0,0,0,streaming
1494,1,1494,1,1494,1,1494,1,1494,1,1494,1,1494,1,1494,1,0.049114227294921875,0.00095367431640625,0.00095367431640625,0.049114227294921875,0.00095367431640625,0.05507469177246094,0.00095367431640625,42216,96,1494,28,4,4,28,0.7920265197753906,0.15401840209960938,0,0,0,0,0,0,0,0,streaming
1494,1,1494,1,1494,1,1494,1,1494,1,1494,1,1494,1,1494,1,0.0019073486328125,0.0019073486328125,0.0011920928955078125,0.052928924560546875,0.00095367431640625,0.00095367431640625,0.06008148193359375,38022,96,1494,25,7,7,25,0.7679462432861328,0.21696090698242188,0,0,0,0,0,0,0,0,streaming
1494,1,1494,1,1494,1,1494,1,1494,1,1494,1,1494,1,96,-1,0.06103515625,0.0019073486328125,0.00095367431640625,0.18310546875,0.00095367431640625,0.00095367431640625,0.03814697265625,35226,96,1494,23,9,9,23,2.810955047607422,1.0750293731689453,0,0,0,0,0,0,0,0,streaming
104,1,104,-1,96,1,613,1,96,-1,1494,-1,1494,-1,1494,-1,3.985881805419922,1.1019706726074219,0.6570816040039062,3.969907760620117,14.229059219360352,0.0629425048828125,0.00095367431640625,30336,96,2988,11,21,12,16,41.116952896118164,14.229059219360352,0,0,0,0,0,0,0,0,streaming
1494,-1,1494,-1,1494,-1,1494,-1,1494,-1,1494,-1,1494,-1,96,1,0.0021457672119140625,0.16999244689941406,0.06198883056640625,0.0019073486328125,0.00095367431640625,0.05817413330078125,0.6959438323974609,38022,96,1494,7,25,7,25,3.2529830932617188,0.6959438323974609,0,0,0,0,0,0,0,0,streaming
1494,-1,96,1,96,1,96,1,96,1,1494,-1,1494,-1,1494,-1,0.080108642578125,0.2779960632324219,0.2689361572265625,0.247955322265625,0.9140968322753906,0.00095367431640625,0.06008148193359375,38022,96,1494,7,25,7,25,4.145145416259766,0.9140968322753906,0,0,0,0,0,0,0,0,streaming
1494,-1,1494,-1,1494,-1,1494,-1,1494,-1,1494,-1,96,1,96,1,0.0021457672119140625,0.00095367431640625,0.0019073486328125,0.0591278076171875,0.0019073486328125,0.06198883056640625,0.014066696166992188,40818,96,1494,5,27,5,27,2.933979034423828,0.6909370422363281,0,0,0,0,0,0,0,0,streaming
1494,-1,1494,-1,1494,-1,1494,-1,1494,-1,1494,-1,1494,-1,1494,-1,0.0021457672119140625,0.0629425048828125,0.0019073486328125,0.0011920928955078125,0.682830810546875,0.06198883056640625,0.0021457672119140625,43614,96,1494,3,29,3,29,2.111196517944336,0.682830810546875,0,0,0,0,0,0,0,0,streaming
1494,-1,1494,-1,96,1,96,1,96,1,96,1,1494,-1,1494,-1,0.0021457672119140625,0.07081031799316406,0.014066696166992188,0.00095367431640625,0.11014938354492188,0.2758502960205078,0.0021457672119140625,36624,96,1494,8,24,8,24,1.608133316040039,0.3800392150878906,0,0,0,0,0,0,0,0,streaming
96,1,96,1,96,1,1494,-1,1494,-1,1494,-1,1494,-1,1494,-1,0.35119056701660156,0.3528594970703125,1.0650157928466797,0.06103515625,0.0019073486328125,0.0011920928955078125,0.15878677368164062,42216,96,1494,4,28,4,28,2.716064453125,1.0650157928466797,0,0,0,0,0,0,0,0,streaming
96,1,1494,-1,1494,-1,1494,-1,1494,-1,1494,-1,1494,-1,1494,-1,0.23794174194335938,0.06413459777832031,0.0019073486328125,0.00095367431640625,0.0021457672119140625,0.054836273193359375,0.00095367431640625,39420,96,1494,6,26,6,26,1.0449886322021484,0.23794174194335938,0,0,0,0,0,0,0,0,streaming
1494,-1,1494,-1,1494,-1,1494,-1,1494,-1,1494,-1,1494,-1,1494,-1,0.0021457672119140625,0.00095367431640625,0.05793571472167969,0.00095367431640625,0.0021457672119140625,0.05793571472167969,0.0019073486328125,36624,96,1494,8,24,8,24,1.104116439819336,0.3001689910888672,0,0,0,0,0,0,0,0,streaming
96,1,1494,-1,1494,-1,1494,-1,1494,-1,1494,-1,1494,-1,1494,-1,0.03314018249511719,0.00095367431640625,0.06103515625,0.0019073486328125,0.0021457672119140625,0.05698204040527344,0.0019073486328125,40818,96,1494,5,27,5,27,0.92315673828125,0.2548694610595703,0,0,0,0,0,0,0,0,streaming
1494,-1,1494,-1,1494,-1,1494,-1,1494,-1,1494,-1,1494,-1,1494,-1,0.0019073486328125,0.06008148193359375,0.0019073486328125,0.0011920928955078125,0.0019073486328125,0.053882598876953125,0.0021457672119140625,43614,96,1494,3,29,3,29,0.8029937744140625,0.1621246337890625,0,0,0,0,0,0,0,0,streaming
1494,-1,1494,-1,1494,-1,1494,-1,1494,-1,1494,-1,1494,-1,1494,-1,0.0011920928955078125,0.05984306335449219,0.0030994415283203125,0.00095367431640625,0.0019073486328125,0.05507469177246094,0.0019073486328125,40818,96,1494,5,27,5,27,1.3110637664794922,0.4191398620605469,0,0,0,0,0,0,0,0,streaming
104,1,104,-1,96,1,613,1,96,-1,1494,-1,2988,-1,622,-1,4.051923751831055,0.8530616760253906,0.453948974609375,4.101991653442383,14.338016510009766,0.06198883056640625,0.00095367431640625,20747,96,2988,14,18,19,8,81.07900619506836,14.393806457519531,0,0,0,0,0,0,0,0,streaming
1494,-1,1494,-1,1494,-1,1494,-1,1494,-1,2988,-1,1494,-1,2988,-1,0.0019073486328125,0.00095367431640625,0.06318092346191406,0.00095367431640625,0.6349086761474609,0.00095367431640625,0.0591278076171875,41202,96,2988,9,23,9,23,7.200002670288086,3.306150436401367,0,0,0,0,0,0,0,0,streaming
1494,-1,1494,-1,1494,-1,96,1,96,1,96,1,1494,-1,2988,-1,0.06198883056640625,0.0011920928955078125,0.053882598876953125,0.4379749298095703,0.2751350402832031,0.07987022399902344,0.0629425048828125,46080,96,2988,5,27,5,24,47.515153884887695,22.015094757080078,0,0,0,0,0,0,0,0,streaming
1494,-1,1494,-1,1494,-1,1494,-1,1494,-1,1494,-1,422,-1,422,-1,0.00095367431640625,0.00095367431640625,0.05793571472167969,0.0011920928955078125,0.00095367431640625,0.00095367431640625,24.018049240112305,35196,32,1494,4,28,7,22,427.10185050964355,120.62883377075195,0,0,0,0,0,0,0,0,streaming
1494,-1,1494,-1,1494,-1,1494,-1,96,1,96,1,96,1,96,1,0.022172927856445312,0.02002716064453125,0.02288818359375,0.04100799560546875,0.18310546875,0.013828277587890625,0.4901885986328125,31456,96,1494,11,21,11,20,2.722024917602539,0.6289482116699219,0,0,0,0,0,0,0,0,streaming
96,1,96,1,96,1,1494,-1,1494,-1,96,1,1494,-1,1494,-1,0.3299713134765625,0.21910667419433594,1.004934310913086,0.03504753112792969,0.8530616760253906,0.09989738464355469,0.03910064697265625,30608,96,1494,12,20,12,19,9.4451904296875,1.2059211730957031,0,0,0,0,0,0,0,0,streaming
1494,-1,1494,-1,1494,-1,96,1,1494,-1,1494,-1,1494,-1,96,1,0.03695487976074219,0.00095367431640625,0.09894371032714844,0.21219253540039062,0.017881393432617188,0.02002716064453125,0.23794174194335938,35226,96,1494,9,23,9,23,3.435850143432617,0.6558895111083984,0,0,0,0,0,0,0,0,streaming
1494,-1,1494,-1,1494,-1,1494,-1,1494,-1,96,1,96,1,1494,-1,0.0011920928955078125,0.00095367431640625,0.051021575927734375,0.00095367431640625,0.1010894775390625,0.012874603271484375,0.598907470703125,36624,96,1494,8,24,8,24,3.4301280975341797,0.6799697875976562,0,0,0,0,0,0,0,0,streaming
1494,-1,1494,-1,1494,-1,96,1,1494,-1,1494,-1,1494,-1,1494,-1,0.00095367431640625,0.04100799560546875,0.03600120544433594,0.286102294921875,0.04696846008300781,0.00095367431640625,0.049114227294921875,38118,96,2988,8,24,8,24,3.1881332397460938,0.637054443359375,0,0,0,0,0,0,0,0,streaming
96,1,1494,-1,1494,-1,1494,-1,1494,-1,1494,-1,96,1,1494,-1,0.3178119659423828,0.3211498260498047,0.0629425048828125,0.00095367431640625,0.00095367431640625,0.04315376281738281,0.016927719116210938,32526,96,2988,12,20,12,20,3.215789794921875,0.4451274871826172,0,0,0,0,0,0,0,0,streaming
1494,-1,1494,-1,1494,-1,96,1,96,1,1494,-1,1494,-1,1494,-1,0.00095367431640625,0.00095367431640625,0.009059906005859375,0.40793418884277344,0.04410743713378906,0.06198883056640625,0.00095367431640625,36624,96,1494,8,24,8,24,2.346038818359375,0.4420280456542969,0,0,0,0,0,0,0,0,streaming
1494,-1,1494,-1,96,1,1494,-1,1494,-1,1494,-1,1494,-1,1494,-1,0.03600120544433594,0.008106231689453125,0.4649162292480469,0.03910064697265625,0.00095367431640625,0.04601478576660156,0.00095367431640625,33828,96,1494,10,22,10,22,3.1790733337402344,0.6310939788818359,0,0,0,0,0,0,0,0,streaming
96,1,96,1,96,1,1494,-1,1494,-1,1494,-1,1494,-1,1494,-1,0.1239776611328125,0.19407272338867188,0.4088878631591797,0.00095367431640625,0.0021457672119140625,0.05698204040527344,0.00095367431640625,39420,96,1494,6,26,6,26,3.8878917694091797,1.5079975128173828,0,0,0,0,0,0,0,0,streaming
1494,-1,1494,-1,1494,-1,1494,-1,1494,-1,1494,-1,1494,-1,1494,-1,0.06103515625,0.06103515625,0.6518363952636719,0.0021457672119140625,0.0019073486328125,0.05793571472167969,0.0021457672119140625,39420,96,1494,6,26,6,26,3.1490325927734375,0.6830692291259766,0,0,0,0,0,0,0,0,streaming
1494,-1,1494,-1,1494,-1,1494,-1,1494,-1,1494,-1,1494,-1,1494,-1,0.0021457672119140625,0.054836273193359375,0.0021457672119140625,0.0019073486328125,0.0591278076171875,0.00095367431640625,0.0019073486328125,42216,96,1494,4,28,4,28,1.6410350799560547,0.6301403045654297,0,0,0,0,0,0,0,0,streaming
1494,-1,1494,-1,1494,-1,1494,-1,1494,-1,1494,-1,1494,-1,1494,-1,0.06103515625,0.00095367431640625,0.0021457672119140625,0.05984306335449219,0.0021457672119140625,0.00095367431640625,0.00095367431640625,40818,96,1494,5,27,5,27,1.4910697937011719,0.7429122924804688,0,0,0,0,0,0,0,0,streaming
1494,-1,1494,-1,1494,-1,1494,-1,1494,-1,1494,-1,1494,-1,1494,-1,0.00095367431640625,0.0021457672119140625,0.05793571472167969,0.0019073486328125,0.0011920928955078125,0.05888938903808594,0.00095367431640625,42216,96,1494,4,28,4,28,1.5940666198730469,0.5538463592529297,0,0,0,0,0,0,0,0,streaming
1494,-1,1494,-1,1494,-1,1494,-1,1494,-1,1494,-1,1494,-1,1494,-1,0.0021457672119140625,0.17690658569335938,0.0629425048828125,0.0011920928955078125,0.0019073486328125,0.00095367431640625,0.05698204040527344,45012,96,1494,2,30,2,30,1.135110855102539,0.2892017364501953,0,0,0,0,0,0,0,0,streaming
1494,-1,1494,-1,1494,-1,1494,-1,1494,-1,1494,-1,1494,-1,1494,-1,0.00095367431640625,0.05698204040527344,0.0021457672119140625,0.00095367431640625,0.06008148193359375,0.00095367431640625,0.06103515625,39420,96,1494,6,26,6,26,0.5540847778320312,0.06103515625,0,0,0,0,0,0,0,0,streaming
1494,-1,1494,-1,96,1,1494,-1,1494,-1,1494,-1,1494,-1,1494,-1,0.00095367431640625,0.0820159912109375,0.21910667419433594,0.06198883056640625,0.00095367431640625,0.00095367431640625,0.00095367431640625,36624,96,1494,8,24,8,24,1.7359256744384766,0.22912025451660156,0,0,0,0,0,0,0,0,streaming
1494,-1,1494,-1,1494,-1,1494,-1,1494,-1,1494,-1,1494,-1,1494,-1,0.00095367431640625,0.00095367431640625,0.00095367431640625,0.05698204040527344,0.0011920928955078125,0.00095367431640625,0.06103515625,45012,96,1494,2,30,2,30,0.6718635559082031,0.064849853515625,0,0,0,0,0,0,0,0,streaming
1494,-1,1494,-1,1494,-1,1494,-1,1494,-1,1494,-1,1494,-1,1494,-1,0.0019073486328125,0.05507469177246094,0.0019073486328125,0.06198883056640625,0.0021457672119140625,0.0019073486328125,0.05793571472167969,43614,96,1494,3,29,3,29,0.926971435546875,0.24700164794921875,0,0,0,0,0,0,0,0,streaming
1494,-1,1494,-1,1494,-1,96,1,96,1,1494,-1,1494,-1,1494,-1,0.00095367431640625,0.05602836608886719,0.04100799560546875,0.00095367431640625,0.15616416931152344,0.06389617919921875,0.0021457672119140625,33828,96,1494,10,22,10,22,1.001119613647461,0.15616416931152344,0,0,0,0,0,0,0,0,streaming
1494,-1,1494,-1,96,1,96,1,96,1,96,1,1494,-1,1494,-1,0.0019073486328125,0.12612342834472656,0.013828277587890625,0.14019012451171875,0.08988380432128906,0.05698204040527344,0.0021457672119140625,38022,96,1494,7,25,7,25,1.1138916015625,0.1499652862548828,0,0,0,0,0,0,0,0,streaming
104,1,104,-1,96,1,613,1,96,-1,1494,-1,1494,-1,2116,-1,3.9060115814208984,1.0499954223632812,0.3399848937988281,3.8590431213378906,14.40286636352539,0.0011920928955078125,0.05888938903808594,17759,96,2116,14,18,19,8,81.07709884643555,14.40286636352539,0,0,0,0,0,0,0,0,streaming
1494,-1,1494,-1,1494,-1,1494,-1,1494,-1,2988,-1,2988,-1,96,1,0.05984306335449219,0.0011920928955078125,0.00095367431640625,0.11396408081054688,0.06198883056640625,0.00095367431640625,0.8301734924316406,38310,96,2988,10,22,10,22,6.355047225952148,2.978086471557617,0,0,0,0,0,0,0,0,streaming
2988,-1,1494,-1,1494,-1,2988,-1,1494,-1,1494,-1,1494,-1,96,1,0.05888938903808594,0.9391307830810547,0.0629425048828125,0.00095367431640625,0.0591278076171875,0.00095367431640625,0.06103515625,42504,96,2988,7,25,7,25,4.739999771118164,0.9391307830810547,0,0,0,0,0,0,0,0,streaming
1494,-1,2988,-1,96,1,1494,-1,2988,-1,1494,-1,1494,-1,1494,-1,0.0011920928955078125,0.07891654968261719,0.1571178436279297,0.0629425048828125,0.00095367431640625,0.00095367431640625,0.05793571472167969,41394,96,2988,11,21,11,21,2.7620792388916016,0.47779083251953125,0,0,0,0,0,0,0,0,streaming
2988,-1,1494,-1,1494,-1,2988,-1,1494,-1,96,1,96,1,1494,-1,0.00095367431640625,0.06198883056640625,0.00095367431640625,0.0011920928955078125,0.11181831359863281,0.6630420684814453,0.09799003601074219,46890,96,2988,6,26,6,26,2.521038055419922,0.6630420684814453,0,0,0,0,0,0,0,0,streaming
1494,-1,1494,-1,1494,-1,1494,-1,1494,-1,1494,-1,1494,-1,2988,-1,0.00095367431640625,0.06008148193359375,0.00095367431640625,0.00095367431640625,0.20813941955566406,0.06103515625,0.00095367431640625,55662,96,4482,4,28,4,28,2.4590492248535156,0.6690025329589844,0,0,0,0,0,0,0,0,streaming
2988,-1,1494,-1,2988,-1,2988,-1,1494,-1,96,1,1494,-1,96,1,0.0011920928955078125,0.06198883056640625,0.00095367431640625,0.05888938903808594,0.048160552978515625,0.015974044799804688,0.010967254638671875,45684,96,2988,9,23,9,23,1.5420913696289062,0.2779960632324219,0,0,0,0,0,0,0,0,streaming
96,1,1494,-1,1494,-1,1494,-1,1494,-1,2988,-1,1494,-1,1494,-1,0.02384185791015625,0.0011920928955078125,0.00095367431640625,0.05793571472167969,0.00095367431640625,0.00095367431640625,0.06198883056640625,52962,96,4482,7,25,7,25,1.8029212951660156,0.3669261932373047,0,0,0,0,0,0,0,0,streaming
2988,-1,2988,-1,1494,-1,1494,-1,1494,-1,1494,-1,1494,-1,2988,-1,0.06008148193359375,0.00095367431640625,0.06008148193359375,0.00095367431640625,0.00095367431640625,0.06008148193359375,0.00095367431640625,55662,96,2988,4,28,4,28,1.2309551239013672,0.2319812774658203,0,0,0,0,0,0,0,0,streaming
96,1,96,1,1494,-1,1494,-1,2988,-1,1494,-1,2988,-1,1494,-1,0.00095367431640625,0.15497207641601562,0.06103515625,0.00095367431640625,0.0591278076171875,0.00095367431640625,0.06198883056640625,63036,96,2988,3,29,3,29,1.683950424194336,0.72479248046875,0,0,0,0,0,0,0,0,streaming
2988,-1,1494,-1,1494,-1,1494,-1,96,1,1494,-1,1494,-1,2988,-1,0.00095367431640625,0.06008148193359375,0.00095367431640625,0.010967254638671875,0.18286705017089844,0.06198883056640625,0.0011920928955078125,64530,96,4482,3,29,3,29,1.1858940124511719,0.18286705017089844,0,0,0,0,0,0,0,0,streaming
2988,-1,1494,-1,1494,-1,2988,-1,1494,-1,1494,-1,1494,-1,1494,-1,0.00095367431640625,0.06508827209472656,0.00095367431640625,0.1990795135498047,0.06103515625,0.0629425048828125,0.06198883056640625,63228,96,4482,5,27,5,27,1.6829967498779297,0.2532005310058594,0,0,0,0,0,0,0,0,streaming
104,1,104,-1,96,1,613,1,96,-1,96,1,96,1,176,1,3.977060317993164,0.9670257568359375,0.9210109710693359,3.9098262786865234,15.757083892822266,0.011920928955078125,2.655029296875,18534,96,2115,14,18,18,9,84.3050479888916,17.332077026367188,0,0,0,0,0,0,0,0,streaming
1494,-1,1494,-1,1494,-1,96,1,96,1,1494,-1,1494,-1,1494,-1,0.026941299438476562,0.00095367431640625,0.7519721984863281,0.015020370483398438,0.02193450927734375,0.03910064697265625,0.029087066650390625,35226,96,1494,9,23,9,23,7.175922393798828,3.2711029052734375,0,0,0,0,0,0,0,0,streaming
1494,-1,1494,-1,1494,-1,1494,-1,96,1,1494,-1,1494,-1,1494,-1,0.00095367431640625,0.05698204040527344,0.00095367431640625,0.2372264862060547,0.45299530029296875,0.05888938903808594,0.00095367431640625,38022,96,1494,7,25,7,25,3.8270950317382812,0.9839534759521484,0,0,0,0,0,0,0,0,streaming
1494,-1,1494,-1,1494,-1,1494,-1,96,1,96,1,96,1,1494,-1,0.05698204040527344,0.00095367431640625,0.00095367431640625,0.2989768981933594,0.39005279541015625,0.013113021850585938,0.25391578674316406,38022,96,1494,7,25,7,25,3.1499862670898438,0.6451606750488281,0,0,0,0,0,0,0,0,streaming
1494,-1,96,1,96,1,1494,-1,1494,-1,1494,-1,1494,-1,1494,-1,0.1571178436279297,0.05888938903808594,0.2079010009765625,0.0400543212890625,0.0021457672119140625,0.04291534423828125,0.00095367431640625,39420,96,1494,6,26,6,26,2.2439956665039062,0.4601478576660156,0,0,0,0,0,0,0,0,streaming
1494,-1,1494,-1,96,1,96,1,1494,-1,96,1,1494,-1,1494,-1,0.0011920928955078125,0.0438690185546875,0.00095367431640625,0.011205673217773438,0.06890296936035156,0.2200603485107422,0.06103515625,38022,96,1494,7,25,7,25,1.5740394592285156,0.36907196044921875,0,0,0,0,0,0,0,0,streaming
1494,-1,1494,-1,1494,-1,1494,-1,1494,-1,1494,-1,1494,-1,1494,-1,0.00095367431640625,0.06103515625,0.00095367431640625,0.00095367431640625,0.06008148193359375,0.00095367431640625,0.00095367431640625,43614,96,1494,3,29,3,29,1.0797977447509766,0.40793418884277344,0,0,0,0,0,0,0,0,streaming
1494,-1,1494,-1,1494,-1,1494,-1,96,1,1494,-1,1494,-1,1494,-1,0.05793571472167969,0.00095367431640625,0.00095367431640625,0.04315376281738281,0.018835067749023438,0.14495849609375,0.06008148193359375,38022,96,1494,7,25,7,25,2.457857131958008,0.6241798400878906,0,0,0,0,0,0,0,0,streaming
1494,-1,1494,-1,1494,-1,1494,-1,1494,-1,1494,-1,96,1,1494,-1,0.00095367431640625,0.00095367431640625,0.06103515625,0.00095367431640625,0.00095367431640625,0.0400543212890625,0.016927719116210938,38022,96,1494,7,25,7,25,1.4019012451171875,0.32591819763183594,0,0,0,0,0,0,0,0,streaming
1494,-1,1494,-1,1494,-1,1494,-1,1494,-1,1494,-1,1494,-1,1494,-1,0.0011920928955078125,0.18286705017089844,0.00095367431640625,0.0011920928955078125,0.3528594970703125,0.00095367431640625,0.0011920928955078125,51180,96,2988,4,28,4,28,1.394033432006836,0.3528594970703125,0,0,0,0,0,0,0,0,streaming
2988,-1,1494,-1,2988,-1,2988,-1,1494,-1,1494,-1,1494,-1,96,1,0.05984306335449219,0.00095367431640625,0.06198883056640625,0.0011920928955078125,0.05793571472167969,0.00095367431640625,0.010013580322265625,48768,96,4482,10,22,10,22,1.2288093566894531,0.1628398895263672,0,0,0,0,0,0,0,0,streaming
1494,-1,2988,-1,96,1,2988,-1,1494,-1,1494,-1,2988,-1,2988,-1,0.00095367431640625,0.04315376281738281,0.017881393432617188,0.00095367431640625,0.06008148193359375,0.00095367431640625,0.06103515625,76386,96,4482,2,30,2,30,0.9901523590087891,0.06389617919921875,0,0,0,0,0,0,0,0,streaming
104,-1,104,1,96,-1,613,-1,96,1,1494,1,1494,1,1494,1,4.06193733215332,1.0390281677246094,0.41794776916503906,3.880023956298828,14.343023300170898,0.05698204040527344,0.00095367431640625,15596,96,1494,17,15,19,7,76.98678970336914,14.776229858398438,0,0,0,0,0,0,0,0,streaming
96,1,1494,1,668,1,1494,1,1494,1,1494,1,1494,1,1494,1,3.5898685455322266,0.00095367431640625,0.0400543212890625,0.00095367431640625,0.04506111145019531,0.00095367431640625,0.00095367431640625,37196,96,1494,26,6,7,24,9.936809539794922,3.5898685455322266,0,0,0,0,0,0,0,0,streaming
1494,1,1494,1,1494,1,96,-1,96,-1,96,-1,96,-1,1494,1,0.05888938903808594,0.00095367431640625,0.17499923706054688,0.05412101745605469,0.2849102020263672,0.1621246337890625,0.17595291137695312,35226,96,1494,23,9,9,23,4.575014114379883,0.9579658508300781,0,0,0,0,0,0,0,0,streaming
1494,1,1494,1,96,-1,1494,1,1494,1,1494,1,1494,1,1494,1,0.05793571472167969,0.6139278411865234,0.010967254638671875,0.0011920928955078125,0.05984306335449219,0.00095367431640625,0.0011920928955078125,38022,96,1494,25,7,7,25,2.4900436401367188,0.6139278411865234,0,0,0,0,0,0,0,0,streaming
1494,1,96,-1,1494,1,1494,1,1494,1,1494,1,96,-1,1494,1,0.4119873046875,0.1919269561767578,0.06103515625,0.00095367431640625,0.0011920928955078125,0.03981590270996094,0.02002716064453125,36624,96,1494,24,8,8,24,2.562999725341797,0.4119873046875,0,0,0,0,0,0,0,0,streaming
96,-1,96,-1,96,-1,96,-1,96,-1,1494,1,1494,1,1494,1,0.011920928955078125,0.19788742065429688,0.11706352233886719,0.14209747314453125,0.032901763916015625,0.06198883056640625,0.00095367431640625,35226,96,1494,23,9,9,23,1.7189979553222656,0.5269050598144531,0,0,0,0,0,0,0,0,streaming
1494,1,1494,1,1494,1,1494,1,96,-1,96,-1,96,-1,96,-1,0.00095367431640625,0.00095367431640625,0.0011920928955078125,0.08296966552734375,0.1659393310546875,0.10800361633300781,0.2028942108154297,38022,96,1494,25,7,7,25,1.561880111694336,0.2288818359375,0,0,0,0,0,0,0,0,streaming
1494,1,1494,1,96,-1,1494,1,96,-1,1494,1,1494,1,1494,1,0.05698204040527344,0.00095367431640625,0.0,0.04792213439941406,0.09107589721679688,0.06413459777832031,0.0019073486328125,32430,96,1494,21,11,11,21,1.3430118560791016,0.5071163177490234,0,0,0,0,0,0,0,0,streaming
1494,1,1494,1,1494,1,1494,1,1494,1,1494,1,1494,1,1494,1,0.00095367431640625,0.00095367431640625,0.05698204040527344,0.0011920928955078125,0.00095367431640625,0.06103515625,0.0019073486328125,40818,96,1494,27,5,5,27,1.2500286102294922,0.34999847412109375,0,0,0,0,0,0,0,0,streaming
1494,1,1494,1,1494,1,1494,1,1494,1,1494,1,1494,1,1494,1,0.00095367431640625,0.057220458984375,0.00095367431640625,0.00095367431640625,0.0629425048828125,0.00095367431640625,0.0011920928955078125,42216,96,1494,28,4,4,28,0.9441375732421875,0.28395652770996094,0,0,0,0,0,0,0,0,streaming
1494,1,1494,1,1494,1,1494,1,1494,1,1494,1,1494,1,1494,1,0.00095367431640625,0.06103515625,0.00095367431640625,0.00095367431640625,0.0591278076171875,0.00095367431640625,0.00095367431640625,39708,96,2988,24,8,8,24,0.9350776672363281,0.3178119659423828,0,0,0,0,0,0,0,0,streaming
1494,1,1494,1,1494,1,1494,1,1494,1,1494,1,1494,1,1494,1,0.00095367431640625,0.0011920928955078125,0.05984306335449219,0.00095367431640625,0.0011920928955078125,0.05984306335449219,0.00095367431640625,49398,96,2988,31,1,1,31,0.7281303405761719,0.09799003601074219,0,0,0,0,0,0,0,0,streaming
104,1,104,-1,96,1,613,1,96,-1,1494,-1,1494,-1,1494,-1,4.817962646484375,3.7360191345214844,0.0030994415283203125,3.5619735717773438,14.102935791015625,0.013113021850585938,0.00095367431640625,15694,96,1494,15,17,18,7,96.96316719055176,21.502017974853516,0,0,0,0,0,0,0,0,streaming
1494,-1,668,-1,1494,-1,1494,-1,1494,-1,1494,-1,1494,-1,1494,-1,0.01811981201171875,0.026941299438476562,0.02193450927734375,0.025033950805664062,0.025987625122070312,0.26798248291015625,0.030040740966796875,34400,96,1494,9,23,9,22,5.715131759643555,2.7980804443359375,0,0,0,0,0,0,0,0,streaming
96,1,1494,-1,1494,-1,96,1,96,1,1494,-1,1494,-1,1494,-1,0.18286705017089844,0.051021575927734375,0.1239776611328125,0.014066696166992188,0.0209808349609375,0.05602836608886719,0.00095367431640625,29634,96,1494,13,19,13,19,3.0889511108398438,0.4649162292480469,0,0,0,0,0,0,0,0,streaming
1494,-1,1494,-1,1494,-1,1494,-1,1494,-1,1494,-1,1494,-1,1494,-1,0.051975250244140625,0.0011920928955078125,0.00095367431640625,0.051021575927734375,0.00095367431640625,0.00095367431640625,0.1990795135498047,42312,96,2988,5,27,5,27,2.443075180053711,0.4391670227050781,0,0,0,0,0,0,0,0,streaming
1494,-1,1494,-1,1494,-1,1494,-1,96,1,96,1,1494,-1,96,1,0.03910064697265625,0.00095367431640625,0.03790855407714844,0.06914138793945312,0.13184547424316406,0.34809112548828125,0.05698204040527344,35226,96,1494,9,23,9,23,2.8150081634521484,0.47707557678222656,0,0,0,0,0,0,0,0,streaming
1494,-1,1494,-1,1494,-1,1494,-1,1494,-1,1494,-1,1494,-1,1494,-1,0.0011920928955078125,0.05793571472167969,0.00095367431640625,0.00095367431640625,0.06198883056640625,0.00095367431640625,0.0011920928955078125,39420,96,1494,6,26,6,26,1.6400814056396484,0.5109310150146484,0,0,0,0,0,0,0,0,streaming
1494,-1,1494,-1,1494,-1,1494,-1,1494,-1,96,1,96,1,96,1,0.00095367431640625,0.0011920928955078125,0.05698204040527344,0.00095367431640625,0.3769397735595703,0.10013580322265625,0.16188621520996094,36624,96,1494,8,24,8,24,1.516103744506836,0.3769397735595703,0,0,0,0,0,0,0,0,streaming
1494,-1,1494,-1,1494,-1,1494,-1,1494,-1,1494,-1,1494,-1,96,1,0.0019073486328125,0.00095367431640625,0.0011920928955078125,0.055789947509765625,0.0011920928955078125,0.00095367431640625,0.04601478576660156,39420,96,1494,6,26,6,26,1.2319087982177734,0.247955322265625,0,0,0,0,0,0,0,0,streaming
1494,-1,1494,-1,1494,-1,1494,-1,1494,-1,1494,-1,1494,-1,1494,-1,0.0011920928955078125,0.00095367431640625,0.00095367431640625,0.05793571472167969,0.0011920928955078125,0.00095367431640625,0.06198883056640625,40818,96,1494,5,27,5,27,1.007080078125,0.34689903259277344,0,0,0,0,0,0,0,0,streaming
1494,-1,1494,-1,1494,-1,1494,-1,1494,-1,1494,-1,1494,-1,1494,-1,0.06699562072753906,0.00095367431640625,0.0021457672119140625,0.054836273193359375,0.0011920928955078125,0.00095367431640625,0.05984306335449219,35322,96,2988,10,22,10,22,1.9309520721435547,0.3540515899658203,0,0,0,0,0,0,0,0,streaming
2988,-1,1494,-1,1494,-1,1494,-1,1494,-1,1494,-1,2988,-1,1494,-1,0.00095367431640625,0.05888938903808594,0.0011920928955078125,0.00095367431640625,0.06198883056640625,0.00095367431640625,0.0019073486328125,50796,1494,2988,0,32,0,32,1.0178089141845703,0.45108795166015625,0,0,0,0,0,0,0,0,streaming
1494,-1,1494,-1,1494,-1,1494,-1,1494,-1,96,1,96,1,1494,-1,0.00095367431640625,0.00095367431640625,0.06008148193359375,0.00095367431640625,0.0040531158447265625,0.013828277587890625,0.04315376281738281,45108,96,2988,3,29,3,29,0.7150173187255859,0.08988380432128906,0,0,0,0,0,0,0,0,streaming
104,1,104,-1,96,1,613,1,96,-1,1494,-1,1494,-1,1494,-1,3.963947296142578,0.9491443634033203,0.6158351898193359,3.9801597595214844,14.405965805053711,0.012874603271484375,0.0011920928955078125,15597,96,1494,15,17,19,7,90.65794944763184,22.699832916259766,0,0,0,0,0,0,0,0,streaming
96,-1,1494,-1,668,-1,1494,-1,1494,-1,1494,-1,1494,-1,1494,-1,3.487110137939453,0.00095367431640625,0.010013580322265625,0.011920928955078125,0.030994415283203125,0.01811981201171875,0.02193450927734375,37196,96,1494,6,26,7,24,10.00213623046875,3.487110137939453,0,0,0,0,0,0,0,0,streaming
2988,-1,1494,-1,96,1,1494,-1,1494,-1,1494,-1,1494,-1,1494,-1,0.049114227294921875,0.21982192993164062,0.5211830139160156,0.05698204040527344,0.00095367431640625,0.00095367431640625,0.00095367431640625,39612,96,2988,8,24,8,24,4.533052444458008,0.7140636444091797,0,0,0,0,0,0,0,0,streaming
1494,-1,1494,-1,1494,-1,1494,-1,1494,-1,1494,-1,1494,-1,96,1,0.0021457672119140625,0.00095367431640625,0.00095367431640625,0.05602836608886719,0.0019073486328125,0.00095367431640625,0.09012222290039062,40818,96,1494,5,27,5,27,2.4161338806152344,0.51116943359375,0,0,0,0,0,0,0,0,streaming
1494,-1,1494,-1,96,1,96,1,1494,-1,1494,-1,1494,-1,1494,-1,0.00095367431640625,0.25200843811035156,0.1380443572998047,0.35691261291503906,0.05698204040527344,0.00095367431640625,0.0011920928955078125,39516,96,2988,7,25,7,25,3.0579566955566406,0.6968975067138672,0,0,0,0,0,0,0,0,streaming
1494,-1,1494,-1,96,1,1494,-1,1494,-1,1494,-1,1494,-1,1494,-1,0.00095367431640625,0.03910064697265625,0.02193450927734375,0.23603439331054688,0.0629425048828125,0.0011920928955078125,0.00095367431640625,40818,96,1494,5,27,5,27,1.6570091247558594,0.3218650817871094,0,0,0,0,0,0,0,0,streaming
1494,-1,1494,-1,96,1,1494,-1,1494,-1,1494,-1,1494,-1,2988,-1,0.0011920928955078125,0.02384185791015625,0.03814697265625,0.00095367431640625,0.00095367431640625,0.05888938903808594,0.0011920928955078125,45204,96,2988,4,28,4,28,0.9920597076416016,0.1590251922607422,0,0,0,0,0,0,0,0,streaming
1494,-1,1494,-1,1494,-1,1494,-1,1494,-1,1494,-1,96,1,1494,-1,0.00095367431640625,0.00095367431640625,0.00095367431640625,0.05817413330078125,0.00095367431640625,0.017881393432617188,0.04410743713378906,36624,96,1494,8,24,8,24,1.2638568878173828,0.3159046173095703,0,0,0,0,0,0,0,0,streaming
1494,-1,2988,-1,1494,-1,1494,-1,1494,-1,96,1,96,1,96,1,0.00095367431640625,0.06008148193359375,0.00095367431640625,0.1239776611328125,0.15306472778320312,0.35190582275390625,0.28705596923828125,43710,96,2988,4,28,4,28,1.8620491027832031,0.35190582275390625,0,0,0,0,0,0,0,0,streaming
96,1,1494,-1,96,1,1494,-1,1494,-1,1494,-1,1494,-1,1494,-1,0.15807151794433594,0.0591278076171875,0.0019073486328125,0.00095367431640625,0.00095367431640625,0.0591278076171875,0.00095367431640625,43614,96,1494,3,29,3,29,1.0411739349365234,0.32401084899902344,0,0,0,0,0,0,0,0,streaming
1494,-1,96,1,1494,-1,1494,-1,1494,-1,1494,-1,1494,-1,96,1,0.052928924560546875,0.0050067901611328125,0.00095367431640625,0.06318092346191406,0.00095367431640625,0.00095367431640625,0.008106231689453125,33828,96,1494,10,22,10,22,1.7380714416503906,0.30303001403808594,0,0,0,0,0,0,0,0,streaming
1494,-1,1494,-1,1494,-1,1494,-1,1494,-1,1494,-1,1494,-1,1494,-1,0.0019073486328125,0.0011920928955078125,0.06103515625,0.0019073486328125,0.0019073486328125,0.06008148193359375,0.0019073486328125,47808,1494,1494,0,32,0,32,0.6570816040039062,0.09083747863769531,0,0,0,0,0,0,0,0,streaming
104,1,104,-1,96,1,613,1,96,-1,1494,-1,1494,-1,1494,-1,4.070043563842773,0.9098052978515625,0.44918060302734375,3.860950469970703,14.190912246704102,0.06103515625,0.00095367431640625,15399,96,1494,15,17,20,7,88.93394470214844,20.57504653930664,0,0,0,0,0,0,0,0,streaming
294,1,96,-1,1494,-1,668,-1,1494,-1,1494,-1,1494,-1,1494,-1,3.916025161743164,3.255128860473633,0.00095367431640625,0.00095367431640625,0.06008148193359375,0.0019073486328125,0.00095367431640625,35996,96,1494,7,25,7,23,13.137102127075195,3.916025161743164,0,0,0,0,0,0,0,0,streaming
96,1,1494,-1,1494,-1,1494,-1,1494,-1,1494,-1,1494,-1,96,1,0.4551410675048828,0.05984306335449219,0.0021457672119140625,0.0019073486328125,0.0591278076171875,0.0019073486328125,0.07796287536621094,35226,96,1494,9,23,9,23,5.037069320678711,1.9168853759765625,0,0,0,0,0,0,0,0,streaming
2988,-1,96,1,1494,-1,1494,-1,1494,-1,96,1,1494,-1,1494,-1,0.010967254638671875,0.049114227294921875,0.00095367431640625,0.00095367431640625,0.08606910705566406,0.45609474182128906,0.06079673767089844,40914,96,2988,6,26,6,26,1.9521713256835938,0.5068778991699219,0,0,0,0,0,0,0,0,streaming
1494,-1,96,1,96,1,96,1,96,1,1494,-1,1494,-1,1494,-1,0.2269744873046875,0.14495849609375,0.9801387786865234,0.33092498779296875,0.49591064453125,0.06103515625,0.0019073486328125,39420,96,1494,6,26,6,26,4.2209625244140625,1.062154769897461,0,0,0,0,0,0,0,0,streaming
96,1,96,1,1494,-1,1494,-1,1494,-1,96,1,1494,-1,1494,-1,0.030994415283203125,0.18405914306640625,0.06079673767089844,0.0011920928955078125,0.054836273193359375,0.06699562072753906,0.06318092346191406,36624,96,1494,8,24,8,24,1.5559196472167969,0.2961158752441406,0,0,0,0,0,0,0,0,streaming
1494,-1,1494,-1,1494,-1,1494,-1,1494,-1,1494,-1,1494,-1,96,1,0.5440711975097656,0.00095367431640625,0.06008148193359375,0.00095367431640625,0.00095367431640625,0.00095367431640625,0.030040740966796875,43806,96,2988,5,27,5,27,2.0360946655273438,0.5440711975097656,0,0,0,0,0,0,0,0,streaming
1494,-1,1494,-1,1494,-1,1494,-1,1494,-1,1494,-1,1494,-1,1494,-1,0.16498565673828125,0.06198883056640625,0.00095367431640625,0.00095367431640625,0.00095367431640625,0.0591278076171875,0.00095367431640625,36624,96,1494,8,24,8,24,1.374959945678711,0.21409988403320312,0,0,0,0,0,0,0,0,streaming
96,1,1494,-1,1494,-1,1494,-1,1494,-1,1494,-1,1494,-1,1494,-1,0.15306472778320312,0.0629425048828125,0.00095367431640625,0.00095367431640625,0.0591278076171875,0.00095367431640625,0.00095367431640625,46506,96,2988,2,30,2,30,1.1510848999023438,0.26798248291015625,0,0,0,0,0,0,0,0,streaming
1494,-1,1494,-1,2988,-1,96,1,96,1,1494,-1,1494,-1,96,1,0.06008148193359375,0.00095367431640625,0.025987625122070312,0.014066696166992188,0.0209808349609375,0.1277923583984375,0.10204315185546875,45204,96,2988,4,28,4,28,1.0590553283691406,0.2491474151611328,0,0,0,0,0,0,0,0,streaming
1494,-1,1494,-1,1494,-1,1494,-1,1494,-1,1494,-1,1494,-1,1494,-1,0.06008148193359375,0.00095367431640625,0.30803680419921875,0.00095367431640625,0.00095367431640625,0.00095367431640625,0.05793571472167969,42216,96,1494,4,28,4,28,1.4488697052001953,0.30803680419921875,0,0,0,0,0,0,0,0,streaming
1494,-1,1494,-1,1494,-1,1494,-1,1494,-1,1494,-1,1494,-1,96,1,0.00095367431640625,0.06103515625,0.00095367431640625,0.06198883056640625,0.00095367431640625,0.00095367431640625,0.03695487976074219,43806,96,2988,5,27,5,27,0.7898807525634766,0.10514259338378906,0,0,0,0,0,0,0,0,streaming
104,1,104,-1,96,1,613,1,96,-1,1494,-1,1494,-1,1494,-1,3.971099853515625,0.9329319000244141,0.43010711669921875,3.7689208984375,14.084100723266602,0.05984306335449219,0.0011920928955078125,15598,96,1494,15,17,19,7,90.27314186096191,23.194074630737305,0,0,0,0,0,0,0,0,streaming
96,-1,1494,-1,668,-1,1494,-1,1494,-1,1494,-1,1494,-1,1494,-1,3.3779144287109375,0.00095367431640625,0.06008148193359375,0.00095367431640625,0.00095367431640625,0.05602836608886719,0.0011920928955078125,37196,96,1494,6,26,7,24,10.493993759155273,3.3779144287109375,0,0,0,0,0,0,0,0,streaming
1494,-1,1494,-1,96,1,1494,-1,1494,-1,2988,-1,1494,-1,1494,-1,0.0021457672119140625,0.032901763916015625,0.024080276489257812,0.8809566497802734,0.00095367431640625,0.05888938903808594,0.0011920928955078125,42312,96,2988,5,27,5,27,5.590915679931641,1.2259483337402344,0,0,0,0,0,0,0,0,streaming
1494,-1,1494,-1,1494,-1,1494,-1,1494,-1,1494,-1,1494,-1,336,-1,0.00095367431640625,0.00095367431640625,0.45299530029296875,0.06103515625,1.0759830474853516,0.1850128173828125,0.00095367431640625,27726,32,1494,7,25,12,17,1145.090103149414,338.35911750793457,0,0,0,0,0,0,0,0,streaming
1494,-1,1494,-1,1494,-1,1494,-1,96,1,96,1,1494,-1,1494,-1,0.041961669921875,0.6289482116699219,0.0400543212890625,0.030994415283203125,0.3008842468261719,0.3070831298828125,0.04100799560546875,31550,96,1494,11,21,11,20,6.654977798461914,0.6289482116699219,0,0,0,0,0,0,0,0,streaming
96,1,1494,-1,1494,-1,96,1,1494,-1,1494,-1,96,1,1494,-1,0.675201416015625,0.03981590270996094,0.1800060272216797,0.5991458892822266,0.0209808349609375,0.030040740966796875,0.6430149078369141,31032,96,1494,12,20,12,20,7.325172424316406,0.7309913635253906,0,0,0,0,0,0,0,0,streaming
1494,-1,1494,-1,96,1,1494,-1,1494,-1,96,1,96,1,1494,-1,0.03814697265625,0.2779960632324219,0.4818439483642578,0.04315376281738281,0.028848648071289062,0.7600784301757812,1.5261173248291016,31032,96,1494,12,20,12,20,6.289958953857422,1.5261173248291016,0,0,0,0,0,0,0,0,streaming
1494,-1,2988,-1,96,1,1494,-1,1494,-1,1494,-1,1494,-1,1494,-1,0.03695487976074219,0.9632110595703125,0.11897087097167969,0.03886222839355469,0.00095367431640625,0.04100799560546875,0.8270740509033203,35322,96,2988,10,22,10,22,6.736993789672852,0.9632110595703125,0,0,0,0,0,0,0,0,streaming
1494,-1,1494,-1,96,1,1494,-1,96,1,1494,-1,1494,-1,1494,-1,0.05793571472167969,0.03600120544433594,0.09298324584960938,0.6899833679199219,0.11491775512695312,0.06008148193359375,0.00095367431640625,33828,96,1494,10,22,10,22,6.1359405517578125,0.8709430694580078,0,0,0,0,0,0,0,0,streaming
96,1,1494,-1,1494,-1,96,1,1494,-1,1494,-1,1494,-1,96,1,0.09703636169433594,0.06103515625,0.4730224609375,0.15997886657714844,0.06103515625,0.00095367431640625,0.21386146545410156,35226,96,1494,9,23,9,23,5.991935729980469,0.7560253143310547,0,0,0,0,0,0,0,0,streaming
1494,-1,96,1,96,1,1494,-1,1494,-1,1494,-1,96,1,1494,-1,0.06985664367675781,0.5490779876708984,0.10991096496582031,0.03504753112792969,0.00095367431640625,0.048160552978515625,0.743865966796875,32430,96,1494,11,21,11,21,6.033897399902344,0.7941722869873047,0,0,0,0,0,0,0,0,streaming
1494,-1,1494,-1,96,1,1494,-1,1494,-1,1494,-1,96,1,1494,-1,0.00095367431640625,0.06008148193359375,0.6668567657470703,0.03409385681152344,0.0019073486328125,0.08797645568847656,0.6210803985595703,33828,96,1494,10,22,10,22,5.9719085693359375,0.7801055908203125,0,0,0,0,0,0,0,0,streaming
104,1,104,-1,96,1,613,1,96,-1,1494,-1,1494,-1,1494,-1,4.021883010864258,1.1630058288574219,0.7259845733642578,3.993988037109375,14.206171035766602,0.06198883056640625,0.00095367431640625,15598,96,1494,14,18,19,7,84.4259262084961,15.893936157226562,0,0,0,0,0,0,0,0,streaming
1494,-1,668,-1,1494,-1,1494,-1,1494,-1,1494,-1,1494,-1,1494,-1,0.00095367431640625,0.041961669921875,0.00095367431640625,0.04315376281738281,0.00095367431640625,0.04601478576660156,0.00095367431640625,38594,96,1494,6,26,6,25,6.793975830078125,3.461122512817383,0,0,0,0,0,0,0,0,streaming
1494,-1,1494,-1,96,1,1494,-1,1494,-1,1494,-1,1494,-1,1494,-1,0.05793571472167969,0.5080699920654297,0.1780986785888672,0.0629425048828125,0.00095367431640625,0.00095367431640625,0.00095367431640625,36624,96,1494,8,24,8,24,5.639076232910156,1.9931793212890625,0,0,0,0,0,0,0,0,streaming
1494,-1,1494,-1,1494,-1,1494,-1,1494,-1,1494,-1,1494,-1,1494,-1,0.0019073486328125,0.00095367431640625,0.0011920928955078125,0.0019073486328125,0.0040531158447265625,0.07700920104980469,0.06604194641113281,42216,96,1494,4,28,4,28,2.2079944610595703,0.5791187286376953,0,0,0,0,0,0,0,0,streaming
1494,-1,1494,-1,96,1,96,1,96,1,1494,-1,1494,-1,1494,-1,0.0021457672119140625,0.14281272888183594,0.0030994415283203125,0.2090930938720703,0.4107952117919922,0.06008148193359375,0.0021457672119140625,36624,96,1494,8,24,8,24,2.7871131896972656,0.4410743713378906,0,0,0,0,0,0,0,0,streaming
1494,-1,96,1,1494,-1,96,1,1494,-1,1494,-1,1494,-1,1494,-1,0.04601478576660156,0.017881393432617188,0.010967254638671875,0.050067901611328125,0.06508827209472656,0.00095367431640625,0.00095367431640625,38022,96,1494,7,25,7,25,1.5330314636230469,0.3070831298828125,0,0,0,0,0,0,0,0,streaming
1494,-1,2988,-1,1494,-1,1494,-1,1494,-1,1494,-1,2988,-1,1494,-1,0.00095367431640625,0.06103515625,0.00095367431640625,0.0011920928955078125,0.05984306335449219,0.0011920928955078125,0.06079673767089844,39612,96,2988,8,24,8,24,1.734018325805664,0.49114227294921875,0,0,0,0,0,0,0,0,streaming
1494,-1,1494,-1,1494,-1,1494,-1,1494,-1,1494,-1,1494,-1,1494,-1,0.00095367431640625,0.00095367431640625,0.06008148193359375,0.00095367431640625,0.00095367431640625,0.00095367431640625,0.0591278076171875,46602,96,2988,3,29,3,29,0.8959770202636719,0.12683868408203125,0,0,0,0,0,0,0,0,streaming
1494,-1,1494,-1,96,1,1494,-1,96,1,96,1,96,1,1494,-1,0.05888938903808594,0.13899803161621094,0.05412101745605469,0.015974044799804688,0.0019073486328125,0.286102294921875,0.019073486328125,38214,96,2988,9,23,9,23,1.21307373046875,0.286102294921875,0,0,0,0,0,0,0,0,streaming
96,1,96,1,1494,-1,1494,-1,1494,-1,1494,-1,1494,-1,1494,-1,0.1709461212158203,0.06985664367675781,0.06198883056640625,0.0011920928955078125,0.00095367431640625,0.05984306335449219,0.06198883056640625,40818,96,1494,5,27,5,27,0.9808540344238281,0.1709461212158203,0,0,0,0,0,0,0,0,streaming
1494,-1,1494,-1,1494,-1,1494,-1,1494,-1,1494,-1,96,1,96,1,0.00095367431640625,0.0059604644775390625,0.05698204040527344,0.00095367431640625,0.0021457672119140625,0.2689361572265625,0.0019073486328125,36624,96,1494,8,24,8,24,1.2857913970947266,0.32210350036621094,0,0,0,0,0,0,0,0,streaming
1494,-1,1494,-1,1494,-1,1494,-1,1494,-1,1494,-1,1494,-1,1494,-1,0.05698204040527344,0.0019073486328125,0.00095367431640625,0.0591278076171875,0.00095367431640625,0.0019073486328125,0.06103515625,45012,96,1494,2,30,2,30,0.6768703460693359,0.06198883056640625,0,0,0,0,0,0,0,0,streaming
1494,1,1494,1,1494,1,1494,1,1494,1,1494,1,1494,1,1494,1,0.06198883056640625,0.0011920928955078125,0.00095367431640625,0.05984306335449219,0.0011920928955078125,0.00095367431640625,0.00095367431640625,43698,124,1494,29,3,3,29,7.505178451538086,4.68897819519043,0,0,0,0,0,0,0,0,streaming
1494,1,1494,1,1494,1,1494,1,1494,1,1494,1,1494,1,1494,1,0.05984306335449219,0.0011920928955078125,0.00095367431640625,0.05888938903808594,0.00095367431640625,0.1990795135498047,0.06103515625,50796,1494,2988,32,0,0,32,0.8790493011474609,0.1990795135498047,0,0,0,0,0,0,0,0,streaming
1494,1,1494,1,1494,1,108,-1,1494,1,1494,1,108,-1,108,-1,0.05793571472167969,0.2090930938720703,0.04482269287109375,0.01621246337890625,0.00095367431640625,0.00095367431640625,0.016927719116210938,35262,96,1494,23,9,9,23,0.7009506225585938,0.2090930938720703,0,0,0,0,0,0,0,0,streaming
1494,1,1494,1,1494,1,1494,1,1494,1,1494,1,1494,1,1494,1,0.05793571472167969,0.0011920928955078125,0.00095367431640625,0.06103515625,0.00095367431640625,0.00095367431640625,0.00095367431640625,46506,96,2988,30,2,2,30,0.6361007690429688,0.07700920104980469,0,0,0,0,0,0,0,0,streaming
192,-1,96,-1,96,-1,96,-1,1494,1,1494,1,1494,1,1494,1,0.013828277587890625,0.0011920928955078125,0.013828277587890625,0.07510185241699219,0.0629425048828125,0.00095367431640625,0.0011920928955078125,43902,96,2988,27,5,5,27,0.6020069122314453,0.07510185241699219,0,0,0,0,0,0,0,0,streaming
1494,1,1494,1,1494,1,1494,1,1494,1,1494,1,1494,1,1494,1,0.00095367431640625,0.00095367431640625,0.00095367431640625,0.05817413330078125,0.00095367431640625,0.00095367431640625,0.0629425048828125,47808,1494,1494,32,0,0,32,0.6208419799804688,0.06318092346191406,0,0,0,0,0,0,0,0,streaming
1494,1,1494,1,1494,1,1494,1,1494,1,1494,1,1494,1,1494,1,0.0011920928955078125,0.00095367431640625,0.00095367431640625,0.07104873657226562,0.06389617919921875,0.00095367431640625,0.0011920928955078125,45012,96,1494,30,2,2,30,0.7860660552978516,0.07104873657226562,0,0,0,0,0,0,0,0,streaming
96,-1,1494,1,1494,1,1494,1,1494,1,96,-1,1494,1,1494,1,0.015974044799804688,0.00095367431640625,0.06008148193359375,0.00095367431640625,0.052928924560546875,0.007152557373046875,0.06198883056640625,42240,96,1494,28,4,4,28,0.8778572082519531,0.06222724914550781,0,0,0,0,0,0,0,0,streaming
1494,1,1494,1,1494,1,216,-1,1494,1,1494,1,1494,1,1494,1,0.00095367431640625,0.06008148193359375,0.04887580871582031,0.014066696166992188,0.00095367431640625,0.00095367431640625,0.06103515625,46530,216,1494,31,1,0,31,1.049041748046875,0.06604194641113281,0,0,0,0,0,0,0,0,streaming
1494,1,116,-1,116,-1,1494,1,1494,1,116,-1,116,-1,1494,1,0.012874603271484375,0.01621246337890625,0.027894973754882812,0.00095367431640625,0.024080276489257812,0.014066696166992188,0.0247955322265625,37380,116,2988,20,12,11,20,0.8509159088134766,0.14710426330566406,0,0,0,0,0,0,0,0,streaming
1494,1,1494,1,1494,1,1494,1,1494,1,1494,1,1494,1,1494,1,0.00095367431640625,0.05888938903808594,0.00095367431640625,0.06008148193359375,0.06103515625,0.06198883056640625,0.06198883056640625,42328,124,1494,28,4,4,28,1.7168521881103516,0.4420280456542969,0,0,0,0,0,0,0,0,streaming
1494,1,2988,1,1494,1,1494,1,1494,1,1494,1,1494,1,1494,1,0.0021457672119140625,0.05984306335449219,0.0011920928955078125,0.00095367431640625,0.05888938903808594,0.00095367431640625,0.0011920928955078125,43822,124,2988,28,4,4,28,1.1839866638183594,0.4839897155761719,0,0,0,0,0,0,0,0,streaming
104,1,104,-1,96,1,613,1,96,-1,1494,-1,1494,-1,2115,-1,4.091024398803711,0.7841587066650391,0.5259513854980469,3.983020782470703,14.188051223754883,0.010967254638671875,0.012874603271484375,15692,96,2115,15,17,20,7,88.2411003112793,19.833087921142578,0,0,0,0,0,0,0,0,streaming
2162,-1,1494,-1,1494,-1,1494,-1,1494,-1,1494,-1,1494,-1,1494,-1,0.0209808349609375,0.013828277587890625,0.02002716064453125,0.01811981201171875,0.0209808349609375,0.02193450927734375,0.025033950805664062,38786,96,2988,8,24,8,24,6.659984588623047,3.5829544067382812,0,0,0,0,0,0,0,0,streaming
1494,-1,1494,-1,96,1,96,1,1494,-1,1494,-1,2988,-1,1494,-1,0.030994415283203125,0.07915496826171875,0.011920928955078125,0.4839897155761719,0.04291534423828125,0.03719329833984375,0.03886222839355469,48672,96,4482,9,23,9,23,4.6291351318359375,0.8950233459472656,0,0,0,0,0,0,0,0,streaming
96,1,96,1,1494,-1,2988,-1,2988,-1,96,1,1494,-1,1494,-1,0.10180473327636719,0.4551410675048828,0.0629425048828125,0.00095367431640625,0.012159347534179688,0.04696846008300781,0.00095367431640625,44382,96,4482,11,21,11,21,3.2749176025390625,0.6330013275146484,0,0,0,0,0,0,0,0,streaming
1494,-1,2988,-1,96,1,96,1,1494,-1,1494,-1,4482,-1,2988,-1,0.0629425048828125,0.5981922149658203,0.13399124145507812,0.3838539123535156,0.06198883056640625,0.0011920928955078125,0.05984306335449219,56046,96,4482,8,24,8,24,2.819061279296875,0.5981922149658203,0,0,0,0,0,0,0,0,streaming
96,1,1494,-1,2988,-1,2988,-1,1494,-1,2988,-1,1494,-1,2988,-1,0.14591217041015625,0.06198883056640625,0.00095367431640625,0.06008148193359375,0.00095367431640625,0.06198883056640625,0.00095367431640625,63228,96,4482,5,27,5,27,1.544952392578125,0.23794174194335938,0,0,0,0,0,0,0,0,streaming
96,1,1494,-1,1494,-1,96,1,96,1,96,1,96,1,1494,-1,0.012159347534179688,0.00095367431640625,0.00095367431640625,0.041961669921875,0.23102760314941406,0.2219676971435547,0.14090538024902344,47370,96,4482,11,21,11,21,2.8541088104248047,0.4589557647705078,0,0,0,0,0,0,0,0,streaming
4482,-1,1494,-1,2988,-1,1494,-1,2988,-1,2988,-1,1494,-1,1494,-1,0.0629425048828125,0.00095367431640625,0.06103515625,0.00095367431640625,0.06008148193359375,0.00095367431640625,0.06008148193359375,70506,96,4482,3,29,3,29,1.2629032135009766,0.1220703125,0,0,0,0,0,0,0,0,streaming
1494,-1,2988,-1,1494,-1,1494,-1,2988,-1,96,1,96,1,1494,-1,0.06198883056640625,0.0011920928955078125,0.05984306335449219,0.0011920928955078125,0.028848648071289062,0.030040740966796875,0.0019073486328125,57252,96,2988,5,27,5,27,1.0111331939697266,0.12493133544921875,0,0,0,0,0,0,0,0,streaming
1494,-1,96,1,96,1,96,1,96,1,96,1,96,1,1494,-1,0.030994415283203125,0.014066696166992188,0.00095367431640625,0.015020370483398438,0.05602836608886719,0.07605552673339844,0.12493133544921875,57636,96,4482,9,23,9,23,1.4920234680175781,0.24509429931640625,0,0,0,0,0,0,0,0,streaming
96,1,1494,-1,2988,-1,1494,-1,1494,-1,2988,-1,2988,-1,2988,-1,0.5109310150146484,0.06222724914550781,0.00095367431640625,0.05984306335449219,0.0011920928955078125,0.06079673767089844,0.0011920928955078125,59034,96,4482,8,24,8,24,1.405954360961914,0.5109310150146484,0,0,0,0,0,0,0,0,streaming
96,1,96,1,1494,-1,1494,-1,1494,-1,96,1,96,1,1494,-1,0.1239776611328125,0.41604042053222656,0.06389617919921875,0.00095367431640625,0.014066696166992188,0.13589859008789062,0.1780986785888672,66312,96,4482,6,26,6,26,1.7189979553222656,0.41604042053222656,0,0,0,0,0,0,0,0,streaming
1494,1,1494,1,1494,1,1494,1,2988,1,1494,1,1494,1,1494,1,0.00095367431640625,0.00095367431640625,0.0591278076171875,0.0019073486328125,0.06198883056640625,0.00095367431640625,0.0011920928955078125,37220,124,2988,23,9,7,23,0.7529258728027344,0.2269744873046875,0,0,0,0,0,0,0,0,streaming
1494,1,1494,1,1494,1,1494,1,1494,1,1494,1,1494,1,1494,1,0.06413459777832031,0.00095367431640625,0.00095367431640625,0.05888938903808594,0.0011920928955078125,0.00095367431640625,0.05984306335449219,49302,1494,2988,32,0,0,32,0.6799697875976562,0.06413459777832031,0,0,0,0,0,0,0,0,streaming
1494,1,1494,1,1494,1,1494,1,1494,1,1494,1,1494,1,1494,1,0.0011920928955078125,0.06103515625,0.00095367431640625,0.00095367431640625,0.05888938903808594,0.0011920928955078125,0.00095367431640625,45192,124,2988,29,3,3,29,1.4491081237792969,0.7841587066650391,0,0,0,0,0,0,0,0,streaming
124,-1,124,-1,248,-1,1494,1,1494,1,124,-1,248,-1,124,-1,0.02002716064453125,0.00095367431640625,0.011920928955078125,0.4241466522216797,0.2930164337158203,0.017881393432617188,0.019073486328125,34356,124,1494,22,10,8,22,1.6329288482666016,0.4241466522216797,0,0,0,0,0,0,0,0,streaming
124,-1,1494,1,1494,1,1494,1,1494,1,1494,1,1494,1,1494,1,0.370025634765625,0.06103515625,0.00095367431640625,0.00095367431640625,0.06008148193359375,0.00095367431640625,0.00095367431640625,42452,124,1494,28,4,3,28,1.0960102081298828,0.370025634765625,0,0,0,0,0,0,0,0,streaming
1494,1,1494,1,1494,1,1494,1,1494,1,1494,1,1494,1,1494,1,0.0011920928955078125,0.00095367431640625,0.05793571472167969,0.00095367431640625,0.00095367431640625,0.0591278076171875,0.00095367431640625,42452,124,2988,27,5,5,27,1.608133316040039,0.7619857788085938,0,0,0,0,0,0,0,0,streaming
124,-1,1494,1,1494,1,1494,1,1494,1,2988,1,1494,1,2988,1,0.06008148193359375,0.244140625,0.0629425048828125,0.00095367431640625,0.00095367431640625,0.0591278076171875,0.00095367431640625,46686,124,2988,29,3,3,29,0.9000301361083984,0.244140625,0,0,0,0,0,0,0,0,streaming
124,-1,124,-1,124,-1,124,-1,1494,1,1494,1,1494,1,1494,1,0.016927719116210938,0.00095367431640625,0.01811981201171875,0.1537799835205078,0.06222724914550781,0.00095367431640625,0.00095367431640625,43822,124,2988,28,4,4,28,0.7488727569580078,0.1537799835205078,0,0,0,0,0,0,0,0,streaming
1494,1,1494,1,1494,1,1494,1,1494,1,1494,1,124,-1,124,-1,0.06103515625,0.00095367431640625,0.0011920928955078125,0.05888938903808594,0.00095367431640625,0.009059906005859375,0.025033950805664062,39960,124,2988,25,7,5,25,1.1610984802246094,0.3399848937988281,0,0,0,0,0,0,0,0,streaming
1494,1,1494,1,248,-1,124,-1,124,-1,1494,1,1494,1,1494,1,0.00095367431640625,0.029087066650390625,0.017881393432617188,0.0011920928955078125,0.3349781036376953,0.21386146545410156,0.06413459777832031,42700,124,2988,26,6,5,26,1.4109611511230469,0.3349781036376953,0,0,0,0,0,0,0,0,streaming
1494,1,1494,1,1494,1,1494,1,2988,1,1494,1,1494,1,1494,1,0.00095367431640625,0.00095367431640625,0.05698204040527344,0.0019073486328125,0.06318092346191406,0.00095367431640625,0.00095367431640625,45316,124,2988,28,4,4,28,1.6188621520996094,0.5249977111816406,0,0,0,0,0,0,0,0,streaming
124,-1,124,-1,124,-1,248,-1,124,-1,1494,1,1494,1,1494,1,0.00095367431640625,0.016927719116210938,0.019073486328125,0.019073486328125,0.1709461212158203,0.06389617919921875,0.0011920928955078125,31740,124,2988,18,14,13,18,0.9319782257080078,0.1709461212158203,0,0,0,0,0,0,0,0,streaming
104,1,104,-1,96,1,613,1,96,-1,1494,-1,1494,-1,1494,-1,4.099130630493164,0.8628368377685547,0.4420280456542969,3.9751529693603516,15.106916427612305,0.0629425048828125,0.00095367431640625,17759,96,2162,14,18,19,8,81.70318603515625,15.106916427612305,0,0,0,0,0,0,0,0,streaming
1494,-1,1494,-1,1494,-1,1494,-1,1494,-1,1494,-1,1494,-1,1494,-1,0.0011920928955078125,0.04982948303222656,0.0011920928955078125,0.00095367431640625,0.04792213439941406,0.00095367431640625,0.6680488586425781,39420,96,1494,6,26,6,26,6.782054901123047,3.572225570678711,0,0,0,0,0,0,0,0,streaming
96,1,1494,-1,1494,-1,1494,-1,1494,-1,1494,-1,1494,-1,96,1,0.42700767517089844,0.0629425048828125,0.0019073486328125,0.0011920928955078125,0.00095367431640625,0.05602836608886719,0.3428459167480469,36624,96,1494,8,24,8,24,4.502058029174805,0.7221698760986328,0,0,0,0,0,0,0,0,streaming
1494,-1,1494,-1,1494,-1,1494,-1,1494,-1,1494,-1,96,1,1494,-1,0.05793571472167969,0.00095367431640625,0.00095367431640625,0.06198883056640625,0.0011920928955078125,0.1609325408935547,0.7500648498535156,39420,96,1494,6,26,6,26,2.599954605102539,0.7500648498535156,0,0,0,0,0,0,0,0,streaming
1494,-1,1494,-1,96,1,1494,-1,1494,-1,1494,-1,1494,-1,1494,-1,0.06198883056640625,0.10704994201660156,0.4210472106933594,0.0629425048828125,0.00095367431640625,0.00095367431640625,0.0011920928955078125,36720,96,2988,9,23,9,23,2.7511119842529297,0.4210472106933594,0,0,0,0,0,0,0,0,streaming
96,1,1494,-1,96,1,96,1,1494,-1,1494,-1,1494,-1,1494,-1,0.5319118499755859,0.015020370483398438,0.11610984802246094,0.052928924560546875,0.06198883056640625,0.00095367431640625,0.00095367431640625,43806,96,2988,5,27,5,27,1.91497802734375,0.5319118499755859,0,0,0,0,0,0,0,0,streaming
1494,-1,1494,-1,1494,-1,1494,-1,1494,-1,1494,-1,1494,-1,96,1,0.00095367431640625,0.00095367431640625,0.06103515625,0.00095367431640625,0.00095367431640625,0.0011920928955078125,0.026941299438476562,35226,96,1494,9,23,9,23,1.6548633575439453,0.35381317138671875,0,0,0,0,0,0,0,0,streaming
1494,-1,1494,-1,1494,-1,1494,-1,1494,-1,1494,-1,1494,-1,1494,-1,0.0019073486328125,0.0011920928955078125,0.05793571472167969,0.0019073486328125,0.00095367431640625,0.0591278076171875,0.00095367431640625,40818,96,1494,5,27,5,27,1.2450218200683594,0.3619194030761719,0,0,0,0,0,0,0,0,streaming
1494,-1,1494,-1,1494,-1,1494,-1,1494,-1,1494,-1,1494,-1,96,1,0.0019073486328125,0.0011920928955078125,0.00095367431640625,0.05698204040527344,0.0019073486328125,0.00095367431640625,0.1251697540283203,43614,96,1494,3,29,3,29,0.9579658508300781,0.20194053649902344,0,0,0,0,0,0,0,0,streaming
1494,-1,96,1,1494,-1,1494,-1,96,1,1494,-1,96,1,96,1,0.11110305786132812,0.012874603271484375,0.06508827209472656,0.04792213439941406,0.012159347534179688,0.010967254638671875,0.16188621520996094,38022,96,1494,7,25,7,25,1.2440681457519531,0.17905235290527344,0,0,0,0,0,0,0,0,streaming
1494,-1,1494,-1,1494,-1,1494,-1,1494,-1,1494,-1,96,1,1494,-1,0.0019073486328125,0.0011920928955078125,0.05984306335449219,0.0021457672119140625,0.013828277587890625,0.022172927856445312,0.02193450927734375,38022,96,1494,7,25,7,25,0.7870197296142578,0.16999244689941406,0,0,0,0,0,0,0,0,streaming
1494,-1,1494,-1,1494,-1,1494,-1,1494,-1,1494,-1,1494,-1,1494,-1,0.0019073486328125,0.05698204040527344,0.0019073486328125,0.0011920928955078125,0.06079673767089844,0.0011920928955078125,0.0019073486328125,45012,96,1494,2,30,2,30,0.6198883056640625,0.06103515625,0,0,0,0,0,0,0,0,streaming
104,1,104,-1,96,1,613,1,96,-1,1494,-1,1494,-1,1494,-1,4.028081893920898,0.9028911590576172,0.38123130798339844,3.822803497314453,14.419078826904297,0.00095367431640625,0.00095367431640625,15598,96,1494,14,18,19,7,79.5450210571289,14.425992965698242,0,0,0,0,0,0,0,0,streaming
1494,-1,668,-1,1494,-1,1494,-1,1494,-1,1494,-1,1494,-1,1494,-1,0.00095367431640625,0.06008148193359375,0.00095367431640625,0.00095367431640625,0.05602836608886719,0.00095367431640625,0.00095367431640625,37196,96,1494,7,25,7,24,6.556987762451172,3.2088756561279297,0,0,0,0,0,0,0,0,streaming
96,1,1494,-1,1494,-1,1494,-1,1494,-1,1494,-1,96,1,1494,-1,0.5340576171875,0.0629425048828125,0.00095367431640625,0.0011920928955078125,0.00095367431640625,0.4489421844482422,0.3681182861328125,39420,96,1494,6,26,6,26,6.07609748840332,1.9021034240722656,0,0,0,0,0,0,0,0,streaming
1494,-1,1494,-1,1494,-1,1272,-1,318,-1,1494,-1,730,-1,96,1,0.00095367431640625,0.06413459777832031,0.00095367431640625,0.3688335418701172,13.717174530029297,0.06103515625,23.625850677490234,31310,32,1494,6,26,10,20,913.4290218353271,335.42680740356445,0,0,0,0,0,0,0,0,streaming
1494,-1,1494,-1,1494,-1,1494,-1,1494,-1,1036,-1,1494,-1,1494,-1,0.024080276489257812,0.07510185241699219,0.028848648071289062,0.030994415283203125,0.00095367431640625,0.8211135864257812,0.03695487976074219,38962,96,1494,6,26,6,25,2.6290416717529297,0.8211135864257812,0,0,0,0,0,0,0,0,streaming
1494,-1,1494,-1,1494,-1,96,1,1494,-1,284,-1,96,1,96,1,0.00095367431640625,0.03910064697265625,0.0209808349609375,0.3638267517089844,0.04506111145019531,0.33593177795410156,0.015020370483398438,30536,96,1494,10,22,10,18,4.309892654418945,1.6508102416992188,0,0,0,0,0,0,0,0,streaming
1494,-1,1494,-1,1494,-1,1494,-1,592,-1,1494,-1,1494,-1,1494,-1,0.019073486328125,0.00095367431640625,0.041961669921875,0.00095367431640625,0.0011920928955078125,0.04887580871582031,0.00095367431640625,37120,96,1494,7,25,7,24,1.8191337585449219,0.41103363037109375,0,0,0,0,0,0,0,0,streaming
1494,-1,1494,-1,1494,-1,1494,-1,1494,-1,1494,-1,1494,-1,1494,-1,0.02288818359375,0.2338886260986328,0.027179718017578125,0.00095367431640625,0.026941299438476562,0.030994415283203125,0.00095367431640625,42216,96,1494,4,28,4,28,2.4039745330810547,0.6580352783203125,0,0,0,0,0,0,0,0,streaming
1494,-1,1494,-1,1494,-1,2988,-1,1494,-1,1494,-1,1494,-1,1494,-1,0.00095367431640625,0.0011920928955078125,0.054836273193359375,0.00095367431640625,0.05817413330078125,0.00095367431640625,0.00095367431640625,39516,96,2988,7,25,7,25,1.5690326690673828,0.3821849822998047,0,0,0,0,0,0,0,0,streaming
1494,-1,1494,-1,1494,-1,1494,-1,1494,-1,1494,-1,1494,-1,1494,-1,0.06103515625,0.00095367431640625,0.00095367431640625,0.06103515625,0.00095367431640625,0.0011920928955078125,0.05888938903808594,45012,96,1494,2,30,2,30,1.116037368774414,0.3631114959716797,0,0,0,0,0,0,0,0,streaming
1494,-1,1494,-1,1494,-1,1494,-1,1494,-1,1494,-1,96,1,96,1,0.029087066650390625,0.00095367431640625,0.030040740966796875,0.00095367431640625,0.030994415283203125,0.06413459777832031,0.013828277587890625,35226,96,1494,9,23,9,23,1.2769699096679688,0.3631114959716797,0,0,0,0,0,0,0,0,streaming
1494,-1,1494,-1,1494,-1,1494,-1,1494,-1,96,1,1494,-1,1494,-1,0.028848648071289062,0.03314018249511719,0.00095367431640625,0.032901763916015625,0.2510547637939453,0.23889541625976562,0.03910064697265625,45108,96,2988,3,29,3,29,1.4979839324951172,0.2510547637939453,0,0,0,0,0,0,0,0,streaming
104,1,104,-1,96,1,613,1,96,-1,1494,-1,1494,-1,1494,-1,3.968954086303711,0.9560585021972656,0.6480216979980469,4.047870635986328,14.388084411621094,0.010967254638671875,0.012874603271484375,15597,96,1494,15,17,19,7,86.31491661071777,17.87710189819336,0,0,0,0,0,0,0,0,streaming
96,-1,1494,-1,668,-1,1494,-1,1494,-1,1494,-1,1494,-1,1494,-1,3.5941600799560547,0.010013580322265625,0.010013580322265625,0.015974044799804688,0.013828277587890625,0.0171661376953125,0.025033950805664062,38594,96,1494,5,27,6,25,10.334014892578125,3.5941600799560547,0,0,0,0,0,0,0,0,streaming
1494,-1,1494,-1,96,1,1494,-1,1494,-1,1494,-1,1494,-1,1494,-1,0.04410743713378906,0.1609325408935547,0.5571842193603516,0.14591217041015625,0.051021575927734375,0.00095367431640625,0.00095367431640625,38022,96,1494,7,25,7,25,4.084110260009766,0.5860328674316406,0,0,0,0,0,0,0,0,streaming
1494,-1,1494,-1,1494,-1,1494,-1,1494,-1,1494,-1,1494,-1,96,1,0.0629425048828125,0.00095367431640625,0.00095367431640625,0.0011920928955078125,0.05793571472167969,0.00095367431640625,0.9279251098632812,40818,96,1494,5,27,5,27,2.900838851928711,0.9279251098632812,0,0,0,0,0,0,0,0,streaming
1494,-1,1494,-1,96,1,1494,-1,1494,-1,1494,-1,1494,-1,1494,-1,0.05698204040527344,0.5638599395751953,0.13303756713867188,0.0629425048828125,0.0011920928955078125,0.00095367431640625,0.00095367431640625,43614,96,1494,3,29,3,29,3.198862075805664,0.6020069122314453,0,0,0,0,0,0,0,0,streaming
1494,-1,1494,-1,1494,-1,1494,-1,1494,-1,1494,-1,1494,-1,1494,-1,0.00095367431640625,0.00095367431640625,0.05817413330078125,0.0019073486328125,0.00095367431640625,0.0591278076171875,0.00095367431640625,45012,96,1494,2,30,2,30,1.2750625610351562,0.3249645233154297,0,0,0,0,0,0,0,0,streaming
1494,-1,1494,-1,1494,-1,1494,-1,1494,-1,96,1,1494,-1,1494,-1,0.00095367431640625,0.05793571472167969,0.00095367431640625,0.0011920928955078125,0.2899169921875,0.19812583923339844,0.06198883056640625,46410,96,1494,1,31,1,31,2.0470619201660156,0.7328987121582031,0,0,0,0,0,0,0,0,streaming
96,1,96,1,96,1,96,1,1494,-1,1494,-1,1494,-1,1494,-1,0.007867813110351562,0.015020370483398438,0.0011920928955078125,0.3368854522705078,0.06389617919921875,0.0011920928955078125,0.00095367431640625,38022,96,1494,7,25,7,25,1.0869503021240234,0.3368854522705078,0,0,0,0,0,0,0,0,streaming
1494,-1,1494,-1,1494,-1,1494,-1,1494,-1,1494,-1,1494,-1,1494,-1,0.0011920928955078125,0.00095367431640625,0.06103515625,0.0019073486328125,0.00095367431640625,0.21314620971679688,0.06389617919921875,36624,96,1494,8,24,8,24,3.5130977630615234,1.600027084350586,0,0,0,0,0,0,0,0,streaming
1494,-1,1494,-1,1494,-1,1494,-1,1494,-1,1494,-1,1494,-1,1494,-1,0.00095367431640625,0.1800060272216797,0.06413459777832031,0.0019073486328125,0.00095367431640625,0.00095367431640625,0.05602836608886719,47808,1494,1494,0,32,0,32,1.0149478912353516,0.1800060272216797,0,0,0,0,0,0,0,0,streaming
1494,-1,1494,-1,1494,-1,96,1,96,1,1494,-1,1494,-1,1494,-1,0.00095367431640625,0.05698204040527344,0.03600120544433594,0.012874603271484375,0.17905235290527344,0.06198883056640625,0.00095367431640625,43614,96,1494,3,29,3,29,1.100778579711914,0.25200843811035156,0,0,0,0,0,0,0,0,streaming
1494,-1,1494,-1,1494,-1,1494,-1,1494,-1,1494,-1,1494,-1,1494,-1,0.06079673767089844,0.0021457672119140625,0.00095367431640625,0.00095367431640625,0.06604194641113281,0.00095367431640625,0.00095367431640625,40818,96,1494,5,27,5,27,0.8230209350585938,0.21696090698242188,0,0,0,0,0,0,0,0,streaming
104,1,104,-1,96,1,613,1,96,-1,1494,-1,1494,-1,1494,-1,3.946065902709961,0.926971435546875,0.492095947265625,3.9429664611816406,14.405012130737305,0.05888938903808594,0.00095367431640625,15597,96,1494,14,18,19,7,77.67510414123535,14.505147933959961,0,0,0,0,0,0,0,0,streaming
1494,-1,668,-1,1494,-1,1494,-1,1494,-1,2988,-1,1494,-1,1494,-1,0.0021457672119140625,0.00095367431640625,0.00095367431640625,0.05602836608886719,0.0019073486328125,0.06008148193359375,0.00095367431640625,38690,96,2988,7,25,7,24,6.322145462036133,3.27301025390625,0,0,0,0,0,0,0,0,streaming
1494,-1,1494,-1,96,1,1494,-1,1494,-1,1494,-1,1494,-1,1494,-1,0.00095367431640625,0.1659393310546875,0.5772113800048828,0.05888938903808594,0.0019073486328125,0.0021457672119140625,0.054836273193359375,36624,96,1494,8,24,8,24,4.178047180175781,0.6711483001708984,0,0,0,0,0,0,0,0,streaming
1494,-1,1494,-1,1494,-1,1494,-1,1494,-1,1494,-1,1494,-1,1494,-1,0.0629425048828125,0.0019073486328125,0.00095367431640625,0.0021457672119140625,0.05602836608886719,0.00095367431640625,0.0019073486328125,36624,96,1494,8,24,8,24,2.218961715698242,0.4000663757324219,0,0,0,0,0,0,0,0,streaming
96,1,96,1,1494,-1,1494,-1,1494,-1,1494,-1,1494,-1,1494,-1,0.15091896057128906,0.029087066650390625,0.05698204040527344,0.0019073486328125,0.00095367431640625,0.05817413330078125,0.0019073486328125,35226,96,1494,9,23,9,23,2.2199153900146484,0.453948974609375,0,0,0,0,0,0,0,0,streaming
1494,-1,1494,-1,1494,-1,1494,-1,1494,-1,1494,-1,1494,-1,1494,-1,0.06103515625,0.00095367431640625,0.0011920928955078125,0.05793571472167969,0.2338886260986328,0.06413459777832031,0.0019073486328125,40818,96,1494,5,27,5,27,1.3270378112792969,0.4029273986816406,0,0,0,0,0,0,0,0,streaming
96,1,96,1,96,1,96,1,1494,-1,1494,-1,1494,-1,1494,-1,0.014066696166992188,0.026941299438476562,0.45013427734375,0.15091896057128906,0.06198883056640625,0.0019073486328125,0.0011920928955078125,39420,96,1494,6,26,6,26,1.8761157989501953,0.47707557678222656,0,0,0,0,0,0,0,0,streaming
1494,-1,1494,-1,1494,-1,1494,-1,1494,-1,1494,-1,1494,-1,1494,-1,0.0019073486328125,0.00095367431640625,0.05817413330078125,0.0019073486328125,0.00095367431640625,0.0591278076171875,0.00095367431640625,42216,96,1494,4,28,4,28,1.2068748474121094,0.2701282501220703,0,0,0,0,0,0,0,0,streaming
1494,-1,96,1,1494,-1,1494,-1,1494,-1,1494,-1,1494,-1,1494,-1,0.011920928955078125,0.04887580871582031,0.0021457672119140625,0.00095367431640625,0.05698204040527344,0.00095367431640625,0.06103515625,39420,96,1494,6,26,6,26,1.2288093566894531,0.36787986755371094,0,0,0,0,0,0,0,0,streaming
1494,-1,1494,-1,1494,-1,1494,-1,1494,-1,1494,-1,1494,-1,1494,-1,0.05888938903808594,0.00095367431640625,0.00095367431640625,0.06008148193359375,0.00095367431640625,0.00095367431640625,0.06008148193359375,40914,96,2988,6,26,6,26,1.1699199676513672,0.3561973571777344,0,0,0,0,0,0,0,0,streaming
1494,-1,1494,-1,1494,-1,1494,-1,1494,-1,1494,-1,1494,-1,1494,-1,0.06198883056640625,0.0019073486328125,0.0021457672119140625,0.0019073486328125,0.05698204040527344,0.0019073486328125,0.0011920928955078125,43614,96,1494,3,29,3,29,1.1029243469238281,0.1990795135498047,0,0,0,0,0,0,0,0,streaming
1494,-1,1494,-1,1494,-1,1494,-1,1494,-1,1494,-1,1494,-1,1494,-1,0.0019073486328125,0.0021457672119140625,0.0019073486328125,0.05507469177246094,0.0019073486328125,0.00095367431640625,0.06103515625,38022,96,1494,7,25,7,25,0.9279251098632812,0.1571178436279297,0,0,0,0,0,0,0,0,streaming
104,1,104,-1,96,1,613,1,96,-1,1494,-1,1494,-1,1494,-1,3.8230419158935547,0.9438991546630859,0.5431175231933594,4.173994064331055,14.317035675048828,0.00095367431640625,0.00095367431640625,28747,96,1494,10,22,11,17,39.689064025878906,14.317035675048828,0,0,0,0,0,0,0,0,streaming
1494,-1,1494,-1,1494,-1,1494,-1,1494,-1,1494,-1,1494,-1,1494,-1,0.00095367431640625,0.00095367431640625,0.3800392150878906,0.06699562072753906,0.0021457672119140625,0.00095367431640625,0.0019073486328125,40818,96,1494,5,27,5,27,3.431081771850586,0.7841587066650391,0,0,0,0,0,0,0,0,streaming
96,1,96,1,1494,-1,1494,-1,1494,-1,1494,-1,1494,-1,1494,-1,0.42510032653808594,0.9820461273193359,0.064849853515625,0.0021457672119140625,0.0019073486328125,0.00095367431640625,0.05507469177246094,43710,96,2988,4,28,4,28,3.904104232788086,0.9820461273193359,0,0,0,0,0,0,0,0,streaming
1494,-1,96,1,96,1,96,1,96,1,1494,-1,1494,-1,1494,-1,0.25010108947753906,0.013828277587890625,0.5049705505371094,0.011205673217773438,0.09894371032714844,0.00095367431640625,0.00095367431640625,33828,96,1494,10,22,10,22,3.062009811401367,0.8230209350585938,0,0,0,0,0,0,0,0,streaming
1494,-1,1494,-1,1494,-1,1494,-1,1494,-1,96,1,96,1,1494,-1,0.05602836608886719,0.00095367431640625,0.0011920928955078125,0.05888938903808594,0.04506111145019531,0.012874603271484375,0.2810955047607422,43614,96,1494,3,29,3,29,1.9080638885498047,0.9000301361083984,0,0,0,0,0,0,0,0,streaming
1494,-1,1494,-1,96,1,1494,-1,1494,-1,1494,-1,1494,-1,1494,-1,0.00095367431640625,0.20599365234375,0.35309791564941406,0.06103515625,0.0019073486328125,0.0021457672119140625,0.00095367431640625,36624,96,1494,8,24,8,24,1.583099365234375,0.35309791564941406,0,0,0,0,0,0,0,0,streaming
1494,-1,1494,-1,1494,-1,96,1,96,1,1494,-1,1494,-1,1494,-1,0.06389617919921875,0.06008148193359375,0.026941299438476562,0.025033950805664062,0.009059906005859375,0.00095367431640625,0.06103515625,38022,96,1494,7,25,7,25,1.386880874633789,0.26917457580566406,0,0,0,0,0,0,0,0,streaming
1494,-1,1494,-1,1494,-1,1494,-1,1494,-1,1494,-1,1494,-1,1494,-1,0.0019073486328125,0.050067901611328125,0.0019073486328125,0.0021457672119140625,0.0019073486328125,0.05698204040527344,0.0019073486328125,38022,96,1494,7,25,7,25,2.1369457244873047,0.5319118499755859,0,0,0,0,0,0,0,0,streaming
1494,-1,1494,-1,96,1,1494,-1,1494,-1,1494,-1,1494,-1,1494,-1,0.0011920928955078125,0.064849853515625,0.05316734313964844,0.00095367431640625,0.06198883056640625,0.00095367431640625,0.00095367431640625,46410,96,1494,1,31,1,31,1.371145248413086,0.3509521484375,0,0,0,0,0,0,0,0,streaming
1494,-1,1494,-1,1494,-1,1494,-1,1494,-1,1494,-1,1494,-1,1494,-1,0.00095367431640625,0.06008148193359375,0.0019073486328125,0.00095367431640625,0.057220458984375,0.0019073486328125,0.00095367431640625,46410,96,1494,1,31,1,31,0.9338855743408203,0.15091896057128906,0,0,0,0,0,0,0,0,streaming
1494,-1,1494,-1,96,1,96,1,96,1,96,1,96,1,1494,-1,0.0019073486328125,0.04792213439941406,0.10704994201660156,0.014066696166992188,0.017881393432617188,0.0011920928955078125,0.054836273193359375,35226,96,1494,9,23,9,23,1.02996826171875,0.1881122589111328,0,0,0,0,0,0,0,0,streaming
1494,-1,1494,-1,1494,-1,1494,-1,1494,-1,1494,-1,1494,-1,1494,-1,0.06198883056640625,0.00095367431640625,0.06008148193359375,0.00095367431640625,0.00095367431640625,0.06008148193359375,0.00095367431640625,38118,96,1494,7,25,7,25,0.5729198455810547,0.0629425048828125,0,0,0,0,0,0,0,0,streaming
104,1,104,-1,96,1,613,1,96,-1,1494,-1,2988,-1,622,-1,4.050016403198242,0.8571147918701172,0.7579326629638672,4.1179656982421875,14.06097412109375,0.0011920928955078125,0.00095367431640625,17185,96,2988,15,17,20,7,91.23015403747559,17.13705062866211,0,0,0,0,0,0,0,0,streaming
668,-1,1494,-1,1494,-1,1494,-1,1494,-1,1494,-1,1494,-1,1494,-1,0.010967254638671875,0.015974044799804688,0.025987625122070312,0.02002716064453125,0.023126602172851562,0.02384185791015625,0.027179718017578125,38786,96,2988,8,24,8,23,6.536006927490234,3.5779476165771484,0,0,0,0,0,0,0,0,streaming
1494,-1,96,1,96,1,96,1,1494,-1,1494,-1,1494,-1,1494,-1,0.04601478576660156,0.16999244689941406,0.48995018005371094,0.03695487976074219,0.041961669921875,0.04506111145019531,0.00095367431640625,36912,96,4482,11,21,11,21,4.544973373413086,0.7140636444091797,0,0,0,0,0,0,0,0,streaming
4482,-1,1494,-1,2988,-1,1494,-1,96,1,1494,-1,1494,-1,4482,-1,0.00095367431640625,0.06008148193359375,0.00095367431640625,0.05602836608886719,0.5028247833251953,0.0591278076171875,0.00095367431640625,54360,96,4482,6,26,6,26,3.1490325927734375,0.7729530334472656,0,0,0,0,0,0,0,0,streaming
1494,-1,1494,-1,1494,-1,96,1,96,1,96,1,1494,-1,2988,-1,0.00095367431640625,0.030040740966796875,0.7190704345703125,0.012874603271484375,0.013113021850585938,0.14209747314453125,0.033855438232421875,54264,96,4482,5,27,5,27,2.682924270629883,0.7190704345703125,0,0,0,0,0,0,0,0,streaming
96,1,1494,-1,96,1,1494,-1,1494,-1,1494,-1,1494,-1,1494,-1,0.015020370483398438,0.22602081298828125,0.3218650817871094,0.01811981201171875,0.02002716064453125,0.02193450927734375,0.025033950805664062,42504,96,2988,7,25,7,25,2.131938934326172,0.4649162292480469,0,0,0,0,0,0,0,0,streaming
1494,-1,96,1,1494,-1,2988,-1,1494,-1,2988,-1,1494,-1,1494,-1,0.01811981201171875,0.050067901611328125,0.053882598876953125,0.00095367431640625,0.05412101745605469,0.00095367431640625,0.05602836608886719,57156,96,2988,4,28,4,28,1.4851093292236328,0.27298927307128906,0,0,0,0,0,0,0,0,streaming
2988,-1,1494,-1,1494,-1,2988,-1,1494,-1,2988,-1,1494,-1,1494,-1,0.12302398681640625,0.06079673767089844,0.0011920928955078125,0.06079673767089844,0.0011920928955078125,0.05984306335449219,0.0011920928955078125,66024,96,4482,3,29,3,29,1.7440319061279297,0.3120899200439453,0,0,0,0,0,0,0,0,streaming
1494,-1,4482,-1,2988,-1,1494,-1,1494,-1,2988,-1,2988,-1,1494,-1,0.05984306335449219,0.06103515625,0.00095367431640625,0.06008148193359375,0.00095367431640625,0.06103515625,0.00095367431640625,66216,96,4482,5,27,5,27,2.238035202026367,0.3190040588378906,0,0,0,0,0,0,0,0,streaming
2988,-1,1494,-1,2988,-1,1494,-1,96,1,1494,-1,1494,-1,1494,-1,0.0011920928955078125,0.06103515625,0.00095367431640625,0.03790855407714844,0.02193450927734375,0.07200241088867188,0.049114227294921875,55950,96,4482,7,25,7,25,1.6791820526123047,0.2460479736328125,0,0,0,0,0,0,0,0,streaming
1494,-1,2988,-1,1494,-1,2988,-1,2988,-1,1494,-1,1494,-1,2988,-1,0.00095367431640625,0.06103515625,0.00095367431640625,0.06008148193359375,0.00095367431640625,0.05984306335449219,0.0011920928955078125,58650,96,4482,4,28,4,28,1.088857650756836,0.12302398681640625,0,0,0,0,0,0,0,0,streaming
96,1,96,1,1494,-1,96,1,1494,-1,2988,-1,1494,-1,4482,-1,0.11086463928222656,0.02002716064453125,0.013113021850585938,0.04792213439941406,0.00095367431640625,0.00095367431640625,0.06008148193359375,63036,96,4482,3,29,3,29,0.9357929229736328,0.11086463928222656,0,0,0,0,0,0,0,0,streaming
1492,1,1492,1,1492,1,1492,1,1492,1,1492,1,1492,1,1492,1,0.0011920928955078125,0.00095367431640625,0.00095367431640625,0.05602836608886719,0.00095367431640625,0.0021457672119140625,0.06198883056640625,46346,94,1492,31,1,1,31,0.5011558532714844,0.06198883056640625,0,0,0,0,0,0,1701,1701,streaming
94,-1,94,-1,94,-1,1492,1,1492,1,1492,1,1492,1,94,-1,0.013113021850585938,0.08797645568847656,0.07891654968261719,0.0591278076171875,0.0019073486328125,0.0021457672119140625,0.0019073486328125,37958,94,1492,25,7,7,25,1.3570785522460938,0.36787986755371094,0,0,0,0,0,0,1701,1701,streaming
1492,1,1492,1,94,-1,1492,1,1492,1,1492,1,1492,1,1492,1,0.0021457672119140625,0.02193450927734375,0.03504753112792969,0.00095367431640625,0.00095367431640625,0.06008148193359375,0.00095367431640625,39356,94,1492,26,6,6,26,0.6289482116699219,0.102996826171875,0,0,0,0,0,0,1701,1701,streaming
1492,1,1492,1,1492,1,1492,1,1492,1,1492,1,1492,1,94,-1,0.00095367431640625,0.0019073486328125,0.05602836608886719,0.0021457672119140625,0.00095367431640625,0.00095367431640625,0.0400543212890625,36560,94,1492,24,8,8,24,0.9999275207519531,0.22602081298828125,0,0,0,0,0,0,1701,1701,streaming
1492,1,1492,1,1492,1,1492,1,1492,1,1492,1,1492,1,1492,1,0.186920166015625,0.00095367431640625,0.0011920928955078125,0.06079673767089844,0.0011920928955078125,0.00095367431640625,0.00095367431640625,47838,94,2984,31,1,1,31,0.7958412170410156,0.186920166015625,0,0,0,0,0,0,1701,1701,streaming
1492,1,1492,1,1492,1,1492,1,1492,1,1492,1,1492,1,1492,1,0.0019073486328125,0.0021457672119140625,0.00095367431640625,0.1819133758544922,0.00095367431640625,0.24318695068359375,0.0019073486328125,39356,94,1492,26,6,6,26,1.3859272003173828,0.24318695068359375,0,0,0,0,0,0,1701,1701,streaming
1492,1,1492,1,1492,1,1492,1,1492,1,1492,1,1492,1,1492,1,0.05888938903808594,0.0019073486328125,0.0011920928955078125,0.06198883056640625,0.0019073486328125,0.0019073486328125,0.05412101745605469,43644,94,1492,29,3,3,29,0.9829998016357422,0.13303756713867188,0,0,0,0,0,0,1701,1701,streaming
94,-1,1492,1,1492,1,1492,1,1492,1,1492,1,1492,1,94,-1,0.024080276489257812,0.00095367431640625,0.0019073486328125,0.0591278076171875,0.0019073486328125,0.00095367431640625,0.0011920928955078125,43550,94,1492,29,3,3,29,2.357006072998047,1.318216323852539,0,0,0,0,0,0,1701,1701,streaming
1492,1,94,-1,1492,1,1492,1,1492,1,94,-1,188,-1,94,-1,0.05698204040527344,0.0021457672119140625,0.00095367431640625,0.00095367431640625,0.009059906005859375,0.07104873657226562,0.013828277587890625,32460,94,1492,21,11,11,21,0.9319782257080078,0.12922286987304688,0,0,0,0,0,0,1701,1701,streaming
1492,1,1492,1,94,-1,1492,1,1492,1,2984,1,1492,1,1492,1,0.00095367431640625,0.07414817810058594,0.08296966552734375,0.0629425048828125,0.0019073486328125,0.00095367431640625,0.057220458984375,45042,94,2984,29,3,3,29,0.7948875427246094,0.11992454528808594,0,0,0,0,0,0,1701,1701,streaming
1492,1,1492,1,1492,1,1492,1,1492,1,1492,1,1492,1,1492,1,0.06198883056640625,0.0011920928955078125,0.00095367431640625,0.06198883056640625,0.0019073486328125,0.00095367431640625,0.05698204040527344,42152,94,1492,28,4,4,28,0.7231235504150391,0.06198883056640625,0,0,0,0,0,0,1701,1701,streaming
1492,1,1492,1,1492,1,1492,1,1492,1,1492,1,1492,1,1492,1,0.00095367431640625,0.00095367431640625,0.05817413330078125,0.0019073486328125,0.00095367431640625,0.06008148193359375,0.0019073486328125,43550,94,1492,29,3,3,29,0.5650520324707031,0.06008148193359375,0,0,0,0,0,0,1701,1701,streaming
102,1,102,-1,94,1,611,1,94,-1,1492,-1,1492,-1,1492,-1,4.019975662231445,1.0960102081298828,0.8699893951416016,3.866910934448242,14.2669677734375,0.012159347534179688,0.025987625122070312,15291,94,1492,15,17,20,7,77.98194885253906,14.355897903442383,0,0,0,0,0,0,1701,1701,streaming
106,1,94,1,174,1,292,1,94,-1,1492,-1,666,-1,1492,-1,0.010967254638671875,2.6531219482421875,0.012874603271484375,4.297018051147461,2.7980804443359375,0.015020370483398438,0.032901763916015625,33240,94,1492,9,23,9,21,16.401052474975586,4.297018051147461,0,0,0,0,0,0,1701,1701,streaming
1492,-1,1492,-1,1492,-1,1492,-1,94,1,94,1,1492,-1,1492,-1,0.00095367431640625,0.00095367431640625,0.051975250244140625,0.07200241088867188,0.4591941833496094,0.35381317138671875,0.05507469177246094,40754,94,1492,5,27,5,27,5.2089691162109375,1.116037368774414,0,0,0,0,0,0,1701,1701,streaming
1492,-1,1492,-1,1492,-1,1492,-1,94,1,94,1,94,1,1492,-1,0.00095367431640625,0.2758502960205078,0.06198883056640625,0.5331039428710938,0.015020370483398438,0.014066696166992188,0.29087066650390625,39356,94,1492,6,26,6,26,2.972841262817383,0.6139278411865234,0,0,0,0,0,0,1701,1701,streaming
94,1,94,1,1492,-1,1492,-1,2984,-1,1492,-1,1492,-1,2984,-1,0.014066696166992188,0.4761219024658203,0.0629425048828125,0.00095367431640625,0.00095367431640625,0.0591278076171875,0.00095367431640625,40942,94,2984,7,25,7,25,2.620220184326172,0.5788803100585938,0,0,0,0,0,0,1701,1701,streaming
1492,-1,94,1,1492,-1,1492,-1,1492,-1,1492,-1,1492,-1,1492,-1,0.7100105285644531,0.1990795135498047,0.0019073486328125,0.0019073486328125,0.0011920928955078125,0.0019073486328125,0.00095367431640625,42152,94,1492,4,28,4,28,1.6651153564453125,0.7100105285644531,0,0,0,0,0,0,1701,1701,streaming
1492,-1,1492,-1,1492,-1,1492,-1,1492,-1,94,1,94,1,94,1,0.00095367431640625,0.0011920928955078125,0.05698204040527344,0.0019073486328125,0.2551078796386719,0.11992454528808594,0.015974044799804688,42152,94,1492,4,28,4,28,1.3821125030517578,0.2551078796386719,0,0,0,0,0,0,1701,1701,streaming
1492,-1,94,1,94,1,94,1,1492,-1,94,1,94,1,1492,-1,0.015974044799804688,0.014066696166992188,0.00095367431640625,0.029087066650390625,0.38886070251464844,0.1900196075439453,0.14400482177734375,37958,94,1492,7,25,7,25,1.2099742889404297,0.38886070251464844,0,0,0,0,0,0,1701,1701,streaming
1492,-1,94,1,94,1,94,1,94,1,1492,-1,1492,-1,1492,-1,0.1220703125,0.015974044799804688,0.015020370483398438,1.0979175567626953,0.32806396484375,0.04601478576660156,0.00095367431640625,40754,94,1492,5,27,5,27,2.0780563354492188,1.0979175567626953,0,0,0,0,0,0,1701,1701,streaming
1492,-1,1492,-1,1492,-1,1492,-1,1492,-1,1492,-1,1492,-1,1492,-1,0.0011920928955078125,0.05984306335449219,0.0021457672119140625,0.00095367431640625,0.00095367431640625,0.05698204040527344,0.00095367431640625,44948,94,1492,2,30,2,30,0.8571147918701172,0.29587745666503906,0,0,0,0,0,0,1701,1701,streaming
1492,-1,1492,-1,1492,-1,1492,-1,1492,-1,1492,-1,1492,-1,1492,-1,0.00095367431640625,0.06103515625,0.00095367431640625,0.0011920928955078125,0.00095367431640625,0.05698204040527344,0.00095367431640625,46346,94,1492,1,31,1,31,1.2919902801513672,0.5350112915039062,0,0,0,0,0,0,1701,1701,streaming
1492,-1,1492,-1,1492,-1,1492,-1,1492,-1,1492,-1,1492,-1,1492,-1,0.03504753112792969,0.00095367431640625,0.03504753112792969,0.00095367431640625,0.03719329833984375,0.04076957702636719,0.0021457672119140625,42152,94,1492,4,28,4,28,0.6041526794433594,0.054836273193359375,0,0,0,0,0,0,1701,1701,streaming
102,-1,102,1,94,-1,611,-1,94,1,1492,1,1492,1,1492,1,4.186153411865234,1.1928081512451172,0.7131099700927734,4.142045974731445,14.451980590820312,0.009059906005859375,0.010967254638671875,15293,94,1492,17,15,20,7,89.05696868896484,22.489070892333984,0,0,0,0,0,0,1701,1701,streaming
106,-1,94,-1,174,-1,292,-1,94,1,1492,1,666,1,1492,1,0.011920928955078125,2.393960952758789,0.2090930938720703,4.305839538574219,2.991199493408203,0.00095367431640625,0.010967254638671875,31842,94,1492,22,10,10,20,15.935897827148438,4.305839538574219,0,0,0,0,0,0,1701,1701,streaming
1492,1,4476,1,1492,1,94,-1,94,-1,1492,1,1492,1,1492,1,0.048160552978515625,0.04982948303222656,0.024080276489257812,0.4799365997314453,0.36215782165527344,0.052928924560546875,0.00095367431640625,49800,94,4476,26,6,6,26,5.793094635009766,1.0290145874023438,0,0,0,0,0,0,1701,1701,streaming
1492,1,2984,1,1492,1,94,-1,94,-1,1492,1,2984,1,2984,1,0.05793571472167969,0.0011920928955078125,0.08988380432128906,0.2410411834716797,0.22101402282714844,0.06198883056640625,0.00095367431640625,53066,94,4476,23,9,9,23,3.534078598022461,0.5939006805419922,0,0,0,0,0,0,1701,1701,streaming
94,-1,1492,1,1492,1,1492,1,1492,1,1492,1,2984,1,1492,1,0.1468658447265625,0.06198883056640625,0.06103515625,0.30112266540527344,0.06198883056640625,0.00095367431640625,7.941007614135742,51386,94,4476,25,7,7,25,9.337902069091797,7.941007614135742,0,0,0,0,0,0,1701,1701,streaming
2984,1,2984,1,2984,1,1492,1,1492,1,2984,1,2984,1,1492,1,0.00095367431640625,0.06008148193359375,0.00095367431640625,0.06198883056640625,0.00095367431640625,0.06222724914550781,0.00095367431640625,63134,94,4476,27,5,5,27,1.7499923706054688,0.31304359436035156,0,0,0,0,0,0,1701,1701,streaming
1492,1,94,-1,1492,1,1492,1,94,-1,94,-1,1492,1,4476,1,0.03719329833984375,0.0247955322265625,0.0011920928955078125,0.08893013000488281,0.027894973754882812,0.09012222290039062,0.06198883056640625,55956,94,4476,24,8,8,24,1.15203857421875,0.2529621124267578,0,0,0,0,0,0,1701,1701,streaming
1492,1,1492,1,1492,1,2984,1,1492,1,4476,1,2984,1,1492,1,0.2410411834716797,0.06103515625,0.00095367431640625,0.06103515625,0.00095367431640625,0.06103515625,0.00095367431640625,83552,1492,4476,32,0,0,32,1.722097396850586,0.43010711669921875,0,0,0,0,0,0,1701,1701,streaming
1492,1,2984,1,1492,1,2984,1,2984,1,2984,1,4476,1,2984,1,0.00095367431640625,0.06103515625,0.00095367431640625,0.06103515625,0.00095367431640625,0.06008148193359375,0.0629425048828125,53254,94,4476,21,11,11,21,1.7549991607666016,0.2460479736328125,0,0,0,0,0,0,1701,1701,streaming
1492,1,1492,1,2984,1,1492,1,2984,1,2984,1,1492,1,1492,1,0.06198883056640625,0.00095367431640625,0.06008148193359375,0.00095367431640625,0.06103515625,0.00095367431640625,0.06103515625,67328,94,2984,30,2,2,30,1.9049644470214844,0.9779930114746094,0,0,0,0,0,0,1701,1701,streaming
1492,1,1492,1,2984,1,1492,1,1492,1,2984,1,1492,1,1492,1,0.00095367431640625,0.06103515625,0.06103515625,0.00095367431640625,0.06103515625,0.06103515625,0.00095367431640625,46910,94,2984,25,7,7,25,1.4469623565673828,0.1780986785888672,0,0,0,0,0,0,1701,1701,streaming
2984,1,2984,1,1492,1,94,-1,1492,1,1492,1,1492,1,1492,1,0.06008148193359375,0.00095367431640625,0.015020370483398438,0.04601478576660156,0.00095367431640625,0.0021457672119140625,0.05793571472167969,48496,94,2984,24,8,8,24,1.0471343994140625,0.19502639770507812,0,0,0,0,0,0,1701,1701,streaming
1492,1,1492,1,1492,1,1492,1,1492,1,1492,1,1492,1,1492,1,0.0629425048828125,0.0011920928955078125,0.00095367431640625,0.05888938903808594,0.0011920928955078125,0.00095367431640625,0.05984306335449219,47744,1492,1492,32,0,0,32,0.61798095703125,0.0629425048828125,0,0,0,0,0,0,1701,1701,streaming
1492,1,1492,1,1492,1,1492,1,1492,1,1492,1,1492,1,2984,1,0.00095367431640625,0.0011920928955078125,0.05888938903808594,0.00095367431640625,0.06198883056640625,0.00095367431640625,0.0011920928955078125,49236,1492,2984,32,0,0,32,0.7770061492919922,0.21600723266601562,0,0,0,0,0,0,1701,1701,streaming
1492,1,1492,1,1492,1,1492,1,1492,1,1492,1,1492,1,1492,1,0.06103515625,0.0021457672119140625,0.00095367431640625,0.00095367431640625,0.05793571472167969,0.00095367431640625,0.0011920928955078125,47744,1492,1492,32,0,0,32,0.6270408630371094,0.064849853515625,0,0,0,0,0,0,1701,1701,streaming
1492,1,1492,1,1492,1,1492,1,1492,1,1492,1,1492,1,1492,1,0.0021457672119140625,0.06389617919921875,0.0021457672119140625,0.00095367431640625,0.00095367431640625,0.05698204040527344,0.00095367431640625,47744,1492,1492,32,0,0,32,0.7491111755371094,0.23508071899414062,0,0,0,0,0,0,1701,1701,streaming
1492,1,1492,1,1492,1,1492,1,1492,1,1492,1,1492,1,1492,1,0.00095367431640625,0.00095367431640625,0.0011920928955078125,0.06794929504394531,0.00095367431640625,0.00095367431640625,0.00095367431640625,47744,1492,1492,32,0,0,32,1.0750293731689453,0.2529621124267578,0,0,0,0,0,0,1701,1701,streaming
1492,1,1492,1,1492,1,1492,1,1492,1,1492,1,1492,1,1492,1,0.05698204040527344,0.00095367431640625,0.0011920928955078125,0.00095367431640625,0.05888938903808594,0.0021457672119140625,0.064849853515625,32366,94,1492,21,11,11,21,0.7679462432861328,0.21791458129882812,0,0,0,0,0,0,1701,1701,streaming
1492,1,1492,1,1492,1,1492,1,1492,1,1492,1,1492,1,1492,1,0.00095367431640625,0.05888938903808594,0.00095367431640625,0.0011920928955078125,0.06079673767089844,0.0011920928955078125,0.00095367431640625,29570,94,1492,19,13,13,19,4.378795623779297,1.0228157043457031,0,0,0,0,0,0,1701,1701,streaming
1492,1,1492,1,1492,1,94,-1,94,-1,1492,1,1492,1,94,-1,0.0019073486328125,0.00095367431640625,0.029087066650390625,0.016927719116210938,0.010013580322265625,0.0019073486328125,0.0050067901611328125,43550,94,1492,29,3,3,29,0.7328987121582031,0.2300739288330078,0,0,0,0,0,0,1701,1701,streaming
1492,1,1492,1,1492,1,1492,1,1492,1,1492,1,1492,1,1492,1,0.0019073486328125,0.00095367431640625,0.0011920928955078125,0.05698204040527344,0.00095367431640625,0.00095367431640625,0.06198883056640625,47744,1492,1492,32,0,0,32,0.5600452423095703,0.06198883056640625,0,0,0,0,0,0,1701,1701,streaming
1492,1,1492,1,94,-1,1492,1,1492,1,1492,1,94,-1,94,-1,0.00095367431640625,0.04506111145019531,0.010967254638671875,0.00095367431640625,0.0011920928955078125,0.003814697265625,0.027179718017578125,43550,94,1492,29,3,3,29,1.0161399841308594,0.4589557647705078,0,0,0,0,0,0,1701,1701,streaming
1492,1,1492,1,1492,1,1492,1,1492,1,1492,1,1492,1,1492,1,0.00095367431640625,0.05698204040527344,0.00095367431640625,0.00095367431640625,0.06198883056640625,0.0011920928955078125,0.00095367431640625,40754,94,1492,27,5,5,27,0.5259513854980469,0.06389617919921875,0,0,0,0,0,0,1701,1701,streaming
94,-1,94,-1,94,-1,94,-1,1492,1,1492,1,1492,1,1492,1,0.00095367431640625,0.015020370483398438,0.00095367431640625,0.27108192443847656,0.637054443359375,0.06198883056640625,0.00095367431640625,42152,94,1492,28,4,4,28,1.477956771850586,0.637054443359375,0,0,0,0,0,0,1701,1701,streaming
1492,1,1492,1,122,-1,1492,1,1492,1,1492,1,1492,1,1492,1,0.07081031799316406,0.0209808349609375,0.05412101745605469,0.06103515625,0.06198883056640625,0.8258819580078125,0.00095367431640625,49480,122,2984,30,2,2,30,1.6818046569824219,0.8258819580078125,0,0,0,0,0,0,1701,1701,streaming
1492,1,1492,1,1492,1,2984,1,1492,1,2984,1,1492,1,1492,1,0.06413459777832031,0.00095367431640625,0.00095367431640625,0.05888938903808594,0.0011920928955078125,0.00095367431640625,0.00095367431640625,46618,122,2984,29,3,3,29,12.671947479248047,7.78508186340332,0,0,0,0,0,0,1701,1701,streaming
1492,1,1492,1,1492,1,1492,1,1492,1,1492,1,1492,1,2984,1,0.0019073486328125,0.0021457672119140625,0.05984306335449219,0.0021457672119140625,0.0019073486328125,0.05602836608886719,0.0019073486328125,45126,122,2984,29,3,3,29,1.5680789947509766,0.47588348388671875,0,0,0,0,0,0,1701,1701,streaming
1492,1,1492,1,1492,1,1492,1,1492,1,1492,1,1492,1,1492,1,0.00095367431640625,0.00095367431640625,0.06198883056640625,0.00095367431640625,0.00095367431640625,0.0011920928955078125,0.05698204040527344,46374,122,1492,31,1,1,31,0.885009765625,0.31685829162597656,0,0,0,0,0,0,1701,1701,streaming
1492,1,1492,1,1492,1,1492,1,1492,1,1492,1,1492,1,122,-1,0.00095367431640625,0.0019073486328125,0.05507469177246094,0.00095367431640625,0.00095367431640625,0.06008148193359375,0.07200241088867188,43634,122,1492,29,3,3,29,1.9888877868652344,0.5960464477539062,0,0,0,0,0,0,1701,1701,streaming
1492,1,1492,1,1492,1,1492,1,1492,1,1492,1,1492,1,1492,1,0.0011920928955078125,0.05793571472167969,0.00095367431640625,0.00095367431640625,0.06413459777832031,0.00095367431640625,0.00095367431640625,47744,1492,1492,32,0,0,32,0.6151199340820312,0.06413459777832031,0,0,0,0,0,0,1701,1701,streaming
1492,1,1492,1,1492,1,1492,1,1492,1,1492,1,1492,1,1492,1,0.06198883056640625,0.00095367431640625,0.0011920928955078125,0.05793571472167969,0.00095367431640625,0.00095367431640625,0.06008148193359375,46374,122,1492,31,1,1,31,0.6160736083984375,0.06198883056640625,0,0,0,0,0,0,1701,1701,streaming
1492,1,1492,1,1492,1,1492,1,1492,1,1492,1,1492,1,1492,1,0.0011920928955078125,0.00095367431640625,0.05984306335449219,0.0011920928955078125,0.05984306335449219,0.00095367431640625,0.06008148193359375,43634,122,1492,29,3,3,29,1.0671615600585938,0.18286705017089844,0,0,0,0,0,0,1701,1701,streaming
1492,1,1492,1,122,-1,1492,1,1492,1,1492,1,1492,1,1492,1,0.06079673767089844,0.007152557373046875,0.05507469177246094,0.0629425048828125,0.0019073486328125,0.00095367431640625,0.0011920928955078125,43634,122,1492,29,3,3,29,1.0218620300292969,0.19311904907226562,0,0,0,0,0,0,1701,1701,streaming
1492,1,1492,1,1492,1,122,-1,122,-1,1492,1,2984,1,1492,1,0.0011920928955078125,0.00095367431640625,0.064849853515625,0.5860328674316406,0.4191398620605469,0.06389617919921875,0.0021457672119140625,45126,122,2984,29,3,3,29,1.627206802368164,0.5860328674316406,0,0,0,0,0,0,1701,1701,streaming
1492,1,122,-1,1492,1,2984,1,1492,1,1492,1,1492,1,1492,1,0.23698806762695312,0.1819133758544922,0.0629425048828125,0.0011920928955078125,0.00095367431640625,0.05888938903808594,0.0011920928955078125,16618,122,2984,9,23,23,8,8.90803337097168,1.5480518341064453,0,0,0,0,0,0,1701,1701,streaming
122,-1,122,-1,122,-1,122,-1,122,-1,122,-1,122,-1,122,-1,0.15401840209960938,0.015974044799804688,0.13494491577148438,0.7140636444091797,0.015974044799804688,0.00095367431640625,0.5130767822265625,34036,114,1492,22,10,10,22,3.963947296142578,1.1000633239746094,0,0,0,0,0,0,1701,1701,streaming
102,1,102,-1,94,1,611,1,94,-1,1492,-1,1492,-1,1492,-1,4.143953323364258,1.5690326690673828,0.025033950805664062,4.084110260009766,14.364957809448242,0.009059906005859375,0.011920928955078125,15398,94,1492,16,16,19,7,86.37213706970215,21.777868270874023,0,0,0,0,0,0,1701,1701,streaming
174,1,292,1,94,-1,1492,-1,666,-1,1492,-1,1492,-1,1492,-1,0.014066696166992188,4.395961761474609,3.2079219818115234,0.0011920928955078125,0.011920928955078125,0.015974044799804688,0.023126602172851562,33228,94,1492,9,23,9,21,14.282941818237305,4.395961761474609,0,0,0,0,0,0,1701,1701,streaming
1492,-1,1492,-1,1492,-1,1492,-1,1492,-1,1492,-1,1492,-1,1492,-1,0.03910064697265625,0.04100799560546875,0.00095367431640625,0.5879402160644531,0.04506111145019531,0.00095367431640625,0.0050067901611328125,45418,94,2984,7,25,7,25,5.506038665771484,1.4109611511230469,0,0,0,0,0,0,1701,1701,streaming
1492,-1,1492,-1,1492,-1,1492,-1,1492,-1,1492,-1,94,1,1492,-1,0.06008148193359375,0.00095367431640625,0.00095367431640625,0.8740425109863281,0.05507469177246094,0.10585784912109375,0.07605552673339844,48214,94,2984,5,27,5,27,3.963947296142578,0.8740425109863281,0,0,0,0,0,0,1701,1701,streaming
1492,-1,1492,-1,2984,-1,1492,-1,94,1,1492,-1,1492,-1,2984,-1,0.06198883056640625,0.00095367431640625,0.00095367431640625,0.26702880859375,0.49614906311035156,0.06389617919921875,0.00095367431640625,49800,94,2984,6,26,6,26,2.6230812072753906,0.49614906311035156,0,0,0,0,0,0,1701,1701,streaming
94,1,1492,-1,1492,-1,2984,-1,1492,-1,2984,-1,94,1,1492,-1,0.46706199645996094,0.06198883056640625,0.00095367431640625,0.00095367431640625,0.05793571472167969,0.08106231689453125,0.186920166015625,49988,94,2984,8,24,8,24,2.282857894897461,0.5500316619873047,0,0,0,0,0,0,1701,1701,streaming
2984,-1,2984,-1,2984,-1,1492,-1,2984,-1,1492,-1,2984,-1,1492,-1,0.00095367431640625,0.06008148193359375,0.00095367431640625,0.0629425048828125,0.0011920928955078125,0.05984306335449219,0.00095367431640625,55862,94,2984,7,25,7,25,1.8939971923828125,0.6251335144042969,0,0,0,0,0,0,1701,1701,streaming
2984,-1,2984,-1,1492,-1,1492,-1,1492,-1,2984,-1,2984,-1,2984,-1,0.00095367431640625,0.05793571472167969,0.00095367431640625,0.0629425048828125,0.0011920928955078125,0.06103515625,0.00095367431640625,55956,94,2984,7,25,7,25,1.6548633575439453,0.5400180816650391,0,0,0,0,0,0,1701,1701,streaming
2984,-1,2984,-1,1492,-1,1492,-1,2984,-1,2984,-1,1492,-1,2984,-1,0.06103515625,0.00095367431640625,0.06008148193359375,0.00095367431640625,0.06103515625,0.00095367431640625,0.06103515625,54370,94,2984,7,25,7,25,1.4541149139404297,0.370025634765625,0,0,0,0,0,0,1701,1701,streaming
94,1,94,1,1492,-1,2984,-1,2984,-1,2984,-1,1492,-1,2984,-1,0.04220008850097656,0.21982192993164062,0.06318092346191406,0.00095367431640625,0.05984306335449219,0.0011920928955078125,0.0629425048828125,57354,94,2984,7,25,7,25,1.516103744506836,0.308990478515625,0,0,0,0,0,0,1701,1701,streaming
2984,-1,1492,-1,2984,-1,1492,-1,2984,-1,94,1,94,1,94,1,0.06103515625,0.00095367431640625,0.06103515625,0.00095367431640625,0.12993812561035156,0.0021457672119140625,0.0019073486328125,57260,94,2984,6,26,6,26,1.1150836944580078,0.20694732666015625,0,0,0,0,0,0,1701,1701,streaming
1492,-1,1492,-1,2984,-1,1492,-1,2984,-1,1492,-1,1492,-1,1492,-1,0.05793571472167969,0.00095367431640625,0.06318092346191406,0.00095367431640625,0.05888938903808594,0.0011920928955078125,0.11777877807617188,56978,94,2984,3,29,3,29,0.8571147918701172,0.11777877807617188,0,0,0,0,0,0,1701,1701,streaming
94,1,611,1,94,-1,1492,-1,3606,-1,106,1,94,1,174,1,0.8800029754638672,3.9467811584472656,14.281034469604492,0.06198883056640625,1.2700557708740234,0.0030994415283203125,2.6988983154296875,19406,94,3606,17,15,19,8,93.89996528625488,23.25916290283203,0,0,0,0,0,0,1701,1701,streaming
1492,-1,1492,-1,4476,-1,1492,-1,2984,-1,1492,-1,2984,-1,106,1,0.3390312194824219,0.0629425048828125,0.06008148193359375,0.514984130859375,0.06103515625,0.00095367431640625,0.1399517059326172,47204,94,4476,10,22,10,22,8.234977722167969,2.891063690185547,0,0,0,0,0,0,1701,1701,streaming
2984,-1,94,1,94,1,94,1,1492,-1,4476,-1,1492,-1,1492,-1,0.03790855407714844,0.21600723266601562,0.6291866302490234,0.03790855407714844,0.06198883056640625,0.00095367431640625,0.0591278076171875,47192,94,4476,10,22,10,22,4.940032958984375,1.0051727294921875,0,0,0,0,0,0,1701,1701,streaming
94,1,1492,-1,1492,-1,1492,-1,1492,-1,1492,-1,94,1,1492,-1,0.4119873046875,0.04315376281738281,0.030040740966796875,2.7489662170410156,0.00095367431640625,0.04696846008300781,0.011920928955078125,42340,94,2984,6,26,6,26,4.812002182006836,2.7489662170410156,0,0,0,0,0,0,1701,1701,streaming
94,1,94,1,94,1,94,1,94,1,94,1,1492,-1,4476,-1,0.19216537475585938,0.3409385681152344,0.2410411834716797,0.011920928955078125,0.36716461181640625,0.13494491577148438,0.06103515625,57260,94,4476,6,26,6,26,2.481222152709961,0.36716461181640625,0,0,0,0,0,0,1701,1701,streaming
2984,-1,2984,-1,2984,-1,1492,-1,1492,-1,1492,-1,94,1,1492,-1,0.06198883056640625,0.00095367431640625,0.06008148193359375,0.00095367431640625,0.11205673217773438,0.05793571472167969,0.0019073486328125,50176,94,4476,10,22,10,22,1.2650489807128906,0.2601146697998047,0,0,0,0,0,0,1701,1701,streaming
94,1,94,1,94,1,94,1,1492,-1,1492,-1,2984,-1,1492,-1,0.013828277587890625,0.22912025451660156,0.3809928894042969,1.5439987182617188,0.05793571472167969,0.00095367431640625,0.0011920928955078125,55674,94,2984,5,27,5,27,3.114938735961914,1.5439987182617188,0,0,0,0,0,0,1701,1701,streaming
2984,-1,1492,-1,2984,-1,1492,-1,1492,-1,2984,-1,1492,-1,1492,-1,0.00095367431640625,0.06008148193359375,0.00095367431640625,0.06008148193359375,0.00095367431640625,0.05984306335449219,0.0011920928955078125,42904,94,4476,12,20,12,20,1.9168853759765625,0.6048679351806641,0,0,0,0,0,0,1701,1701,streaming
94,1,94,1,94,1,1492,-1,2984,-1,1492,-1,2984,-1,94,1,0.014066696166992188,0.20599365234375,0.8919239044189453,0.00095367431640625,0.0591278076171875,0.00095367431640625,0.74005126953125,55674,94,2984,5,27,5,27,2.7430057525634766,0.8919239044189453,0,0,0,0,0,0,1701,1701,streaming
2984,-1,1492,-1,2984,-1,1492,-1,1492,-1,2984,-1,2984,-1,1492,-1,0.00095367431640625,0.05888938903808594,0.0011920928955078125,0.06198883056640625,0.00095367431640625,0.18787384033203125,0.06103515625,63040,94,2984,4,28,4,28,1.3828277587890625,0.19693374633789062,0,0,0,0,0,0,1701,1701,streaming
1492,-1,1492,-1,2984,-1,1492,-1,2984,-1,2984,-1,2984,-1,1492,-1,0.05984306335449219,0.00095367431640625,0.06103515625,0.0011920928955078125,0.06079673767089844,0.0011920928955078125,0.05984306335449219,55674,94,2984,4,28,4,28,1.1129379272460938,0.10704994201660156,0,0,0,0,0,0,1701,1701,streaming
1492,-1,1492,-1,188,1,94,1,94,1,94,1,1492,-1,1492,-1,0.00095367431640625,0.08082389831542969,0.18310546875,0.016927719116210938,0.0011920928955078125,0.06389617919921875,0.06103515625,45888,94,4476,11,21,11,21,3.1778812408447266,0.5269050598144531,0,0,0,0,0,0,1701,1701,streaming
102,1,102,-1,94,1,611,1,94,-1,1492,-1,1492,-1,1492,-1,3.9200782775878906,0.9338855743408203,0.47206878662109375,4.020929336547852,14.06717300415039,0.06198883056640625,0.00095367431640625,25912,94,1492,12,20,13,15,35.69316864013672,14.06717300415039,0,0,0,0,0,0,1701,1701,streaming
94,1,1492,-1,94,1,94,1,94,1,1492,-1,1492,-1,1492,-1,0.06794929504394531,0.1838207244873047,0.015020370483398438,0.6082057952880859,2.209901809692383,0.47397613525390625,0.2739429473876953,35256,94,2984,10,22,10,22,6.079912185668945,2.209901809692383,0,0,0,0,0,0,1701,1701,streaming
94,1,1492,-1,1492,-1,1492,-1,1492,-1,1492,-1,1492,-1,94,1,0.5500316619873047,0.06318092346191406,0.00095367431640625,0.00095367431640625,0.00095367431640625,0.05698204040527344,0.07700920104980469,42246,94,2984,5,27,5,27,4.734039306640625,1.1742115020751953,0,0,0,0,0,0,1701,1701,streaming
1492,-1,1492,-1,94,1,106,1,94,1,94,1,1492,-1,1492,-1,0.0011920928955078125,0.016927719116210938,0.011920928955078125,0.0011920928955078125,0.08988380432128906,0.4649162292480469,0.2560615539550781,33776,94,1492,10,22,10,22,2.413034439086914,0.4649162292480469,0,0,0,0,0,0,1701,1701,streaming
1492,-1,1492,-1,1492,-1,1492,-1,1492,-1,94,1,94,1,94,1,0.00095367431640625,0.06198883056640625,0.00095367431640625,0.00095367431640625,0.013113021850585938,0.11992454528808594,0.8950233459472656,37958,94,1492,7,25,7,25,2.537965774536133,0.8950233459472656,0,0,0,0,0,0,1701,1701,streaming
94,1,94,1,94,1,1492,-1,1492,-1,1492,-1,1492,-1,1492,-1,0.6229877471923828,0.164031982421875,0.3459453582763672,0.0021457672119140625,0.05984306335449219,0.0011920928955078125,13.597965240478516,43550,94,1492,3,29,3,29,15.414953231811523,13.597965240478516,0,0,0,0,0,0,1701,1701,streaming
1492,-1,1492,-1,1492,-1,1492,-1,1492,-1,1492,-1,1492,-1,1492,-1,0.00095367431640625,0.00095367431640625,0.06008148193359375,0.00095367431640625,0.7269382476806641,0.06198883056640625,0.0011920928955078125,44948,94,1492,2,30,2,30,1.4719963073730469,0.7269382476806641,0,0,0,0,0,0,1701,1701,streaming
94,1,94,1,1492,-1,1492,-1,1492,-1,1492,-1,1492,-1,1492,-1,0.00095367431640625,0.10704994201660156,0.06508827209472656,0.00095367431640625,0.00095367431640625,0.05602836608886719,0.15807151794433594,46534,94,2984,3,29,3,29,0.8521080017089844,0.15807151794433594,0,0,0,0,0,0,1701,1701,streaming
94,1,94,1,94,1,1492,-1,1492,-1,1492,-1,1492,-1,1492,-1,0.025987625122070312,0.00095367431640625,0.07295608520507812,0.00095367431640625,0.06508827209472656,0.00095367431640625,0.00095367431640625,32366,94,1492,11,21,11,21,1.3179779052734375,0.2319812774658203,0,0,0,0,0,0,1701,1701,streaming
1492,-1,1492,-1,1492,-1,1492,-1,1492,-1,1492,-1,1492,-1,1492,-1,0.00095367431640625,0.00095367431640625,0.06103515625,0.00095367431640625,0.0011920928955078125,0.05793571472167969,0.00095367431640625,49236,1492,2984,0,32,0,32,0.5609989166259766,0.0629425048828125,0,0,0,0,0,0,1701,1701,streaming
1492,-1,1492,-1,1492,-1,1492,-1,1492,-1,1492,-1,1492,-1,1492,-1,0.0011920928955078125,0.00095367431640625,0.05984306335449219,0.06318092346191406,0.00095367431640625,0.00095367431640625,0.00095367431640625,42152,94,1492,4,28,4,28,2.7480125427246094,1.7180442810058594,0,0,0,0,0,0,1701,1701,streaming
1492,-1,1492,-1,1492,-1,1492,-1,1492,-1,1492,-1,1492,-1,2984,-1,0.00095367431640625,0.00095367431640625,0.0591278076171875,0.00095367431640625,0.00095367431640625,0.06008148193359375,0.00095367431640625,46722,94,2984,5,27,5,27,0.6990432739257812,0.10204315185546875,0,0,0,0,0,0,1701,1701,streaming
1492,1,1492,1,1492,1,2984,1,2984,1,1492,1,1492,1,2984,1,0.04100799560546875,0.5619525909423828,0.04100799560546875,0.04506111145019531,0.5269050598144531,0.050067901611328125,0.00095367431640625,46816,94,2984,26,6,6,26,6.166934967041016,1.2180805206298828,0,0,0,0,0,0,1701,1701,streaming
2984,1,1492,1,1492,1,1492,1,1492,1,2984,1,1492,1,1492,1,0.00095367431640625,0.04601478576660156,0.10895729064941406,0.4329681396484375,0.05412101745605469,0.00095367431640625,0.05412101745605469,51292,94,4476,26,6,6,26,3.2689571380615234,0.5159378051757812,0,0,0,0,0,0,1701,1701,streaming
1492,1,94,-1,94,-1,94,-1,1492,1,2984,1,2984,1,1492,1,0.04696846008300781,0.6501674652099609,0.013828277587890625,0.20313262939453125,0.0629425048828125,0.00095367431640625,0.0591278076171875,51480,94,2984,24,8,8,24,3.3140182495117188,0.6501674652099609,0,0,0,0,0,0,1701,1701,streaming
2984,1,1492,1,1492,1,1492,1,1492,1,1492,1,2984,1,1492,1,0.00095367431640625,0.06008148193359375,0.13685226440429688,0.06198883056640625,0.36406517028808594,0.06198883056640625,0.00095367431640625,49988,94,4476,25,7,7,25,2.0868778228759766,0.782012939453125,0,0,0,0,0,0,1701,1701,streaming
1492,1,4476,1,1492,1,1492,1,2984,1,2984,1,1492,1,4476,1,0.0629425048828125,0.00095367431640625,0.0591278076171875,0.00095367431640625,0.0629425048828125,0.00095367431640625,0.06103515625,58752,94,4476,26,6,6,26,1.8470287322998047,0.5941390991210938,0,0,0,0,0,0,1701,1701,streaming
1492,1,94,-1,94,-1,1492,1,1492,1,2984,1,1492,1,4476,1,0.03409385681152344,0.012874603271484375,0.41604042053222656,0.06604194641113281,0.00095367431640625,0.00095367431640625,0.06008148193359375,50270,94,4476,21,11,11,21,2.7921199798583984,0.6129741668701172,0,0,0,0,0,0,1701,1701,streaming
1492,1,2984,1,1492,1,1492,1,2984,1,2984,1,1492,1,4476,1,0.05984306335449219,0.0011920928955078125,0.06198883056640625,0.00095367431640625,0.06103515625,0.00095367431640625,0.06103515625,68726,94,4476,31,1,1,31,1.7049312591552734,0.6639957427978516,0,0,0,0,0,0,1701,1701,streaming
2984,1,1492,1,1492,1,2984,1,1492,1,2984,1,1492,1,2984,1,0.00095367431640625,0.051975250244140625,0.00095367431640625,0.05412101745605469,0.00095367431640625,0.05698204040527344,0.00095367431640625,58940,94,4476,25,7,7,25,0.865936279296875,0.08702278137207031,0,0,0,0,0,0,1701,1701,streaming
2984,1,2984,1,1492,1,1492,1,2984,1,1492,1,1492,1,2984,1,0.0629425048828125,0.06103515625,0.00095367431640625,0.06103515625,0.0011920928955078125,0.05984306335449219,0.00095367431640625,61642,94,4476,27,5,5,27,0.9419918060302734,0.06318092346191406,0,0,0,0,0,0,1701,1701,streaming
4476,1,2984,1,1492,1,1492,1,1492,1,94,-1,1492,1,94,-1,0.06103515625,0.00095367431640625,0.06008148193359375,0.00095367431640625,0.10704994201660156,0.011920928955078125,0.0019073486328125,70406,94,4476,29,3,3,29,1.043081283569336,0.10704994201660156,0,0,0,0,0,0,1701,1701,streaming
1492,1,1492,1,1492,1,1492,1,2984,1,1492,1,94,-1,94,-1,0.06008148193359375,0.06198883056640625,0.06079673767089844,0.0011920928955078125,0.11682510375976562,0.19407272338867188,0.00095367431640625,45888,94,4476,21,11,11,21,3.086090087890625,1.0600090026855469,0,0,0,0,0,0,1701,1701,streaming
1492,1,2984,1,1492,1,1492,1,2984,1,2984,1,1492,1,1492,1,0.05888938903808594,0.00095367431640625,0.06198883056640625,0.0011920928955078125,0.06103515625,0.00095367431640625,0.05984306335449219,66118,94,4476,27,5,5,27,0.8628368377685547,0.06198883056640625,0,0,0,0,0,0,1701,1701,streaming
102,1,102,-1,94,1,611,1,94,-1,1492,-1,1492,-1,1492,-1,4.169940948486328,1.0859966278076172,0.9191036224365234,4.113912582397461,14.457941055297852,0.013113021850585938,0.0019073486328125,15304,94,1492,15,17,20,7,87.82505989074707,22.068023681640625,0,0,0,0,0,0,1701,1701,streaming
94,1,174,1,292,1,94,-1,1492,-1,666,-1,1492,-1,1492,-1,2.9180049896240234,0.3230571746826172,4.07099723815918,3.1599998474121094,0.00095367431640625,0.009059906005859375,0.030994415283203125,33228,94,1492,9,23,9,21,17.041921615600586,4.07099723815918,0,0,0,0,0,0,1701,1701,streaming
1492,-1,1492,-1,1492,-1,1492,-1,94,1,1492,-1,1492,-1,1492,-1,0.00095367431640625,0.048160552978515625,0.00095367431640625,0.3509521484375,0.5810260772705078,0.05412101745605469,0.00095367431640625,35162,94,1492,9,23,9,23,5.572080612182617,0.6768703460693359,0,0,0,0,0,0,1701,1701,streaming
1492,-1,1492,-1,1492,-1,1492,-1,1492,-1,1492,-1,1492,-1,1492,-1,0.029087066650390625,0.02384185791015625,0.030994415283203125,0.2970695495605469,0.031948089599609375,0.0011920928955078125,0.029802322387695312,39356,94,1492,6,26,6,26,2.504110336303711,0.7410049438476562,0,0,0,0,0,0,1701,1701,streaming
1492,-1,94,1,1492,-1,94,1,1492,-1,1492,-1,1492,-1,1492,-1,0.03695487976074219,0.03695487976074219,0.12803077697753906,0.41604042053222656,0.06008148193359375,0.00095367431640625,0.00095367431640625,38052,94,2984,8,24,8,24,2.7189254760742188,0.45990943908691406,0,0,0,0,0,0,1701,1701,streaming
1492,-1,94,1,1492,-1,1492,-1,1492,-1,1492,-1,1492,-1,94,1,0.7901191711425781,0.13184547424316406,0.06198883056640625,0.0021457672119140625,0.00095367431640625,0.0019073486328125,0.16808509826660156,42152,94,1492,4,28,4,28,2.404928207397461,0.7901191711425781,0,0,0,0,0,0,1701,1701,streaming
94,1,1492,-1,1492,-1,1492,-1,2984,-1,2984,-1,1492,-1,1492,-1,0.19788742065429688,0.06198883056640625,0.0021457672119140625,0.00095367431640625,0.05984306335449219,0.0011920928955078125,0.06079673767089844,45418,94,2984,7,25,7,25,1.5468597412109375,0.3440380096435547,0,0,0,0,0,0,1701,1701,streaming
1492,-1,1492,-1,1492,-1,1492,-1,1492,-1,1492,-1,1492,-1,1492,-1,0.0011920928955078125,0.00095367431640625,0.05984306335449219,0.0011920928955078125,0.00095367431640625,0.05888938903808594,0.00095367431640625,40754,94,1492,5,27,5,27,1.4150142669677734,0.5288124084472656,0,0,0,0,0,0,1701,1701,streaming
1492,-1,1492,-1,1492,-1,1492,-1,1492,-1,1492,-1,1492,-1,94,1,0.05817413330078125,0.00095367431640625,0.00095367431640625,0.0591278076171875,0.00095367431640625,0.00095367431640625,0.008106231689453125,37958,94,1492,7,25,7,25,2.0821094512939453,0.8420944213867188,0,0,0,0,0,0,1701,1701,streaming
1492,-1,1492,-1,1492,-1,1492,-1,1492,-1,1492,-1,1492,-1,1492,-1,0.00095367431640625,0.04506111145019531,0.00095367431640625,0.00095367431640625,0.04410743713378906,0.050067901611328125,0.04982948303222656,47744,1492,1492,0,32,0,32,0.9920597076416016,0.3521442413330078,0,0,0,0,0,0,1701,1701,streaming
1492,-1,1492,-1,94,1,1492,-1,94,1,94,1,94,1,94,1,0.00095367431640625,0.03886222839355469,0.009059906005859375,0.0050067901611328125,0.00095367431640625,0.012159347534179688,0.013828277587890625,40754,94,1492,5,27,5,27,0.8280277252197266,0.16498565673828125,0,0,0,0,0,0,1701,1701,streaming
1492,-1,1492,-1,1492,-1,1492,-1,1492,-1,1492,-1,1492,-1,2984,-1,0.00095367431640625,0.06103515625,0.00095367431640625,0.00095367431640625,0.00095367431640625,0.05817413330078125,0.0019073486328125,38052,94,2984,8,24,8,24,1.1320114135742188,0.2868175506591797,0,0,0,0,0,0,1701,1701,streaming
102,1,102,-1,94,1,611,1,94,-1,1492,-1,1492,-1,1492,-1,4.187107086181641,1.0578632354736328,1.1150836944580078,4.132986068725586,14.538049697875977,0.02288818359375,0.025987625122070312,15292,94,1492,15,17,20,7,76.29609107971191,14.538049697875977,0,0,0,0,0,0,1701,1701,streaming
106,1,94,1,174,1,292,1,94,-1,1492,-1,666,-1,1492,-1,0.010013580322265625,2.57110595703125,0.011920928955078125,4.392862319946289,1.0631084442138672,0.00095367431640625,0.015020370483398438,31842,94,1492,10,22,10,20,14.030933380126953,4.392862319946289,0,0,0,0,0,0,1701,1701,streaming
1492,-1,1492,-1,1492,-1,1492,-1,94,1,1492,-1,94,1,1492,-1,0.04792213439941406,0.00095367431640625,0.0011920928955078125,0.034809112548828125,0.011205673217773438,0.6299018859863281,0.10395050048828125,40848,94,2984,6,26,6,26,4.935026168823242,0.6818771362304688,0,0,0,0,0,0,1701,1701,streaming
1492,-1,1492,-1,1492,-1,1492,-1,1492,-1,1492,-1,1492,-1,1492,-1,0.0021457672119140625,0.8938312530517578,0.06198883056640625,0.00095367431640625,0.0021457672119140625,0.00095367431640625,0.05793571472167969,42152,94,1492,4,28,4,28,3.5829544067382812,0.8938312530517578,0,0,0,0,0,0,1701,1701,streaming
1492,-1,1492,-1,1492,-1,1492,-1,94,1,1492,-1,1492,-1,1492,-1,0.0019073486328125,0.00095367431640625,0.05507469177246094,0.053882598876953125,0.17595291137695312,0.06818771362304688,0.053882598876953125,39356,94,1492,6,26,6,26,2.591848373413086,0.4630088806152344,0,0,0,0,0,0,1701,1701,streaming
94,1,1492,-1,1492,-1,94,1,1492,-1,1492,-1,2984,-1,1492,-1,0.4429817199707031,0.06103515625,0.06699562072753906,0.10085105895996094,0.06413459777832031,0.00095367431640625,0.00095367431640625,48026,94,2984,3,29,3,29,2.0868778228759766,0.4429817199707031,0,0,0,0,0,0,1701,1701,streaming
1492,-1,1492,-1,1492,-1,1492,-1,1492,-1,1492,-1,1492,-1,94,1,0.05888938903808594,0.00095367431640625,0.00095367431640625,0.06008148193359375,0.00095367431640625,0.00095367431640625,0.008106231689453125,39356,94,1492,6,26,6,26,1.4548301696777344,0.3662109375,0,0,0,0,0,0,1701,1701,streaming
1492,-1,1492,-1,94,1,1492,-1,1492,-1,94,1,1492,-1,1492,-1,0.00095367431640625,0.054836273193359375,0.0040531158447265625,0.00095367431640625,0.07605552673339844,0.09799003601074219,0.06198883056640625,42246,94,2984,5,27,5,27,1.130819320678711,0.2720355987548828,0,0,0,0,0,0,1701,1701,streaming
94,1,94,1,94,1,94,1,1492,-1,94,1,1492,-1,1492,-1,0.11396408081054688,0.00095367431640625,0.0011920928955078125,0.41604042053222656,0.041961669921875,0.018835067749023438,0.0011920928955078125,35444,94,2984,12,20,12,20,1.8939971923828125,0.41604042053222656,0,0,0,0,0,0,1701,1701,streaming
1492,-1,1492,-1,1492,-1,1492,-1,94,1,1492,-1,1492,-1,1492,-1,0.06103515625,0.06198883056640625,0.00095367431640625,0.03504753112792969,0.18906593322753906,0.06198883056640625,0.00095367431640625,43550,94,1492,3,29,3,29,0.8461475372314453,0.18906593322753906,0,0,0,0,0,0,1701,1701,streaming
1492,-1,2984,-1,1492,-1,1492,-1,1492,-1,1492,-1,1492,-1,1492,-1,0.05888938903808594,0.00095367431640625,0.06198883056640625,0.0011920928955078125,0.00095367431640625,0.05888938903808594,0.0011920928955078125,45042,94,2984,3,29,3,29,0.8380413055419922,0.13709068298339844,0,0,0,0,0,0,1701,1701,streaming
1492,-1,1492,-1,1492,-1,1492,-1,1492,-1,2984,-1,94,1,94,1,0.05698204040527344,0.00095367431640625,0.00095367431640625,0.06008148193359375,0.00095367431640625,0.080108642578125,0.054836273193359375,33858,94,2984,11,21,11,21,1.5749931335449219,0.21600723266601562,0,0,0,0,0,0,1701,1701,streaming
102,-1,102,1,94,-1,611,-1,94,1,1492,1,1492,1,1492,1,4.140138626098633,1.1508464813232422,0.6639957427978516,3.9551258087158203,14.397859573364258,0.0030994415283203125,0.010967254638671875,15307,94,1492,17,15,20,7,89.73503112792969,23.459911346435547,0,0,0,0,0,0,1701,1701,streaming
94,-1,174,-1,292,-1,94,1,1492,1,666,1,1492,1,1492,1,2.652883529663086,0.2810955047607422,4.129886627197266,3.2880306243896484,0.0030994415283203125,0.008821487426757812,0.012159347534179688,33228,94,1492,23,9,9,21,16.705989837646484,4.129886627197266,0,0,0,0,0,0,1701,1701,streaming
1492,1,1492,1,1492,1,1492,1,94,-1,1492,1,1492,1,1492,1,0.00095367431640625,0.00095367431640625,0.04410743713378906,0.4220008850097656,0.5598068237304688,0.051975250244140625,0.0021457672119140625,39356,94,1492,26,6,6,26,6.5670013427734375,1.7390251159667969,0,0,0,0,0,0,1701,1701,streaming
1492,1,1492,1,1492,1,1492,1,1492,1,1492,1,1492,1,1492,1,0.09894371032714844,0.0629425048828125,0.0021457672119140625,0.00095367431640625,0.00095367431640625,0.05698204040527344,0.00095367431640625,37958,94,1492,25,7,7,25,2.7408599853515625,0.5450248718261719,0,0,0,0,0,0,1701,1701,streaming
1492,1,1492,1,1492,1,1492,1,1492,1,1492,1,1492,1,94,-1,0.06389617919921875,0.00095367431640625,0.00095367431640625,0.0011920928955078125,0.05602836608886719,0.0019073486328125,0.3559589385986328,42152,94,1492,28,4,4,28,3.033876419067383,0.5500316619873047,0,0,0,0,0,0,1701,1701,streaming
94,-1,1492,1,1492,1,1492,1,1492,1,94,-1,94,-1,1492,1,0.0,0.0591278076171875,0.00095367431640625,0.00095367431640625,0.10895729064941406,0.014066696166992188,0.22912025451660156,36560,94,1492,24,8,8,24,1.6460418701171875,0.34689903259277344,0,0,0,0,0,0,1701,1701,streaming
1492,1,1492,1,1492,1,1492,1,1492,1,1492,1,1492,1,1492,1,0.3612041473388672,0.06198883056640625,0.00095367431640625,0.00095367431640625,0.05888938903808594,0.0011920928955078125,0.00095367431640625,40754,94,1492,27,5,5,27,1.7070770263671875,0.5490779876708984,0,0,0,0,0,0,1701,1701,streaming
1492,1,1492,1,1492,1,1492,1,1492,1,1492,1,1492,1,1492,1,0.0011920928955078125,0.06198883056640625,0.0019073486328125,0.00095367431640625,0.0021457672119140625,0.054836273193359375,0.0021457672119140625,39356,94,1492,26,6,6,26,1.4400482177734375,0.39315223693847656,0,0,0,0,0,0,1701,1701,streaming
1492,1,1492,1,1492,1,1492,1,1492,1,1492,1,94,-1,94,-1,0.0019073486328125,0.0011920928955078125,0.06198883056640625,0.0019073486328125,0.00095367431640625,0.014066696166992188,0.36406517028808594,33764,94,1492,22,10,10,22,1.483917236328125,0.36406517028808594,0,0,0,0,0,0,1701,1701,streaming
1492,1,1492,1,1492,1,1492,1,1492,1,1492,1,1492,1,1492,1,0.06318092346191406,0.00095367431640625,0.00095367431640625,0.00095367431640625,0.05698204040527344,0.0021457672119140625,0.00095367431640625,42246,94,2984,27,5,5,27,0.8571147918701172,0.2048015594482422,0,0,0,0,0,0,1701,1701,streaming
1492,1,1492,1,1492,1,1492,1,1492,1,2984,1,1492,1,1492,1,0.06008148193359375,0.00095367431640625,0.00095367431640625,0.06008148193359375,0.0019073486328125,0.00095367431640625,0.05698204040527344,43738,94,2984,27,5,5,27,1.363992691040039,0.24580955505371094,0,0,0,0,0,0,1701,1701,streaming
1492,1,1492,1,1492,1,94,-1,1492,1,1492,1,1492,1,1492,1,0.0591278076171875,0.00095367431640625,0.09393692016601562,0.10395050048828125,0.06318092346191406,0.00095367431640625,0.00095367431640625,43550,94,1492,29,3,3,29,0.8101463317871094,0.10395050048828125,0,0,0,0,0,0,1701,1701,streaming
102,1,102,-1,94,1,611,1,94,-1,1492,-1,1492,-1,2114,-1,3.882884979248047,0.9150505065917969,0.7491111755371094,3.9339065551757812,14.447927474975586,0.010013580322265625,0.015020370483398438,15493,94,2114,17,15,20,7,96.84205055236816,33.00189971923828,0,0,0,0,0,0,1701,1701,streaming
174,1,292,1,94,-1,1492,-1,666,-1,1492,-1,1492,-1,1492,-1,0.014066696166992188,4.274129867553711,3.670930862426758,0.0019073486328125,0.010013580322265625,0.014066696166992188,0.025987625122070312,34626,94,1492,8,24,8,22,14.329195022583008,4.274129867553711,0,0,0,0,0,0,1701,1701,streaming
1492,-1,1492,-1,94,1,1492,-1,94,1,94,1,1492,-1,1492,-1,0.00095367431640625,0.23794174194335938,0.05602836608886719,0.598907470703125,0.013113021850585938,0.2410411834716797,0.03504753112792969,37958,94,1492,7,25,7,25,5.232810974121094,1.068115234375,0,0,0,0,0,0,1701,1701,streaming
1492,-1,1492,-1,1492,-1,1492,-1,1492,-1,1492,-1,1492,-1,1492,-1,0.02384185791015625,0.049114227294921875,0.5340576171875,0.029802322387695312,0.0011920928955078125,0.034809112548828125,0.0011920928955078125,40754,94,1492,5,27,5,27,3.1800270080566406,0.5879402160644531,0,0,0,0,0,0,1701,1701,streaming
1492,-1,1492,-1,1492,-1,1492,-1,1492,-1,94,1,1492,-1,1492,-1,0.00095367431640625,0.041961669921875,0.0011920928955078125,0.00095367431640625,0.1819133758544922,0.6251335144042969,0.0457763671875,40848,94,2984,6,26,6,26,3.448009490966797,0.7200241088867188,0,0,0,0,0,0,1701,1701,streaming
1492,-1,1492,-1,1492,-1,1492,-1,1492,-1,1492,-1,1492,-1,1492,-1,0.06008148193359375,0.00095367431640625,0.00095367431640625,0.00095367431640625,0.05602836608886719,0.00095367431640625,0.0011920928955078125,43550,94,1492,3,29,3,29,1.3000965118408203,0.4990100860595703,0,0,0,0,0,0,1701,1701,streaming
1492,-1,1492,-1,1492,-1,1492,-1,1492,-1,1492,-1,1492,-1,1492,-1,0.0011920928955078125,0.00095367431640625,0.00095367431640625,0.0591278076171875,0.00095367431640625,0.00095367431640625,0.06008148193359375,35162,94,1492,9,23,9,23,1.2600421905517578,0.20694732666015625,0,0,0,0,0,0,1701,1701,streaming
1492,-1,1492,-1,1492,-1,1492,-1,1492,-1,1492,-1,1492,-1,1492,-1,0.00095367431640625,0.0021457672119140625,0.05888938903808594,0.00095367431640625,0.00095367431640625,0.06008148193359375,0.0019073486328125,42152,94,1492,4,28,4,28,1.2540817260742188,0.21791458129882812,0,0,0,0,0,0,1701,1701,streaming
1492,-1,1492,-1,1492,-1,94,1,1492,-1,1492,-1,94,1,94,1,0.00095367431640625,0.0011920928955078125,0.04100799560546875,0.016927719116210938,0.0019073486328125,0.027179718017578125,0.00095367431640625,36560,94,1492,8,24,8,24,1.219034194946289,0.2989768981933594,0,0,0,0,0,0,1701,1701,streaming
94,1,94,1,1492,-1,1492,-1,1492,-1,1492,-1,94,1,1492,-1,0.013113021850585938,0.03790855407714844,0.06198883056640625,0.00095367431640625,0.0021457672119140625,0.055789947509765625,0.0021457672119140625,39356,94,1492,6,26,6,26,1.4040470123291016,0.46896934509277344,0,0,0,0,0,0,1701,1701,streaming
1492,-1,1492,-1,1492,-1,1492,-1,1492,-1,94,1,1492,-1,1492,-1,0.06103515625,0.00095367431640625,0.00095367431640625,0.0011920928955078125,0.0457763671875,0.012159347534179688,0.00095367431640625,40754,94,1492,5,27,5,27,0.4990100860595703,0.06103515625,0,0,0,0,0,0,1701,1701,streaming
94,1,1492,-1,94,1,1492,-1,1492,-1,1492,-1,94,1,94,1,0.03600120544433594,0.3249645233154297,0.13494491577148438,0.06008148193359375,0.00095367431640625,0.02193450927734375,0.014066696166992188,36560,94,1492,8,24,8,24,1.0418891906738281,0.3249645233154297,0,0,0,0,0,0,1701,1701,streaming
102,1,102,-1,94,1,611,1,94,-1,1492,-1,1492,-1,1492,-1,4.204034805297852,1.0890960693359375,0.8420944213867188,4.149913787841797,14.252901077270508,0.06508827209472656,0.0030994415283203125,19720,94,2984,14,18,19,9,87.22901344299316,26.829957962036133,0,0,0,0,0,0,1701,1701,streaming
2984,-1,1492,-1,1492,-1,2984,-1,1492,-1,106,1,94,1,94,1,0.6608963012695312,0.06198883056640625,0.00095367431640625,0.00095367431640625,0.5571842193603516,0.00286102294921875,0.012159347534179688,41330,94,2984,11,21,11,21,8.392810821533203,3.5750865936279297,0,0,0,0,0,0,1701,1701,streaming
2984,-1,94,1,1492,-1,1492,-1,94,1,1492,-1,4476,-1,94,1,0.225067138671875,0.35500526428222656,0.06198883056640625,0.18596649169921875,0.11706352233886719,0.06198883056640625,0.3490447998046875,47286,94,4476,11,21,11,21,5.2700042724609375,0.4940032958984375,0,0,0,0,0,0,1701,1701,streaming
1492,-1,2984,-1,1492,-1,94,1,1492,-1,2984,-1,94,1,94,1,0.06198883056640625,0.0011920928955078125,0.102996826171875,0.26679039001464844,0.0011920928955078125,0.2739429473876953,0.2009868621826172,44302,94,4476,11,21,11,21,3.108978271484375,0.72479248046875,0,0,0,0,0,0,1701,1701,streaming
4476,-1,1492,-1,94,1,2984,-1,2984,-1,94,1,94,1,1492,-1,0.00095367431640625,0.11014938354492188,0.743865966796875,0.06103515625,0.015974044799804688,0.19216537475585938,0.053882598876953125,57354,94,4476,7,25,7,25,2.972126007080078,0.743865966796875,0,0,0,0,0,0,1701,1701,streaming
4476,-1,1492,-1,2984,-1,1492,-1,94,1,1492,-1,1492,-1,1492,-1,0.06103515625,0.00095367431640625,0.06198883056640625,0.03600120544433594,0.5049705505371094,0.06103515625,0.00095367431640625,48590,94,4476,9,23,9,23,2.170085906982422,0.5049705505371094,0,0,0,0,0,0,1701,1701,streaming
1492,-1,2984,-1,2984,-1,2984,-1,4476,-1,1492,-1,2984,-1,4476,-1,0.00095367431640625,0.06103515625,0.00095367431640625,0.06198883056640625,0.06508827209472656,0.00095367431640625,0.06103515625,63228,94,4476,6,26,6,26,1.622915267944336,0.28014183044433594,0,0,0,0,0,0,1701,1701,streaming
94,1,94,1,2984,-1,1492,-1,2984,-1,2984,-1,2984,-1,4476,-1,0.0021457672119140625,0.4169940948486328,0.00095367431640625,0.05984306335449219,0.06413459777832031,0.00095367431640625,0.06103515625,56050,94,4476,9,23,9,23,1.8460750579833984,0.4169940948486328,0,0,0,0,0,0,1701,1701,streaming
2984,-1,2984,-1,2984,-1,2984,-1,1492,-1,1492,-1,2984,-1,1492,-1,0.06103515625,0.06198883056640625,0.00095367431640625,0.0591278076171875,0.00095367431640625,0.0629425048828125,0.00095367431640625,56050,94,4476,9,23,9,23,1.5261173248291016,0.41103363037109375,0,0,0,0,0,0,1701,1701,streaming
94,1,1492,-1,2984,-1,2984,-1,2984,-1,94,1,94,1,94,1,0.09703636169433594,0.06198883056640625,0.00095367431640625,0.06008148193359375,0.9310245513916016,0.0019073486328125,0.0011920928955078125,60338,94,4476,7,25,7,25,2.577066421508789,0.9310245513916016,0,0,0,0,0,0,1701,1701,streaming
2984,-1,1492,-1,2984,-1,1492,-1,2984,-1,1492,-1,1492,-1,2984,-1,0.00095367431640625,0.06103515625,0.00095367431640625,0.06008148193359375,0.00095367431640625,0.06008148193359375,0.00095367431640625,71804,94,4476,2,30,2,30,1.0640621185302734,0.10800361633300781,0,0,0,0,0,0,1701,1701,streaming
1492,-1,2984,-1,1492,-1,4476,-1,1492,-1,2984,-1,1492,-1,1492,-1,0.06222724914550781,0.00095367431640625,0.06103515625,0.06079673767089844,0.0011920928955078125,0.00095367431640625,0.05888938903808594,52878,94,4476,7,25,7,25,1.0941028594970703,0.2789497375488281,0,0,0,0,0,0,1701,1701,streaming
102,1,102,-1,94,1,611,1,94,-1,1492,-1,1492,-1,1492,-1,3.9958953857421875,1.104116439819336,0.8039474487304688,3.9319992065429688,14.641046524047852,0.013828277587890625,0.0171661376953125,15400,94,1492,15,17,19,7,88.61088752746582,20.19810676574707,0,0,0,0,0,0,1701,1701,streaming
174,1,292,1,94,-1,1492,-1,666,-1,1492,-1,1492,-1,1492,-1,0.015020370483398438,4.500865936279297,2.8960704803466797,0.0019073486328125,0.009059906005859375,0.011920928955078125,0.030994415283203125,34626,94,1492,8,24,8,22,14.278888702392578,4.500865936279297,0,0,0,0,0,0,1701,1701,streaming
1492,-1,1492,-1,1492,-1,94,1,94,1,1492,-1,1492,-1,1492,-1,0.00095367431640625,0.048160552978515625,0.10204315185546875,0.4680156707763672,0.1728534698486328,0.05507469177246094,0.00095367431640625,37958,94,1492,7,25,7,25,5.232095718383789,1.165151596069336,0,0,0,0,0,0,1701,1701,streaming
1492,-1,1492,-1,1492,-1,1492,-1,1492,-1,1492,-1,1492,-1,1492,-1,0.14901161193847656,0.06508827209472656,0.0019073486328125,0.0019073486328125,0.0011920928955078125,0.051975250244140625,0.00286102294921875,39356,94,1492,6,26,6,26,3.219127655029297,0.8270740509033203,0,0,0,0,0,0,1701,1701,streaming
1492,-1,1492,-1,1492,-1,1492,-1,1492,-1,94,1,1492,-1,1492,-1,0.0019073486328125,0.00095367431640625,0.05602836608886719,0.00095367431640625,0.3311634063720703,0.3440380096435547,0.05888938903808594,39356,94,1492,6,26,6,26,2.8100013732910156,0.46706199645996094,0,0,0,0,0,0,1701,1701,streaming
1492,-1,1492,-1,1492,-1,1492,-1,1492,-1,1492,-1,1492,-1,1492,-1,0.052928924560546875,0.08106231689453125,0.2701282501220703,0.06580352783203125,0.0021457672119140625,0.0019073486328125,0.00095367431640625,40848,94,2984,6,26,6,26,1.8029212951660156,0.3361701965332031,0,0,0,0,0,0,1701,1701,streaming
94,1,1492,-1,2984,-1,1492,-1,1492,-1,1492,-1,1492,-1,1492,-1,0.11992454528808594,0.06318092346191406,0.00095367431640625,0.00095367431640625,0.05793571472167969,0.0011920928955078125,0.00095367431640625,54088,94,4476,4,28,4,28,1.8949508666992188,0.3390312194824219,0,0,0,0,0,0,1701,1701,streaming
94,1,94,1,1492,-1,1492,-1,2984,-1,1492,-1,94,1,94,1,0.0021457672119140625,0.06198883056640625,0.08606910705566406,0.06198883056640625,0.00095367431640625,0.014066696166992188,0.4448890686035156,47004,94,4476,8,24,8,24,1.6050338745117188,0.4448890686035156,0,0,0,0,0,0,1701,1701,streaming
1492,-1,1492,-1,1492,-1,2984,-1,1492,-1,2984,-1,1492,-1,1492,-1,0.00095367431640625,0.00095367431640625,0.06103515625,0.00095367431640625,0.06008148193359375,0.00095367431640625,0.06103515625,54276,94,2984,6,26,6,26,1.667022705078125,0.2338886260986328,0,0,0,0,0,0,1701,1701,streaming
1492,-1,1492,-1,1492,-1,94,1,2984,-1,1492,-1,1492,-1,1492,-1,0.0011920928955078125,0.00095367431640625,0.0209808349609375,0.03886222839355469,0.0011920928955078125,0.05984306335449219,0.00095367431640625,46910,94,2984,7,25,7,25,1.207113265991211,0.164031982421875,0,0,0,0,0,0,1701,1701,streaming
1492,-1,2984,-1,1492,-1,1492,-1,2984,-1,1492,-1,2984,-1,1492,-1,0.00095367431640625,0.00095367431640625,0.0591278076171875,0.00095367431640625,0.0629425048828125,0.00095367431640625,0.06103515625,48308,94,2984,6,26,6,26,1.004934310913086,0.13589859008789062,0,0,0,0,0,0,1701,1701,streaming
2984,-1,1492,-1,1492,-1,1492,-1,2984,-1,1492,-1,1492,-1,1492,-1,0.0591278076171875,0.00095367431640625,0.00095367431640625,0.06318092346191406,0.00095367431640625,0.00095367431640625,0.05888938903808594,58282,94,2984,1,31,1,31,0.8671283721923828,0.06413459777832031,0,0,0,0,0,0,1701,1701,streaming
102,1,102,-1,94,1,611,1,94,-1,1492,-1,2984,-1,621,-1,4.23884391784668,0.8521080017089844,0.4558563232421875,4.065036773681641,14.44697380065918,0.024080276489257812,0.02288818359375,15652,94,2984,16,16,20,6,89.27297592163086,21.564960479736328,0,0,0,0,0,0,1701,1701,streaming
94,-1,2158,-1,1492,-1,2984,-1,4476,-1,1492,-1,1492,-1,1492,-1,3.1168460845947266,0.06008148193359375,0.00095367431640625,0.05698204040527344,0.0591278076171875,0.6039142608642578,0.06198883056640625,49268,94,4476,8,24,9,23,11.507987976074219,3.634929656982422,0,0,0,0,0,0,1701,1701,streaming
2984,-1,1492,-1,94,1,1492,-1,1492,-1,2984,-1,1492,-1,1492,-1,0.05888938903808594,0.42819976806640625,0.19097328186035156,0.05888938903808594,0.00095367431640625,0.06008148193359375,0.00095367431640625,49706,94,2984,5,27,5,27,4.786014556884766,0.7710456848144531,0,0,0,0,0,0,1701,1701,streaming
94,1,1492,-1,1492,-1,1492,-1,2984,-1,1492,-1,1492,-1,1492,-1,0.3380775451660156,0.017881393432617188,0.02002716064453125,0.024080276489257812,0.025987625122070312,0.026941299438476562,0.028133392333984375,48496,94,4476,8,24,8,24,3.4971237182617188,0.8108615875244141,0,0,0,0,0,0,1701,1701,streaming
1492,-1,1492,-1,1492,-1,1492,-1,94,1,1492,-1,1492,-1,2984,-1,0.00095367431640625,0.05984306335449219,0.0011920928955078125,0.09989738464355469,0.1850128173828125,0.06103515625,0.00095367431640625,47098,94,4476,9,23,9,23,2.810955047607422,0.5280971527099609,0,0,0,0,0,0,1701,1701,streaming
1492,-1,1492,-1,4476,-1,1492,-1,4476,-1,1492,-1,2984,-1,1492,-1,0.3249645233154297,0.06103515625,0.00095367431640625,0.06008148193359375,0.0629425048828125,0.00095367431640625,0.06103515625,73390,94,4476,3,29,3,29,1.920938491821289,0.3249645233154297,0,0,0,0,0,0,1701,1701,streaming
1492,-1,2984,-1,1492,-1,2984,-1,1492,-1,94,1,1492,-1,2984,-1,0.06008148193359375,0.00095367431640625,0.06103515625,0.00095367431640625,0.0030994415283203125,0.05698204040527344,0.00095367431640625,47286,94,4476,11,21,11,21,1.3570785522460938,0.3199577331542969,0,0,0,0,0,0,1701,1701,streaming
94,1,94,1,94,1,1492,-1,1492,-1,94,1,94,1,94,1,0.012159347534179688,0.21886825561523438,0.05793571472167969,0.06103515625,0.09799003601074219,0.010013580322265625,0.015020370483398438,47286,94,4476,11,21,11,21,1.7600059509277344,0.3540515899658203,0,0,0,0,0,0,1701,1701,streaming
4476,-1,1492,-1,1492,-1,2984,-1,1492,-1,2984,-1,2984,-1,1492,-1,0.05984306335449219,0.0021457672119140625,0.00095367431640625,0.05888938903808594,0.0011920928955078125,0.06389617919921875,0.00095367431640625,62758,94,4476,1,31,1,31,1.6930103302001953,0.4680156707763672,0,0,0,0,0,0,1701,1701,streaming
2984,-1,1492,-1,94,1,94,1,94,1,94,1,1492,-1,1492,-1,0.053882598876953125,0.006198883056640625,0.0019073486328125,0.009059906005859375,0.013828277587890625,0.3380775451660156,0.06198883056640625,60056,94,2984,4,28,4,28,1.1720657348632812,0.3380775451660156,0,0,0,0,0,0,1701,1701,streaming
1492,-1,2984,-1,1492,-1,94,1,94,1,1492,-1,2984,-1,1492,-1,0.0011920928955078125,0.00095367431640625,0.0438690185546875,0.012159347534179688,0.13184547424316406,0.0011920928955078125,0.05984306335449219,45512,94,2984,8,24,8,24,0.9050369262695312,0.13184547424316406,0,0,0,0,0,0,1701,1701,streaming
2984,-1,1492,-1,1492,-1,1492,-1,1492,-1,1492,-1,1492,-1,2984,-1,0.00095367431640625,0.07200241088867188,0.00095367431640625,0.00095367431640625,0.00095367431640625,0.050067901611328125,0.00095367431640625,48120,94,2984,4,28,4,28,0.9658336639404297,0.2639293670654297,0,0,0,0,0,0,1701,1701,streaming
102,1,94,-1,611,-1,94,1,1492,1,1492,1,1492,1,621,1,1.0559558868408203,0.5481243133544922,4.040956497192383,14.517068862915039,0.011920928955078125,0.015974044799804688,0.00095367431640625,15297,94,1492,17,15,20,7,73.82416725158691,14.533042907714844,0,0,0,0,0,0,1701,1701,streaming
174,-1,292,-1,94,1,1492,1,666,1,1492,1,1492,1,1492,1,0.010013580322265625,4.334926605224609,3.0028820037841797,0.014066696166992188,0.028133392333984375,0.03790855407714844,0.029087066650390625,33228,94,1492,23,9,9,21,13.862848281860352,4.334926605224609,0,0,0,0,0,0,1701,1701,streaming
1492,1,1492,1,1492,1,1492,1,94,-1,94,-1,1492,1,1492,1,0.016927719116210938,0.019073486328125,0.02002716064453125,0.18596649169921875,0.5049705505371094,0.09608268737792969,0.025033950805664062,40848,94,2984,26,6,6,26,5.21087646484375,0.9679794311523438,0,0,0,0,0,0,1701,1701,streaming
1492,1,1492,1,1492,1,1492,1,1492,1,1492,1,1492,1,1492,1,0.032901763916015625,0.00095367431640625,0.03409385681152344,0.00095367431640625,0.03600120544433594,0.00095367431640625,0.6601810455322266,43738,94,2984,27,5,5,27,2.8760433197021484,0.6601810455322266,0,0,0,0,0,0,1701,1701,streaming
2984,1,94,-1,1492,1,1492,1,94,-1,1492,1,1492,1,1492,1,0.5309581756591797,0.17499923706054688,0.06008148193359375,0.0438690185546875,0.01811981201171875,0.15592575073242188,0.02002716064453125,39450,94,2984,25,7,7,25,3.1630992889404297,0.5848407745361328,0,0,0,0,0,0,1701,1701,streaming
1492,1,1492,1,2984,1,1492,1,1492,1,1492,1,1492,1,1492,1,0.04506111145019531,0.00095367431640625,0.04482269287109375,0.0021457672119140625,0.04792213439941406,0.00095367431640625,0.0011920928955078125,42246,94,2984,27,5,5,27,1.603841781616211,0.5290508270263672,0,0,0,0,0,0,1701,1701,streaming
94,-1,1492,1,1492,1,1492,1,1492,1,1492,1,2984,1,1492,1,0.26297569274902344,0.06413459777832031,0.00095367431640625,0.00095367431640625,0.06008148193359375,0.00095367431640625,0.00095367431640625,49612,94,2984,28,4,4,28,1.9369125366210938,0.4417896270751953,0,0,0,0,0,0,1701,1701,streaming
1492,1,2984,1,94,-1,94,-1,94,-1,1492,1,1492,1,1492,1,0.00095367431640625,0.027894973754882812,0.35500526428222656,0.15497207641601562,0.03910064697265625,0.06389617919921875,0.00095367431640625,54088,94,2984,28,4,4,28,1.7719268798828125,0.4229545593261719,0,0,0,0,0,0,1701,1701,streaming
1492,1,1492,1,2984,1,94,-1,1492,1,94,-1,94,-1,1492,1,0.0629425048828125,0.00095367431640625,0.04601478576660156,0.014066696166992188,0.1361370086669922,0.2129077911376953,0.12302398681640625,52690,94,2984,27,5,5,27,1.2481212615966797,0.2129077911376953,0,0,0,0,0,0,1701,1701,streaming
94,-1,1492,1,94,-1,94,-1,1492,1,1492,1,2984,1,94,-1,0.013113021850585938,0.0059604644775390625,0.13399124145507812,0.026941299438476562,0.06198883056640625,0.0011920928955078125,0.027894973754882812,36936,94,2984,20,12,12,20,1.5652179718017578,0.27298927307128906,0,0,0,0,0,0,1701,1701,streaming
94,-1,1492,1,94,-1,94,-1,1492,1,1492,1,94,-1,94,-1,0.2200603485107422,0.04100799560546875,0.015020370483398438,0.0059604644775390625,0.00095367431640625,0.1289844512939453,0.014066696166992188,47192,94,2984,22,10,10,22,1.5070438385009766,0.2200603485107422,0,0,0,0,0,0,1701,1701,streaming
2984,1,94,-1,1492,1,1492,1,1492,1,2984,1,1492,1,1492,1,0.03910064697265625,0.0209808349609375,0.3159046173095703,0.06198883056640625,0.00095367431640625,0.00095367431640625,0.0591278076171875,51386,94,2984,25,7,7,25,2.054929733276367,0.33402442932128906,0,0,0,0,0,0,1701,1701,streaming
1492,1,1492,1,1492,1,1492,1,1492,1,1492,1,2984,1,1492,1,0.00095367431640625,0.00095367431640625,0.00095367431640625,0.0591278076171875,0.00095367431640625,0.00095367431640625,0.06008148193359375,47972,114,2984,30,2,2,30,0.9660720825195312,0.2071857452392578,0,0,0,0,0,0,1701,1701,streaming
1492,1,1492,1,1492,1,1492,1,2984,1,1492,1,1492,1,1492,1,0.00095367431640625,0.0019073486328125,0.05817413330078125,0.0019073486328125,0.06008148193359375,0.00095367431640625,0.00095367431640625,49464,114,2984,30,2,2,30,0.7770061492919922,0.15687942504882812,0,0,0,0,0,0,1701,1701,streaming
1492,1,114,-1,1492,1,106,-1,1492,1,94,-1,94,-1,94,-1,0.06008148193359375,0.0,0.00095367431640625,0.00095367431640625,0.011920928955078125,0.01811981201171875,0.00095367431640625,33890,94,2984,21,11,11,21,0.9360313415527344,0.25200843811035156,0,0,0,0,0,0,1701,1701,streaming
1492,1,1492,1,2984,1,1492,1,1492,1,1492,1,1492,1,1492,1,0.064849853515625,0.0021457672119140625,0.00095367431640625,0.05793571472167969,0.00095367431640625,0.0011920928955078125,0.06198883056640625,39544,94,2984,24,8,8,24,1.1529922485351562,0.16689300537109375,0,0,0,0,0,0,1701,1701,streaming
94,-1,94,-1,94,-1,94,-1,1492,1,94,-1,1492,1,1492,1,0.00095367431640625,0.0209808349609375,0.13303756713867188,0.20694732666015625,0.05602836608886719,0.0059604644775390625,0.09417533874511719,36560,94,1492,24,8,8,24,1.1539459228515625,0.20694732666015625,0,0,0,0,0,0,1701,1701,streaming
1492,1,1492,1,1492,1,1492,1,1492,1,1492,1,1492,1,1492,1,0.05793571472167969,0.00095367431640625,0.00095367431640625,0.06198883056640625,0.00095367431640625,0.0011920928955078125,0.05888938903808594,39356,94,1492,26,6,6,26,0.6527900695800781,0.06604194641113281,0,0,0,0,0,0,1701,1701,streaming
1492,1,1492,1,1492,1,1492,1,1492,1,1492,1,1492,1,1492,1,0.05888938903808594,0.00095367431640625,0.00095367431640625,0.0591278076171875,0.00095367431640625,0.00095367431640625,0.0591278076171875,46534,94,2984,29,3,3,29,0.6768703460693359,0.0629425048828125,0,0,0,0,0,0,1701,1701,streaming
1492,1,1492,1,1492,1,1492,1,1492,1,1492,1,1492,1,1492,1,0.06008148193359375,0.00095367431640625,0.00095367431640625,0.0591278076171875,0.00095367431640625,0.00095367431640625,0.06008148193359375,42340,94,2984,27,5,5,25,0.8730888366699219,0.08106231689453125,0,0,0,0,0,0,1701,1701,streaming
1274,1,1492,1,1492,1,1492,1,1492,1,1492,1,1492,1,1492,1,0.0011920928955078125,0.05888938903808594,0.0019073486328125,0.0011920928955078125,0.055789947509765625,0.0011920928955078125,0.00095367431640625,44730,94,1492,30,2,2,30,0.8380413055419922,0.08106231689453125,0,0,0,0,0,0,1701,1701,streaming
1492,1,1492,1,1492,1,1492,1,1492,1,1492,1,1492,1,1492,1,0.0011920928955078125,0.00095367431640625,0.00095367431640625,0.06008148193359375,0.00095367431640625,0.00095367431640625,0.16999244689941406,43668,94,2984,28,4,4,28,1.0030269622802734,0.16999244689941406,0,0,0,0,0,0,1701,1701,streaming
1492,1,1492,1,1492,1,1492,1,1492,1,1492,1,1492,1,2984,1,0.00095367431640625,0.05984306335449219,0.0011920928955078125,0.06103515625,0.00095367431640625,0.06103515625,0.0019073486328125,37142,114,2984,22,10,9,22,0.720977783203125,0.07581710815429688,0,0,0,0,0,0,1701,1701,streaming
1492,1,1492,1,1492,1,1492,1,1492,1,1492,1,1492,1,1492,1,0.00095367431640625,0.0011920928955078125,0.06198883056640625,0.00095367431640625,0.00095367431640625,0.00095367431640625,0.05698204040527344,31304,122,1492,20,12,12,20,0.9829998016357422,0.13899803161621094,0,0,0,0,0,0,1701,1701,streaming
102,1,102,-1,94,1,611,1,94,-1,1492,-1,1492,-1,1492,-1,3.940105438232422,1.0590553283691406,0.8809566497802734,4.120111465454102,14.556884765625,0.06198883056640625,0.00095367431640625,15361,94,1492,15,17,20,7,90.17610549926758,21.48580551147461,0,0,0,0,0,0,1701,1701,streaming
292,1,94,-1,1492,-1,666,-1,1492,-1,1492,-1,1492,-1,1492,-1,4.124879837036133,2.9120445251464844,0.00095367431640625,0.00095367431640625,0.06008148193359375,0.00095367431640625,0.0011920928955078125,38834,94,2984,6,26,6,24,13.473987579345703,4.124879837036133,0,0,0,0,0,0,1701,1701,streaming
94,1,94,1,1492,-1,1492,-1,1492,-1,1492,-1,1492,-1,94,1,0.5397796630859375,0.026226043701171875,0.064849853515625,0.0021457672119140625,0.00095367431640625,0.00095367431640625,0.2770423889160156,39356,94,1492,6,26,6,26,5.457878112792969,1.09100341796875,0,0,0,0,0,0,1701,1701,streaming
1492,-1,1492,-1,1492,-1,1492,-1,1492,-1,1492,-1,94,1,1492,-1,0.00095367431640625,0.05817413330078125,0.00095367431640625,0.659942626953125,0.06103515625,0.11205673217773438,0.027894973754882812,39356,94,1492,6,26,6,26,3.2150745391845703,0.659942626953125,0,0,0,0,0,0,1701,1701,streaming
1492,-1,1492,-1,94,1,94,1,1492,-1,1492,-1,1492,-1,1492,-1,0.00095367431640625,0.017881393432617188,0.1480579376220703,0.370025634765625,0.0629425048828125,0.00095367431640625,0.06008148193359375,39544,94,2984,8,24,8,24,2.6769638061523438,0.370025634765625,0,0,0,0,0,0,1701,1701,streaming
1492,-1,1492,-1,1492,-1,1492,-1,1492,-1,1492,-1,1492,-1,1492,-1,0.00095367431640625,0.00095367431640625,0.05698204040527344,0.0011920928955078125,0.00095367431640625,0.06103515625,0.00095367431640625,42246,94,1492,4,28,4,28,1.8150806427001953,0.6251335144042969,0,0,0,0,0,0,1701,1701,streaming
1492,-1,1492,-1,1492,-1,1492,-1,1492,-1,1492,-1,1492,-1,94,1,0.0019073486328125,0.1919269561767578,0.0021457672119140625,0.05698204040527344,0.0019073486328125,0.00095367431640625,0.025987625122070312,39356,94,1492,6,26,6,26,1.5289783477783203,0.26917457580566406,0,0,0,0,0,0,1701,1701,streaming
1492,-1,1492,-1,1492,-1,1492,-1,94,1,94,1,1492,-1,1492,-1,0.00095367431640625,0.05602836608886719,0.0021457672119140625,0.24580955505371094,0.3311634063720703,0.09298324584960938,0.0629425048828125,42152,94,1492,4,28,4,28,1.4240741729736328,0.3311634063720703,0,0,0,0,0,0,1701,1701,streaming
94,1,94,1,1492,-1,1492,-1,1492,-1,1492,-1,1492,-1,1492,-1,0.5118846893310547,0.049114227294921875,0.06890296936035156,0.0021457672119140625,0.00095367431640625,0.0019073486328125,0.11610984802246094,38052,94,1492,7,25,7,25,1.9359588623046875,0.5118846893310547,0,0,0,0,0,0,1701,1701,streaming
1492,-1,1492,-1,1492,-1,1492,-1,1492,-1,1492,-1,1492,-1,1492,-1,0.0021457672119140625,0.05698204040527344,0.05888938903808594,0.42700767517089844,0.0629425048828125,0.0011920928955078125,0.00095367431640625,46534,94,2984,3,29,3,29,1.104116439819336,0.42700767517089844,0,0,0,0,0,0,1701,1701,streaming
1492,-1,1492,-1,94,1,1492,-1,1492,-1,1492,-1,1492,-1,1492,-1,0.00095367431640625,0.014066696166992188,0.0438690185546875,0.0011920928955078125,0.00095367431640625,0.05888938903808594,0.0021457672119140625,44948,94,1492,2,30,2,30,0.9169578552246094,0.21600723266601562,0,0,0,0,0,0,1701,1701,streaming
1492,-1,1492,-1,1492,-1,1492,-1,1492,-1,1492,-1,1492,-1,1492,-1,0.0011920928955078125,0.05888938903808594,0.00095367431640625,0.00095367431640625,0.06008148193359375,0.00095367431640625,0.00095367431640625,43550,94,1492,3,29,3,29,0.8070468902587891,0.12493133544921875,0,0,0,0,0,0,1701,1701,streaming
1492,1,1492,1,1492,1,1492,1,1492,1,1492,1,1492,1,1492,1,0.06008148193359375,0.00095367431640625,0.00095367431640625,0.06008148193359375,0.00095367431640625,0.00095367431640625,0.0011920928955078125,32454,94,1492,21,11,11,21,1.190185546875,0.4878044128417969,0,0,0,0,0,0,1701,1701,streaming
1492,1,1492,1,1492,1,1492,1,1492,1,1492,1,1492,1,1492,1,0.00095367431640625,0.05698204040527344,0.11992454528808594,0.06198883056640625,0.0011920928955078125,0.6558895111083984,0.06103515625,37958,94,1492,25,7,7,25,2.962827682495117,0.762939453125,0,0,0,0,0,0,1701,1701,streaming
1492,1,1492,1,1492,1,1492,1,1492,1,94,-1,94,-1,1492,1,0.00095367431640625,0.00095367431640625,0.0011920928955078125,0.3159046173095703,0.03790855407714844,0.0171661376953125,0.007867813110351562,33764,94,1492,22,10,10,22,1.7728805541992188,0.6890296936035156,0,0,0,0,0,0,1701,1701,streaming
1492,1,1492,1,1492,1,94,-1,188,-1,94,-1,1492,1,1492,1,0.06198883056640625,0.00095367431640625,0.03600120544433594,0.0019073486328125,0.00095367431640625,0.5090236663818359,0.06103515625,19878,94,1492,12,20,20,12,1.8658638000488281,0.5090236663818359,0,0,0,0,0,0,1701,1701,streaming
94,-1,94,-1,94,-1,1492,1,1492,1,1492,1,1492,1,1492,1,0.015020370483398438,0.014066696166992188,0.09298324584960938,0.06079673767089844,0.0011920928955078125,0.00095367431640625,0.00095367431640625,22580,94,1492,14,18,18,14,1.2428760528564453,0.35691261291503906,0,0,0,0,0,0,1701,1701,streaming
1492,1,1492,1,1492,1,1492,1,1492,1,94,-1,94,-1,94,-1,0.00095367431640625,0.05888938903808594,0.00095367431640625,0.0011920928955078125,0.018835067749023438,0.014066696166992188,0.00095367431640625,33764,94,1492,22,10,10,22,1.8680095672607422,0.43010711669921875,0,0,0,0,0,0,1701,1701,streaming
1492,1,94,-1,94,-1,1492,1,1492,1,1492,1,2984,1,1492,1,0.14019012451171875,0.13685226440429688,0.5710124969482422,0.06198883056640625,0.0021457672119140625,0.00095367431640625,0.05888938903808594,45230,94,2984,27,5,5,27,3.361225128173828,0.6430149078369141,0,0,0,0,0,0,1701,1701,streaming
94,-1,1492,1,1492,1,1492,1,1492,1,1492,1,1492,1,1492,1,0.35309791564941406,0.06198883056640625,0.00095367431640625,0.00095367431640625,0.0011920928955078125,0.05793571472167969,0.00095367431640625,43550,94,1492,29,3,3,29,1.2831687927246094,0.35309791564941406,0,0,0,0,0,0,1701,1701,streaming
1492,1,1492,1,1492,1,1492,1,1492,1,1492,1,1492,1,1492,1,0.05793571472167969,0.0021457672119140625,0.05888938903808594,0.0021457672119140625,0.0019073486328125,0.05793571472167969,0.00095367431640625,43644,94,2984,28,4,4,28,1.3279914855957031,0.6008148193359375,0,0,0,0,0,0,1701,1701,streaming
1492,1,1492,1,1492,1,1492,1,1492,1,1492,1,1492,1,1492,1,0.05817413330078125,0.00095367431640625,0.00095367431640625,0.06198883056640625,0.00095367431640625,0.00095367431640625,0.0591278076171875,40848,94,2984,26,6,6,26,0.6849765777587891,0.08702278137207031,0,0,0,0,0,0,1701,1701,streaming
1492,1,1492,1,1492,1,1492,1,1492,1,1492,1,1492,1,1492,1,0.00095367431640625,0.05888938903808594,0.00095367431640625,0.0011920928955078125,0.05888938903808594,0.00095367431640625,0.00095367431640625,49236,1492,2984,32,0,0,32,0.9889602661132812,0.17309188842773438,0,0,0,0,0,0,1701,1701,streaming
1492,1,94,-1,94,-1,94,-1,1492,1,1492,1,1492,1,1492,1,0.41103363037109375,0.010967254638671875,0.014066696166992188,0.2570152282714844,0.05888938903808594,0.00095367431640625,0.00095367431640625,42152,94,1492,28,4,4,28,1.2900829315185547,0.41103363037109375,0,0,0,0,0,0,1701,1701,streaming
124,1,124,-1,124,1,636,1,124,-1,1480,-1,124,-1,1480,-1,4.216909408569336,1.3539791107177734,0.4730224609375,3.9339065551757812,15.319108963012695,0.0019073486328125,0.012159347534179688,12620,124,1480,14,18,21,5,87.68987655639648,21.736860275268555,0,0,0,0,0,0,31026,13231,streaming
124,-1,1480,-1,124,-1,1480,-1,124,-1,636,-1,124,1,124,1,0.04696846008300781,0.00095367431640625,0.012874603271484375,0.0011920928955078125,0.00095367431640625,1.3530254364013672,0.011920928955078125,20228,124,1480,6,26,17,11,12.02392578125,4.234790802001953,0,0,0,0,0,0,31026,13231,streaming
1480,-1,124,-1,1480,-1,124,-1,1480,-1,124,-1,1480,-1,124,-1,0.00095367431640625,0.025033950805664062,0.0011920928955078125,0.028848648071289062,0.00095367431640625,0.0011920928955078125,0.00095367431640625,18884,124,1480,11,21,21,11,4.738092422485352,1.7969608306884766,0,0,0,0,0,0,31026,13231,streaming
124,-1,1480,-1,124,-1,1480,-1,124,-1,1480,-1,124,-1,1480,-1,0.9589195251464844,0.0011920928955078125,0.04100799560546875,0.00095367431640625,0.00095367431640625,0.00095367431640625,0.04100799560546875,18884,124,1480,9,23,21,11,2.624034881591797,0.9589195251464844,0,0,0,0,0,0,31026,13231,streaming
1480,-1,124,-1,1480,-1,124,-1,1480,-1,124,-1,1604,-1,124,1,0.00095367431640625,0.04792213439941406,0.0021457672119140625,0.00095367431640625,0.00095367431640625,0.00095367431640625,0.0050067901611328125,17652,124,1604,13,19,22,10,2.1250247955322266,0.6549358367919922,0,0,0,0,0,0,31026,13231,streaming
1480,-1,124,-1,1480,-1,124,-1,1604,-1,1480,-1,124,-1,1480,-1,0.00095367431640625,0.04792213439941406,0.0021457672119140625,0.00095367431640625,0.04696846008300781,0.00095367431640625,0.00095367431640625,24432,124,1604,3,29,17,15,1.2819766998291016,0.6189346313476562,0,0,0,0,0,0,31026,13231,streaming
124,1,124,1,124,1,124,1,124,1,1480,-1,124,-1,1480,-1,0.0209808349609375,0.017881393432617188,0.01811981201171875,0.018835067749023438,0.13709068298339844,0.00095367431640625,0.049114227294921875,17776,124,1604,14,18,22,10,1.0859966278076172,0.4038810729980469,0,0,0,0,0,0,31026,13231,streaming
1480,-1,124,-1,1480,-1,124,-1,1480,-1,124,-1,1480,-1,124,-1,0.0011920928955078125,0.00095367431640625,0.00095367431640625,0.00095367431640625,0.00095367431640625,0.04696846008300781,0.0011920928955078125,20240,124,1480,8,24,20,12,0.9121894836425781,0.5130767822265625,0,0,0,0,0,0,31026,13231,streaming
124,1,1480,-1,124,-1,124,1,124,1,124,1,124,1,124,1,0.015974044799804688,0.0021457672119140625,0.0059604644775390625,0.00095367431640625,0.017881393432617188,0.024080276489257812,0.3979206085205078,16296,124,1604,15,17,23,9,1.5649795532226562,0.3979206085205078,0,0,0,0,0,0,31026,13231,streaming
1480,-1,124,-1,1480,-1,124,-1,1480,-1,124,-1,1480,-1,124,-1,0.00095367431640625,0.05507469177246094,0.00095367431640625,0.00095367431640625,0.0011920928955078125,0.00095367431640625,0.00095367431640625,23076,124,1604,5,27,18,14,1.0199546813964844,0.6270408630371094,0,0,0,0,0,0,31026,13231,streaming
1480,-1,124,-1,124,1,124,1,124,1,124,1,124,1,1480,-1,0.0011920928955078125,0.4680156707763672,0.14281272888183594,0.025033950805664062,0.01811981201171875,0.017881393432617188,0.016927719116210938,21596,124,1480,7,25,19,13,0.9000301361083984,0.4680156707763672,0,0,0,0,0,0,31026,13231,streaming
124,-1,1480,-1,124,-1,1480,-1,124,-1,1480,-1,124,-1,1480,-1,0.048160552978515625,0.00095367431640625,0.0019073486328125,0.0011920928955078125,0.09489059448242188,0.00095367431640625,0.06103515625,24308,124,1480,1,31,17,15,0.7190704345703125,0.21386146545410156,0,0,0,0,0,0,31026,13231,streaming
124,1,124,-1,124,1,636,1,124,-1,1480,-1,124,-1,1480,-1,4.18400764465332,2.3190975189208984,0.6139278411865234,3.9360523223876953,14.482975006103516,0.00095367431640625,0.0209808349609375,11264,124,1480,15,17,22,4,61.289072036743164,14.482975006103516,0,0,0,0,0,0,31026,13231,streaming
1480,-1,124,-1,1480,-1,124,-1,1480,-1,124,-1,636,-1,124,1,0.18596649169921875,0.04410743713378906,0.00095367431640625,0.012874603271484375,0.0011920928955078125,0.00095367431640625,1.5039443969726562,21584,124,1480,6,26,16,12,12.343883514404297,4.146099090576172,0,0,0,0,0,0,31026,13231,streaming
124,-1,1480,-1,124,-1,1480,-1,124,-1,1480,-1,124,-1,1480,-1,0.017881393432617188,0.0021457672119140625,0.025033950805664062,0.00095367431640625,0.02288818359375,0.00095367431640625,0.0021457672119140625,17528,124,1480,12,20,22,10,4.739046096801758,2.0461082458496094,0,0,0,0,0,0,31026,13231,streaming
124,-1,1480,-1,124,-1,1480,-1,124,-1,1480,-1,124,-1,1480,-1,0.00095367431640625,0.0019073486328125,0.6852149963378906,0.0019073486328125,0.03910064697265625,0.00095367431640625,0.04601478576660156,24308,124,1480,2,30,17,15,2.538919448852539,0.8599758148193359,0,0,0,0,0,0,31026,13231,streaming
124,-1,1480,-1,124,-1,124,1,124,1,124,1,124,1,124,1,0.03695487976074219,0.00095367431640625,0.17499923706054688,0.02288818359375,0.019073486328125,0.0021457672119140625,0.032901763916015625,14816,124,1480,16,16,24,8,3.543853759765625,0.9229183197021484,0,0,0,0,0,0,31026,13231,streaming
124,-1,1480,-1,124,-1,1480,-1,124,-1,1480,-1,124,-1,1480,-1,0.04601478576660156,0.00095367431640625,0.0019073486328125,0.00095367431640625,0.0011920928955078125,0.00095367431640625,0.2758502960205078,21596,124,1480,5,27,19,13,1.3098716735839844,0.6389617919921875,0,0,0,0,0,0,31026,13231,streaming
1480,-1,124,-1,1480,-1,124,-1,124,1,124,1,124,1,124,1,0.0011920928955078125,0.00095367431640625,0.00095367431640625,0.09107589721679688,0.0209808349609375,0.018835067749023438,0.01811981201171875,18884,124,1480,10,22,21,11,1.1751651763916016,0.4940032958984375,0,0,0,0,0,0,31026,13231,streaming
1480,-1,124,-1,1480,-1,124,-1,1480,-1,124,-1,1480,-1,124,-1,0.3268718719482422,0.05316734313964844,0.00095367431640625,0.00095367431640625,0.00095367431640625,0.014066696166992188,0.00095367431640625,20240,124,1480,9,23,20,12,1.0020732879638672,0.3349781036376953,0,0,0,0,0,0,31026,13231,streaming
124,-1,1480,-1,124,-1,124,1,124,1,124,1,124,1,124,1,0.00095367431640625,0.00095367431640625,0.26607513427734375,0.02288818359375,0.2760887145996094,0.024080276489257812,0.018835067749023438,19008,124,1604,11,21,21,11,1.550912857055664,0.3719329833984375,0,0,0,0,0,0,31026,13231,streaming
124,-1,1480,-1,124,-1,1480,-1,124,-1,1480,-1,124,-1,1480,-1,0.012159347534179688,0.00095367431640625,0.012874603271484375,0.0011920928955078125,0.015974044799804688,0.00095367431640625,0.025033950805664062,20364,124,1604,9,23,20,12,1.1341571807861328,0.3249645233154297,0,0,0,0,0,0,31026,13231,streaming
124,1,124,-1,124,1,124,1,1480,-1,124,1,124,1,124,-1,0.0,0.03504753112792969,0.00095367431640625,0.0209808349609375,0.015020370483398438,0.0209808349609375,0.0,21596,124,1480,6,26,19,13,0.48995018005371094,0.18405914306640625,0,0,0,0,0,0,31026,13231,streaming
124,-1,124,1,124,1,124,1,124,1,124,1,1480,-1,124,-1,0.3077983856201172,0.1289844512939453,0.023126602172851562,0.1518726348876953,0.023126602172851562,0.02193450927734375,0.00095367431640625,16296,124,1604,14,18,23,9,1.1279582977294922,0.3077983856201172,0,0,0,0,0,0,31026,13231,streaming
1480,1,124,1,1480,1,124,1,1480,1,124,1,636,1,124,-1,0.00095367431640625,0.024080276489257812,0.00095367431640625,0.014066696166992188,0.00095367431640625,0.00095367431640625,1.5039443969726562,14244,124,1480,14,18,22,7,16.59989356994629,7.6351165771484375,0,0,0,0,0,0,13231,31026,streaming
124,1,1480,1,124,1,1480,1,124,1,1480,1,124,1,1480,1,0.7281303405761719,0.00095367431640625,0.032901763916015625,0.0011920928955078125,0.03886222839355469,0.00095367431640625,0.0011920928955078125,21596,124,1480,27,5,19,13,2.171039581298828,0.7281303405761719,0,0,0,0,0,0,13231,31026,streaming
1480,1,124,1,1480,1,124,1,124,-1,124,-1,124,-1,1480,1,0.0021457672119140625,0.00095367431640625,0.00095367431640625,0.4680156707763672,0.0019073486328125,0.012159347534179688,0.028848648071289062,20240,124,1480,23,9,20,12,1.6679763793945312,0.4680156707763672,0,0,0,0,0,0,13231,31026,streaming
124,1,124,-1,124,-1,124,-1,124,-1,1480,1,124,1,124,-1,0.16307830810546875,0.0021457672119140625,0.029802322387695312,0.2181529998779297,0.32901763916015625,0.00286102294921875,0.16307830810546875,18884,124,1480,22,10,21,11,2.552032470703125,0.4489421844482422,0,0,0,0,0,0,13231,31026,streaming
124,1,1480,1,124,1,1480,1,124,1,1480,1,124,1,1480,1,0.04506111145019531,0.00095367431640625,0.0011920928955078125,0.00095367431640625,0.00095367431640625,0.00095367431640625,0.8950233459472656,21720,124,1604,26,6,19,13,1.7402172088623047,0.8950233459472656,0,0,0,0,0,0,13231,31026,streaming
1480,1,124,1,1480,1,124,1,124,-1,124,-1,124,-1,1480,1,0.0011920928955078125,0.21576881408691406,0.0021457672119140625,0.06890296936035156,0.01811981201171875,0.02193450927734375,0.04792213439941406,17528,124,1480,20,12,22,10,1.2559890747070312,0.6060600280761719,0,0,0,0,0,0,13231,31026,streaming
1480,1,124,1,1480,1,124,1,124,-1,124,-1,124,-1,124,-1,0.00095367431640625,0.00095367431640625,0.00095367431640625,0.049114227294921875,0.06890296936035156,0.023126602172851562,0.09298324584960938,18884,124,1480,22,10,21,11,1.1219978332519531,0.3631114959716797,0,0,0,0,0,0,13231,31026,streaming
124,-1,124,-1,1480,1,124,1,1480,1,1604,1,124,1,1480,1,0.016927719116210938,0.3380775451660156,0.00095367431640625,0.050067901611328125,0.00095367431640625,0.00095367431640625,0.00095367431640625,21968,124,1604,23,9,19,13,1.9021034240722656,0.370025634765625,0,0,0,0,0,0,13231,31026,streaming
1480,1,124,1,1480,1,1604,1,124,1,1480,1,124,1,1480,1,0.0011920928955078125,0.04887580871582031,0.00095367431640625,0.0011920928955078125,0.00095367431640625,0.00095367431640625,0.04792213439941406,25788,124,1604,30,2,16,16,0.5462169647216797,0.17404556274414062,0,0,0,0,0,0,13231,31026,streaming
124,1,1480,1,124,1,1480,1,124,1,1480,1,124,1,1480,1,0.04601478576660156,0.0019073486328125,0.009059906005859375,0.00095367431640625,0.09393692016601562,0.0021457672119140625,0.04696846008300781,20240,124,1480,24,8,20,12,0.7550716400146484,0.18906593322753906,0,0,0,0,0,0,13231,31026,streaming
124,1,1480,1,124,1,1480,1,124,1,1480,1,124,1,1480,1,0.028848648071289062,0.0011920928955078125,0.00095367431640625,0.00095367431640625,0.025987625122070312,0.00095367431640625,0.031948089599609375,17528,124,1480,21,11,22,10,0.6959438323974609,0.21409988403320312,0,0,0,0,0,0,13231,31026,streaming
124,-1,1480,1,124,1,1480,1,124,1,1480,1,124,1,1480,1,0.14710426330566406,0.00095367431640625,0.04482269287109375,0.0011920928955078125,0.00095367431640625,0.00095367431640625,0.04410743713378906,16296,124,1604,16,16,23,9,0.8759498596191406,0.19311904907226562,0,0,0,0,0,0,13231,31026,streaming
124,1,124,-1,124,1,636,1,124,-1,1480,-1,124,-1,1480,-1,3.9849281311035156,1.7399787902832031,0.5109310150146484,3.995180130004883,14.496803283691406,0.0011920928955078125,0.015020370483398438,12744,124,1604,15,17,21,5,86.95697784423828,21.6219425201416,0,0,0,0,0,0,31026,13231,streaming
124,-1,1480,-1,124,-1,1480,-1,124,-1,636,-1,124,1,124,1,0.0011920928955078125,0.0019073486328125,0.011920928955078125,0.00095367431640625,0.0021457672119140625,1.775979995727539,0.014066696166992188,20228,124,1480,6,26,17,11,12.494087219238281,4.294872283935547,0,0,0,0,0,0,31026,13231,streaming
1480,-1,124,-1,1480,-1,124,-1,1480,-1,124,-1,1480,-1,124,-1,0.00095367431640625,0.00095367431640625,0.0011920928955078125,0.02384185791015625,0.00095367431640625,0.029087066650390625,0.00095367431640625,17528,124,1480,12,20,22,10,5.110025405883789,1.5990734100341797,0,0,0,0,0,0,31026,13231,streaming
1480,-1,124,-1,1480,-1,124,-1,1480,-1,124,-1,1480,-1,124,-1,0.00095367431640625,0.6151199340820312,0.0019073486328125,0.04506111145019531,0.00095367431640625,0.00095367431640625,0.0011920928955078125,19008,124,1604,11,21,21,11,2.1429061889648438,0.6151199340820312,0,0,0,0,0,0,31026,13231,streaming
1480,-1,124,-1,1480,-1,124,-1,1480,-1,124,-1,1480,-1,124,-1,0.00095367431640625,0.049114227294921875,0.00095367431640625,0.00095367431640625,0.00095367431640625,0.00095367431640625,0.0011920928955078125,25664,124,1480,1,31,16,16,4.406929016113281,2.526998519897461,0,0,0,0,0,0,31026,13231,streaming
124,-1,1480,-1,124,-1,124,1,124,1,1480,-1,124,-1,1480,-1,0.0011920928955078125,0.00095367431640625,0.010013580322265625,0.017881393432617188,0.1270771026611328,0.00095367431640625,0.051975250244140625,19008,124,1604,11,21,21,11,0.6990432739257812,0.18596649169921875,0,0,0,0,0,0,31026,13231,streaming
124,-1,124,1,124,1,124,1,124,1,124,1,124,1,124,1,0.5071163177490234,0.02193450927734375,0.1499652862548828,0.024080276489257812,0.0209808349609375,0.015974044799804688,0.01811981201171875,19132,124,1604,12,20,21,11,2.686023712158203,0.7219314575195312,0,0,0,0,0,0,31026,13231,streaming
124,-1,1480,-1,124,-1,1480,-1,124,-1,1480,-1,124,-1,124,1,0.04792213439941406,0.00095367431640625,0.049114227294921875,0.00095367431640625,0.00095367431640625,0.00095367431640625,0.07891654968261719,23076,124,1604,4,28,18,14,1.4619827270507812,0.4010200500488281,0,0,0,0,0,0,31026,13231,streaming
1480,-1,124,-1,1480,-1,124,-1,1480,-1,1604,-1,124,-1,1480,-1,0.00095367431640625,0.05221366882324219,0.00095367431640625,0.00095367431640625,0.00095367431640625,0.00095367431640625,0.04315376281738281,26036,124,1604,3,29,16,16,1.4390945434570312,0.8518695831298828,0,0,0,0,0,0,31026,13231,streaming
1480,-1,124,-1,1480,-1,1604,-1,124,-1,1480,-1,124,-1,1604,-1,0.00095367431640625,0.00095367431640625,0.0011920928955078125,0.00095367431640625,0.04291534423828125,0.00095367431640625,0.0011920928955078125,21844,124,1604,8,24,19,13,0.8599758148193359,0.37598609924316406,0,0,0,0,0,0,31026,13231,streaming
1480,-1,124,-1,1604,-1,1480,-1,124,-1,1480,-1,124,-1,124,1,0.0011920928955078125,0.00095367431640625,0.04482269287109375,0.0011920928955078125,0.00095367431640625,0.00095367431640625,0.09202957153320312,26036,124,1604,3,29,16,16,0.7781982421875,0.27489662170410156,0,0,0,0,0,0,31026,13231,streaming
1480,-1,124,-1,1480,-1,124,-1,1480,-1,124,-1,124,1,124,1,0.00095367431640625,0.00095367431640625,0.00095367431640625,0.0011920928955078125,0.00095367431640625,0.015974044799804688,0.026941299438476562,17652,124,1604,13,19,22,10,0.6120204925537109,0.17404556274414062,0,0,0,0,0,0,31026,13231,streaming
1480,1,124,1,1480,1,124,1,1480,1,124,1,1480,1,124,1,0.00095367431640625,0.00095367431640625,0.00095367431640625,0.0011920928955078125,0.00095367431640625,0.04601478576660156,0.00095367431640625,25664,124,1480,32,0,16,16,0.2758502960205078,0.05793571472167969,0,0,0,0,0,0,13231,31026,streaming
1480,1,124,1,1480,1,124,1,1480,1,124,1,1480,1,124,1,0.00095367431640625,0.04601478576660156,0.00095367431640625,0.00095367431640625,0.00095367431640625,0.049114227294921875,0.00095367431640625,24356,124,1480,29,3,17,15,0.5509853363037109,0.1201629638671875,0,0,0,0,0,0,13231,31026,streaming
124,1,1480,1,124,1,1480,1,124,1,1480,1,124,1,1480,1,0.027894973754882812,0.00095367431640625,0.030040740966796875,0.00095367431640625,0.03218650817871094,0.00095367431640625,0.032901763916015625,20352,124,1480,25,7,20,12,1.4090538024902344,0.5328655242919922,0,0,0,0,0,0,13231,31026,streaming
140,-1,140,-1,140,-1,140,-1,140,-1,1480,1,124,1,280,-1,0.00095367431640625,0.019073486328125,0.028133392333984375,0.017881393432617188,0.013113021850585938,0.0019073486328125,0.0050067901611328125,6784,124,1480,2,30,24,1,1.5079975128173828,1.0159015655517578,0,0,0,0,0,0,13231,31026,streaming
280,-1,280,-1,140,-1,140,-1,140,-1,140,-1,140,-1,280,-1,0.01811981201171875,0.017881393432617188,0.019073486328125,0.017881393432617188,0.01811981201171875,0.00095367431640625,0.017881393432617188,5640,124,280,0,32,22,0,0.8718967437744141,0.3600120544433594,0,0,0,0,0,0,13231,31026,streaming
124,-1,124,-1,248,-1,248,-1,124,-1,124,-1,124,-1,124,-1,0.017881393432617188,0.019073486328125,0.019073486328125,0.017881393432617188,0.019073486328125,0.8268356323242188,0.025033950805664062,11368,124,1480,10,22,22,5,1.4319419860839844,0.8268356323242188,0,0,0,0,0,0,13231,31026,streaming
1480,1,124,1,1480,1,124,1,1480,1,124,1,1480,1,124,1,0.00095367431640625,0.0011920928955078125,0.8847713470458984,0.050067901611328125,0.0021457672119140625,0.0019073486328125,0.00095367431640625,25664,124,1480,32,0,16,16,1.1739730834960938,0.8847713470458984,0,0,0,0,0,0,13231,31026,streaming
1480,1,124,1,1480,1,124,1,1480,1,124,1,1480,1,124,1,0.00095367431640625,0.00095367431640625,0.00095367431640625,0.00095367431640625,0.0011920928955078125,0.06198883056640625,0.00095367431640625,16544,124,1480,17,15,21,9,0.3287792205810547,0.0629425048828125,0,0,0,0,0,0,13231,31026,streaming
124,-1,124,1,1480,1,124,1,1480,1,124,1,1480,1,124,1,0.0050067901611328125,0.19288063049316406,0.00095367431640625,0.025033950805664062,0.00095367431640625,0.408172607421875,0.00095367431640625,21720,124,1480,26,6,18,13,1.0089874267578125,0.408172607421875,0,0,0,0,0,0,13231,31026,streaming
124,1,1480,1,124,1,1480,1,124,1,1480,1,124,1,1480,1,0.00095367431640625,0.02002716064453125,0.025987625122070312,0.00095367431640625,0.00095367431640625,0.0011920928955078125,0.015020370483398438,25664,124,1480,32,0,16,16,0.28896331787109375,0.0400543212890625,0,0,0,0,0,0,13231,31026,streaming
124,1,1480,1,124,1,1480,1,124,1,1480,1,124,1,1480,1,0.03314018249511719,0.00095367431640625,0.00095367431640625,0.00095367431640625,0.07700920104980469,0.00095367431640625,0.0011920928955078125,25664,124,1480,32,0,16,16,0.3509521484375,0.07700920104980469,0,0,0,0,0,0,13231,31026,streaming
124,1,1480,1,124,1,1480,1,124,1,1480,1,124,1,1480,1,0.13113021850585938,0.00095367431640625,0.015974044799804688,0.00095367431640625,0.02193450927734375,0.0011920928955078125,0.0209808349609375,25664,124,1480,32,0,16,16,0.44798851013183594,0.13113021850585938,0,0,0,0,0,0,13231,31026,streaming
60,1,124,-1,124,1,124,-1,636,-1,124,1,1480,1,124,1,143.39518547058105,4.127025604248047,1.0788440704345703,0.6480216979980469,4.143953323364258,14.490127563476562,0.0019073486328125,10688,60,1480,17,15,23,4,209.4731330871582,143.39518547058105,0,0,0,0,0,0,13231,31026,streaming
636,-1,124,1,1480,1,124,1,1480,1,124,1,1480,1,124,1,4.069089889526367,14.489889144897461,0.0021457672119140625,0.0209808349609375,0.00095367431640625,0.03409385681152344,0.0019073486328125,20740,124,1480,25,7,16,11,29.56104278564453,14.489889144897461,0,0,0,0,0,0,13231,31026,streaming
124,1,124,-1,124,-1,1480,1,124,1,1480,1,124,1,1480,1,0.7658004760742188,0.012159347534179688,0.11801719665527344,0.0019073486328125,0.024080276489257812,0.00095367431640625,0.027894973754882812,17528,124,1480,21,11,22,10,5.5999755859375,2.0148754119873047,0,0,0,0,0,0,13231,31026,streaming
1480,1,124,1,1480,1,124,1,1480,1,124,1,1480,1,124,1,0.00095367431640625,0.025987625122070312,0.00095367431640625,0.5080699920654297,0.0019073486328125,0.02002716064453125,0.029087066650390625,20364,124,1604,23,9,20,12,2.0580291748046875,0.5080699920654297,0,0,0,0,0,0,13231,31026,streaming
1480,1,124,1,124,-1,124,-1,1480,1,124,1,1480,1,124,1,0.0011920928955078125,0.0247955322265625,0.02002716064453125,0.07295608520507812,0.0011920928955078125,0.031948089599609375,0.00095367431640625,17528,124,1480,20,12,22,10,1.402139663696289,0.6160736083984375,0,0,0,0,0,0,13231,31026,streaming
1480,1,124,1,124,-1,124,-1,124,-1,124,-1,124,-1,124,-1,0.00095367431640625,0.41604042053222656,0.025987625122070312,0.01811981201171875,0.018835067749023438,0.0011920928955078125,0.5199909210205078,21596,124,1480,26,6,19,13,1.950979232788086,0.7359981536865234,0,0,0,0,0,0,13231,31026,streaming
1480,1,124,1,1480,1,124,1,1480,1,124,1,124,-1,124,-1,0.0011920928955078125,0.00095367431640625,0.00095367431640625,0.04506111145019531,0.00095367431640625,0.051021575927734375,0.26798248291015625,20240,124,1480,24,8,20,12,1.33514404296875,0.5590915679931641,0,0,0,0,0,0,13231,31026,streaming
124,-1,124,-1,124,-1,124,-1,124,-1,124,-1,124,-1,1480,1,0.016927719116210938,0.00095367431640625,0.025987625122070312,0.019073486328125,0.00095367431640625,0.0171661376953125,0.02288818359375,20364,124,1604,22,10,20,12,0.8978843688964844,0.2810955047607422,0,0,0,0,0,0,13231,31026,streaming
124,1,1480,1,1604,1,124,1,124,-1,124,-1,124,-1,124,-1,0.0438690185546875,0.00095367431640625,0.0011920928955078125,0.06890296936035156,0.22101402282714844,0.017881393432617188,0.022172927856445312,20488,124,1604,23,9,20,12,1.6489028930664062,0.7531642913818359,0,0,0,0,0,0,13231,31026,streaming
1480,1,124,1,1480,1,124,1,1480,1,124,1,1480,1,124,1,0.0011920928955078125,0.00095367431640625,0.00095367431640625,0.00095367431640625,0.00095367431640625,0.04410743713378906,0.00095367431640625,27144,124,1604,32,0,15,17,1.7931461334228516,0.865936279296875,0,0,0,0,0,0,13231,31026,streaming
1604,1,124,1,1480,1,124,1,1480,1,124,1,1480,1,124,1,0.00095367431640625,0.00095367431640625,0.0011920928955078125,0.0019073486328125,0.00095367431640625,0.03910064697265625,0.00095367431640625,27392,124,1604,32,0,15,17,0.3590583801269531,0.052928924560546875,0,0,0,0,0,0,13231,31026,streaming
124,-1,124,-1,124,-1,124,-1,124,-1,1480,1,124,1,1480,1,0.02002716064453125,0.019073486328125,0.019073486328125,0.00095367431640625,0.26607513427734375,0.00095367431640625,0.053882598876953125,24556,124,1604,27,5,17,15,0.946044921875,0.30493736267089844,0,0,0,0,0,0,13231,31026,streaming
124,1,1604,1,1604,1,1604,1,636,1,124,-1,124,-1,124,-1,14.307975769042969,0.025987625122070312,0.012874603271484375,0.012159347534179688,1.3518333435058594,0.01811981201171875,0.0209808349609375,23312,124,1604,26,6,15,13,26.504039764404297,14.307975769042969,0,0,0,0,0,0,13231,31026,streaming
124,1,1604,1,1480,1,124,1,1480,1,124,1,124,-1,124,-1,0.00095367431640625,0.025987625122070312,0.0019073486328125,0.030994415283203125,0.0011920928955078125,0.621795654296875,0.013113021850585938,17652,124,1604,20,12,22,10,5.463838577270508,1.917123794555664,0,0,0,0,0,0,13231,31026,streaming
1480,1,124,1,1604,1,1480,1,124,1,1480,1,124,1,1480,1,0.030040740966796875,0.00095367431640625,0.030040740966796875,0.00095367431640625,0.00095367431640625,0.00095367431640625,0.029087066650390625,21844,124,1604,23,9,19,13,1.7540454864501953,0.6630420684814453,0,0,0,0,0,0,13231,31026,streaming
124,1,1604,1,1480,1,124,1,124,-1,124,-1,124,-1,124,-1,0.00095367431640625,0.0400543212890625,0.00095367431640625,0.3540515899658203,0.0019073486328125,0.030994415283203125,0.02002716064453125,14940,124,1604,16,16,24,8,2.649068832397461,0.5211830139160156,0,0,0,0,0,0,13231,31026,streaming
1480,1,124,1,1480,1,124,1,1480,1,124,1,1480,1,124,1,0.0021457672119140625,0.041961669921875,0.00095367431640625,0.00095367431640625,0.00095367431640625,0.0021457672119140625,0.00095367431640625,24556,124,1604,28,4,17,15,1.3611316680908203,0.5600452423095703,0,0,0,0,0,0,13231,31026,streaming
1604,1,124,-1,124,-1,124,-1,124,-1,1480,1,124,1,1480,1,0.3120899200439453,0.24080276489257812,0.01811981201171875,0.21600723266601562,0.1049041748046875,0.00095367431640625,0.05316734313964844,21844,124,1604,23,9,19,13,1.5959739685058594,0.3120899200439453,0,0,0,0,0,0,13231,31026,streaming
124,1,1480,1,124,1,1480,1,124,1,1480,1,124,1,1480,1,0.00095367431640625,0.0011920928955078125,0.041961669921875,0.00095367431640625,0.00095367431640625,0.00095367431640625,0.0011920928955078125,17652,124,1604,20,12,22,10,1.02996826171875,0.2949237823486328,0,0,0,0,0,0,13231,31026,streaming
124,-1,124,-1,124,-1,124,-1,1480,1,124,1,1480,1,124,1,0.016927719116210938,0.019073486328125,0.2918243408203125,0.3349781036376953,0.0021457672119140625,0.053882598876953125,0.0021457672119140625,18884,124,1480,22,10,21,11,1.544952392578125,0.3719329833984375,0,0,0,0,0,0,13231,31026,streaming
1480,1,124,1,1480,1,124,1,1480,1,124,1,1480,1,124,1,0.0011920928955078125,0.0019073486328125,0.00095367431640625,0.00095367431640625,0.0011920928955078125,0.04291534423828125,0.0019073486328125,19008,124,1604,21,11,21,11,1.4791488647460938,0.6668567657470703,0,0,0,0,0,0,13231,31026,streaming
124,-1,124,-1,1480,1,124,1,1480,1,124,1,1480,1,124,1,0.00095367431640625,0.12993812561035156,0.00095367431640625,0.05316734313964844,0.00095367431640625,0.00095367431640625,0.00095367431640625,23200,124,1604,26,6,18,14,0.4940032958984375,0.12993812561035156,0,0,0,0,0,0,13231,31026,streaming
124,-1,124,-1,1480,1,124,1,1480,1,124,1,1480,1,1604,1,0.12111663818359375,0.11086463928222656,0.0011920928955078125,0.05984306335449219,0.00095367431640625,0.0011920928955078125,0.00095367431640625,23076,124,1604,26,6,18,14,0.926971435546875,0.22101402282714844,0,0,0,0,0,0,13231,31026,streaming
124,1,1480,1,124,1,1480,1,124,1,1480,1,124,1,1604,1,0.00095367431640625,0.00095367431640625,0.04601478576660156,0.00095367431640625,0.00095367431640625,0.00095367431640625,0.051021575927734375,17776,124,1604,19,13,22,10,0.7328987121582031,0.18715858459472656,0,0,0,0,0,0,13231,31026,streaming
124,1,124,-1,124,1,636,1,124,-1,1480,-1,124,-1,1480,-1,4.07099723815918,1.0111331939697266,0.640869140625,4.0740966796875,15.377998352050781,0.00095367431640625,0.010013580322265625,11388,124,1480,16,16,22,4,73.90117645263672,22.095918655395508,0,0,0,0,0,0,31026,13231,streaming
1480,-1,124,-1,1480,-1,124,-1,1480,-1,124,-1,636,-1,124,1,0.00095367431640625,0.03218650817871094,0.00095367431640625,0.012874603271484375,0.0011920928955078125,0.00095367431640625,1.2009143829345703,21584,124,1480,6,26,16,12,12.686014175415039,4.82487678527832,0,0,0,0,0,0,31026,13231,streaming
124,-1,1480,-1,124,-1,1480,-1,124,-1,1480,-1,124,-1,1480,-1,0.028133392333984375,0.00095367431640625,0.00095367431640625,0.00095367431640625,0.024080276489257812,0.00095367431640625,0.030040740966796875,18884,124,1480,10,22,21,11,5.254030227661133,3.5140514373779297,0,0,0,0,0,0,31026,13231,streaming
124,-1,1480,-1,124,1,124,-1,1480,-1,124,-1,1480,-1,124,-1,0.47206878662109375,0.00095367431640625,0.0011920928955078125,0.0209808349609375,0.00095367431640625,0.00095367431640625,0.00095367431640625,17528,124,1480,11,21,22,10,1.6222000122070312,0.47206878662109375,0,0,0,0,0,0,31026,13231,streaming
1480,-1,124,-1,124,1,124,1,124,1,124,1,124,1,1480,-1,0.0011920928955078125,0.09393692016601562,0.017881393432617188,0.022172927856445312,0.016927719116210938,0.00095367431640625,0.2570152282714844,19008,124,1604,11,21,21,11,1.6541481018066406,0.41103363037109375,0,0,0,0,0,0,31026,13231,streaming
124,1,124,1,124,1,124,1,124,1,1480,-1,124,-1,1480,-1,0.023126602172851562,0.019073486328125,0.017881393432617188,0.00095367431640625,0.6000995635986328,0.00095367431640625,0.12803077697753906,20488,124,1604,11,21,20,12,1.8041133880615234,0.6000995635986328,0,0,0,0,0,0,31026,13231,streaming
124,-1,1480,-1,124,-1,1480,-1,124,-1,1480,-1,124,-1,1480,-1,0.0011920928955078125,0.0019073486328125,0.00095367431640625,0.0021457672119140625,0.26297569274902344,0.00286102294921875,0.10013580322265625,20364,124,1604,8,24,20,12,1.0399818420410156,0.26297569274902344,0,0,0,0,0,0,31026,13231,streaming
1480,-1,124,-1,1480,-1,124,-1,1480,-1,124,-1,1480,-1,124,-1,0.00095367431640625,0.04792213439941406,0.00095367431640625,0.0011920928955078125,0.00095367431640625,0.00095367431640625,0.00095367431640625,20240,124,1480,8,24,20,12,0.9179115295410156,0.20003318786621094,0,0,0,0,0,0,31026,13231,streaming
1480,-1,124,-1,1480,-1,124,-1,124,1,124,1,124,1,124,1,0.0021457672119140625,0.0019073486328125,0.00095367431640625,0.04410743713378906,0.025033950805664062,0.00095367431640625,0.015974044799804688,18884,124,1480,11,21,21,11,1.5981197357177734,0.4730224609375,0,0,0,0,0,0,31026,13231,streaming
124,-1,1480,-1,124,-1,1480,-1,124,-1,1480,-1,124,-1,1604,-1,0.048160552978515625,0.0019073486328125,0.0019073486328125,0.0011920928955078125,0.0019073486328125,0.00095367431640625,0.03600120544433594,20488,124,1604,9,23,20,12,1.0111331939697266,0.4780292510986328,0,0,0,0,0,0,31026,13231,streaming
1480,-1,124,-1,124,1,124,1,124,1,124,1,124,1,124,1,0.00095367431640625,0.06890296936035156,0.025033950805664062,0.01811981201171875,0.017881393432617188,0.5331039428710938,0.024080276489257812,21720,124,1604,8,24,19,13,0.9639263153076172,0.5331039428710938,0,0,0,0,0,0,31026,13231,streaming
124,-1,124,1,1480,-1,124,-1,1480,-1,1604,-1,124,-1,1480,-1,0.012159347534179688,0.04100799560546875,0.00095367431640625,0.00095367431640625,0.00095367431640625,0.00095367431640625,0.051021575927734375,19008,124,1604,10,22,21,11,0.9961128234863281,0.36597251892089844,0,0,0,0,0,0,31026,13231,streaming
60,1,124,1,124,-1,124,1,636,1,124,-1,1480,-1,124,-1,122.71904945373535,4.153013229370117,0.8358955383300781,0.5550384521484375,4.090070724487305,14.322996139526367,0.0030994415283203125,11200,60,1480,16,16,22,4,189.81504440307617,122.71904945373535,0,0,0,0,0,0,31026,13231,streaming
124,-1,1480,-1,124,-1,1480,-1,124,-1,1480,-1,124,-1,636,-1,14.377117156982422,0.0019073486328125,0.014066696166992188,0.00095367431640625,0.00095367431640625,0.00095367431640625,0.010013580322265625,21708,124,1480,6,26,16,12,26.339054107666016,14.377117156982422,0,0,0,0,0,0,31026,13231,streaming
124,-1,1480,-1,124,-1,1480,-1,124,-1,1480,-1,124,-1,1480,-1,0.025033950805664062,0.00095367431640625,0.025033950805664062,0.00095367431640625,0.028133392333984375,0.00095367431640625,0.030040740966796875,17652,124,1604,12,20,22,10,5.124092102050781,2.296924591064453,0,0,0,0,0,0,31026,13231,streaming
1480,-1,124,-1,1480,-1,124,-1,124,1,1480,-1,124,-1,1480,-1,0.00095367431640625,0.392913818359375,0.0011920928955078125,0.06604194641113281,0.4868507385253906,0.00095367431640625,0.04601478576660156,19132,124,1604,12,20,21,11,2.279996871948242,0.4868507385253906,0,0,0,0,0,0,31026,13231,streaming
124,1,124,1,1480,-1,124,-1,1480,-1,124,-1,1480,-1,124,-1,0.017881393432617188,0.03504753112792969,0.00095367431640625,0.04696846008300781,0.00095367431640625,0.0011920928955078125,0.00095367431640625,23200,124,1604,6,26,18,14,2.7768611907958984,1.3630390167236328,0,0,0,0,0,0,31026,13231,streaming
1480,-1,124,-1,1480,-1,124,-1,1480,-1,124,-1,124,1,1480,-1,0.0011920928955078125,0.04982948303222656,0.00095367431640625,0.0011920928955078125,0.00095367431640625,0.11086463928222656,0.0011920928955078125,18884,124,1480,10,22,21,11,1.0411739349365234,0.3960132598876953,0,0,0,0,0,0,31026,13231,streaming
1480,-1,124,-1,1480,-1,124,-1,124,1,124,1,124,1,124,1,0.00095367431640625,0.051975250244140625,0.0019073486328125,0.03504753112792969,0.016927719116210938,0.019073486328125,0.141143798828125,21844,124,1604,9,23,19,13,1.3129711151123047,0.4031658172607422,0,0,0,0,0,0,31026,13231,streaming
1604,-1,124,-1,1480,-1,124,-1,1604,-1,1480,-1,124,-1,1480,-1,0.00095367431640625,0.048160552978515625,0.00095367431640625,0.00095367431640625,0.04792213439941406,0.00095367431640625,0.0011920928955078125,16420,124,1604,15,17,23,9,1.2869834899902344,0.3218650817871094,0,0,0,0,0,0,31026,13231,streaming
1480,-1,124,-1,124,1,1480,-1,124,-1,124,1,124,1,1480,-1,0.00095367431640625,0.022172927856445312,0.015020370483398438,0.00095367431640625,0.3650188446044922,0.24390220642089844,0.0050067901611328125,22952,124,1480,5,27,18,14,1.1570453643798828,0.3650188446044922,0,0,0,0,0,0,31026,13231,streaming
124,-1,1480,-1,124,-1,1480,-1,124,-1,1480,-1,124,-1,1480,-1,0.04100799560546875,0.00095367431640625,0.050067901611328125,0.0021457672119140625,0.25391578674316406,0.00095367431640625,0.049114227294921875,21596,124,1480,5,27,19,13,1.154184341430664,0.25391578674316406,0,0,0,0,0,0,31026,13231,streaming
1480,-1,124,-1,1480,-1,124,-1,1480,-1,124,-1,1480,-1,124,-1,0.00095367431640625,0.04410743713378906,0.00095367431640625,0.00095367431640625,0.0019073486328125,0.0011920928955078125,0.00095367431640625,22952,124,1480,5,27,18,14,0.8399486541748047,0.34809112548828125,0,0,0,0,0,0,31026,13231,streaming
124,-1,1480,-1,124,-1,1480,-1,124,-1,1480,-1,124,-1,1480,-1,0.0021457672119140625,0.00095367431640625,0.00095367431640625,0.0019073486328125,0.0400543212890625,0.0021457672119140625,0.00095367431640625,14816,124,1480,15,17,24,8,0.8380413055419922,0.26297569274902344,0,0,0,0,0,0,31026,13231,streaming
124,1,124,1,124,1,1480,-1,124,-1,1480,-1,124,-1,1480,-1,0.017881393432617188,0.019073486328125,0.009059906005859375,0.00095367431640625,0.00095367431640625,0.00095367431640625,0.00095367431640625,24308,124,1480,4,28,17,15,0.3859996795654297,0.0820159912109375,0,0,0,0,0,0,31026,13231,streaming
124,-1,1480,-1,124,-1,1480,-1,124,-1,124,1,1480,-1,124,-1,0.00095367431640625,0.00095367431640625,0.00095367431640625,0.0011920928955078125,0.07390975952148438,0.012874603271484375,0.0011920928955078125,24308,124,1480,1,31,17,15,0.37789344787597656,0.09202957153320312,0,0,0,0,0,0,31026,13231,streaming
1480,-1,124,-1,1480,-1,124,-1,1480,-1,124,-1,1480,-1,1480,-1,0.00095367431640625,0.0021457672119140625,0.00095367431640625,0.00095367431640625,0.00095367431640625,0.00095367431640625,0.09512901306152344,27020,124,1480,0,32,15,17,0.3211498260498047,0.10704994201660156,0,0,0,0,0,0,31026,13231,streaming
1480,-1,124,-1,1480,-1,1480,-1,124,-1,1480,-1,1480,-1,124,-1,0.00095367431640625,0.030994415283203125,0.051975250244140625,0.00095367431640625,0.00095367431640625,0.051021575927734375,0.0011920928955078125,25664,124,1480,0,32,16,16,0.6108283996582031,0.054836273193359375,0,0,0,0,0,0,31026,13231,streaming
1480,-1,124,-1,1480,-1,124,-1,1480,-1,124,-1,1480,-1,124,-1,0.0019073486328125,0.01811981201171875,0.00095367431640625,0.02193450927734375,0.0021457672119140625,0.02384185791015625,0.00095367431640625,16668,124,1480,15,17,19,9,0.9839534759521484,0.5638599395751953,0,0,0,0,0,0,31026,13231,streaming
124,-1,1480,-1,124,-1,1480,-1,124,-1,1480,-1,124,-1,1480,-1,0.03504753112792969,0.0021457672119140625,0.03790855407714844,0.00095367431640625,0.0021457672119140625,0.00095367431640625,0.03695487976074219,25664,124,1480,0,32,16,16,0.4291534423828125,0.04792213439941406,0,0,0,0,0,0,31026,13231,streaming
124,-1,1480,-1,124,-1,1480,-1,124,-1,1480,-1,124,-1,1480,-1,0.04696846008300781,0.0019073486328125,0.5512237548828125,0.00095367431640625,0.04696846008300781,0.0019073486328125,0.00095367431640625,25664,124,1480,0,32,16,16,0.9350776672363281,0.5512237548828125,0,0,0,0,0,0,31026,13231,streaming
124,-1,1480,-1,124,-1,1480,-1,124,-1,1480,-1,124,-1,1480,-1,0.05602836608886719,0.00095367431640625,0.5340576171875,0.00095367431640625,0.00095367431640625,0.00095367431640625,0.00095367431640625,25664,124,1480,0,32,16,16,0.7469654083251953,0.5340576171875,0,0,0,0,0,0,31026,13231,streaming
124,-1,1480,-1,124,-1,1480,-1,124,-1,1480,-1,124,-1,1480,-1,0.051975250244140625,0.00095367431640625,0.0011920928955078125,0.00095367431640625,0.00095367431640625,0.00095367431640625,0.00095367431640625,25664,124,1480,0,32,16,16,0.23293495178222656,0.051975250244140625,0,0,0,0,0,0,31026,13231,streaming
124,-1,1480,-1,124,-1,1480,-1,124,-1,124,1,124,1,124,1,0.00095367431640625,0.00095367431640625,0.00095367431640625,0.00095367431640625,0.08106231689453125,0.00095367431640625,0.019073486328125,8408,124,1480,23,9,26,3,1.0368824005126953,0.4668235778808594,0,0,0,0,0,0,31026,13231,streaming
124,1,1480,-1,124,-1,1480,-1,124,-1,1480,-1,124,-1,1480,-1,0.09703636169433594,0.00095367431640625,0.019073486328125,0.00095367431640625,0.0209808349609375,0.0019073486328125,0.025033950805664062,25664,124,1480,1,31,16,16,0.3960132598876953,0.09703636169433594,0,0,0,0,0,0,31026,13231,streaming
124,-1,1480,-1,124,-1,1480,-1,124,-1,1480,-1,124,-1,1480,-1,0.03910064697265625,0.0019073486328125,0.00095367431640625,0.0011920928955078125,0.03886222839355469,0.00095367431640625,0.00095367431640625,25664,124,1480,0,32,16,16,0.32901763916015625,0.050067901611328125,0,0,0,0,0,0,31026,13231,streaming
124,1,124,1,124,1,124,1,124,1,124,1,124,1,1480,-1,0.7090568542480469,0.0209808349609375,0.00095367431640625,0.0171661376953125,0.034809112548828125,0.08606910705566406,0.013113021850585938,20240,124,1480,8,24,20,12,1.1479854583740234,0.7090568542480469,0,0,0,0,0,0,31026,13231,streaming
1480,-1,124,-1,1480,-1,124,-1,1480,-1,124,-1,1480,-1,124,-1,0.00095367431640625,0.00095367431640625,0.00095367431640625,0.0021457672119140625,0.04601478576660156,0.0019073486328125,0.00095367431640625,22952,124,1480,4,28,18,14,0.4420280456542969,0.13685226440429688,0,0,0,0,0,0,31026,13231,streaming
124,-1,1480,-1,124,-1,1480,-1,124,-1,1480,-1,1480,-1,124,1,0.06794929504394531,0.00095367431640625,0.00095367431640625,0.0011920928955078125,0.0019073486328125,0.24509429931640625,2.701997756958008,28748,124,1604,1,31,14,18,3.262042999267578,2.701997756958008,0,0,0,0,0,0,31026,13231,streaming
1480,-1,124,-1,1480,-1,124,-1,1480,-1,124,-1,1480,-1,124,-1,0.00095367431640625,0.00095367431640625,0.00095367431640625,0.03719329833984375,0.00095367431640625,0.00095367431640625,0.00095367431640625,27268,124,1604,1,31,15,17,0.5049705505371094,0.1270771026611328,0,0,0,0,0,0,31026,13231,streaming
124,-1,1480,-1,124,-1,1480,-1,124,-1,1480,-1,124,-1,1480,-1,0.048160552978515625,0.00095367431640625,0.030994415283203125,0.00095367431640625,0.00095367431640625,0.00095367431640625,0.030040740966796875,21596,124,1480,3,29,19,13,0.6170272827148438,0.2570152282714844,0,0,0,0,0,0,31026,13231,streaming
124,-1,1480,-1,124,-1,1480,-1,124,-1,1480,-1,124,-1,1480,-1,0.05316734313964844,0.00095367431640625,0.03790855407714844,0.023126602172851562,0.030994415283203125,0.00095367431640625,0.03790855407714844,23076,124,1604,2,30,18,14,0.5280971527099609,0.05316734313964844,0,0,0,0,0,0,31026,13231,streaming
124,-1,124,-1,1480,-1,124,-1,124,-1,1480,-1,124,-1,124,-1,0.016927719116210938,0.03600120544433594,0.0011920928955078125,0.016927719116210938,0.03600120544433594,0.0019073486328125,0.0171661376953125,22952,124,1480,1,31,18,14,0.4990100860595703,0.06818771362304688,0,0,0,0,0,0,31026,13231,streaming
124,-1,1480,-1,124,-1,1480,-1,124,-1,1480,-1,124,-1,1480,-1,0.024080276489257812,0.00095367431640625,0.00095367431640625,0.00095367431640625,0.025033950805664062,0.00095367431640625,0.0011920928955078125,23076,124,1604,2,30,18,14,0.40602684020996094,0.11205673217773438,0,0,0,0,0,0,31026,13231,streaming
1480,-1,124,-1,1604,-1,1480,-1,124,-1,1480,-1,124,-1,1480,-1,0.00095367431640625,0.00095367431640625,0.024080276489257812,0.00095367431640625,0.026941299438476562,0.0011920928955078125,0.1678466796875,25788,124,1604,0,32,16,16,0.7269382476806641,0.1678466796875,0,0,0,0,0,0,31026,13231,streaming
1480,-1,124,-1,124,-1,1480,-1,124,-1,1480,-1,124,-1,124,-1,0.00095367431640625,0.01811981201171875,0.00095367431640625,0.00095367431640625,0.01811981201171875,0.00095367431640625,0.00095367431640625,14848,124,1480,15,17,24,8,0.9620189666748047,0.6759166717529297,0,0,0,0,0,0,31026,13231,streaming
140,1,140,1,1480,-1,124,-1,1480,-1,124,-1,1480,-1,124,-1,0.019073486328125,0.2460479736328125,0.00095367431640625,0.04601478576660156,0.00095367431640625,0.03695487976074219,0.0011920928955078125,25820,124,1604,2,30,16,16,0.6020069122314453,0.2460479736328125,0,0,0,0,0,0,31026,13231,streaming
124,-1,140,1,1480,-1,124,-1,1480,-1,124,-1,140,1,140,1,0.0059604644775390625,0.041961669921875,0.00095367431640625,0.051021575927734375,0.00095367431640625,0.9119510650634766,0.1590251922607422,24868,124,1604,4,28,17,15,2.0809173583984375,0.9119510650634766,0,0,0,0,0,0,31026,13231,streaming
60,1,124,-1,124,1,124,-1,636,-1,124,1,1480,1,124,1,120.51796913146973,4.168987274169922,1.1680126190185547,0.8051395416259766,4.20689582824707,14.042139053344727,0.00286102294921875,12804,60,1604,17,15,21,5,204.3781280517578,120.51796913146973,0,0,0,0,0,0,13231,31026,streaming
1604,1,2240,1,124,-1,124,-1,124,-1,124,-1,204,-1,316,-1,0.013113021850585938,1.3670921325683594,0.013828277587890625,0.00095367431640625,0.011205673217773438,2.925872802734375,0.010013580322265625,27140,124,2240,21,11,14,15,13.164997100830078,4.3849945068359375,0,0,0,0,0,0,13231,31026,streaming
124,-1,124,-1,124,-1,124,-1,124,-1,124,-1,124,-1,1604,1,0.07581710815429688,0.019073486328125,0.00095367431640625,0.2951622009277344,0.016927719116210938,0.13399124145507812,3.350973129272461,27152,124,3084,20,12,17,15,6.023883819580078,3.350973129272461,0,0,0,0,0,0,13231,31026,streaming
1604,1,124,-1,124,-1,124,-1,124,-1,124,-1,1604,1,1604,1,0.024080276489257812,0.019073486328125,0.30994415283203125,0.02288818359375,0.019073486328125,0.3399848937988281,0.03790855407714844,25796,124,3084,17,15,19,13,4.271030426025391,2.173185348510742,0,0,0,0,0,0,13231,31026,streaming
124,1,1604,1,1604,1,1480,1,1728,1,1604,1,124,-1,124,-1,0.03409385681152344,0.00095367431640625,0.03600120544433594,0.00095367431640625,0.00095367431640625,0.26917457580566406,0.02384185791015625,24440,124,1728,17,15,18,14,1.413106918334961,0.3190040588378906,0,0,0,0,0,0,13231,31026,streaming
1604,1,1604,1,1480,1,124,-1,124,-1,124,-1,124,-1,124,-1,0.164031982421875,0.050067901611328125,0.270843505859375,0.026226043701171875,0.018835067749023438,0.019073486328125,0.00095367431640625,27524,124,3084,16,16,18,14,1.9190311431884766,0.4131793975830078,0,0,0,0,0,0,13231,31026,streaming
1480,1,124,1,124,-1,124,-1,124,-1,124,-1,124,-1,124,-1,0.0011920928955078125,0.12183189392089844,0.4401206970214844,0.041961669921875,0.019073486328125,0.00095367431640625,0.03600120544433594,25920,124,3084,17,15,19,13,1.8260478973388672,0.4401206970214844,0,0,0,0,0,0,13231,31026,streaming
124,-1,124,-1,1604,1,1604,1,3084,1,124,1,1604,1,3084,1,0.04482269287109375,0.30994415283203125,0.05412101745605469,0.00095367431640625,0.00095367431640625,0.047206878662109375,0.00095367431640625,37024,124,3084,18,14,16,16,1.7647743225097656,0.3368854522705078,0,0,0,0,0,0,13231,31026,streaming
124,-1,124,-1,1480,1,124,1,1480,1,1728,1,1604,1,1480,1,0.00095367431640625,0.06008148193359375,0.00095367431640625,0.05316734313964844,0.00095367431640625,0.00095367431640625,0.04696846008300781,34800,124,3084,23,9,12,20,0.8800029754638672,0.16307830810546875,0,0,0,0,0,0,13231,31026,streaming
1480,1,124,1,124,-1,124,-1,124,-1,124,-1,1480,1,124,1,0.00095367431640625,0.08416175842285156,0.08606910705566406,0.017881393432617188,0.00095367431640625,0.026941299438476562,0.0011920928955078125,33320,124,3084,22,10,13,19,0.6611347198486328,0.08606910705566406,0,0,0,0,0,0,13231,31026,streaming
124,-1,124,-1,124,-1,124,-1,124,-1,124,-1,124,-1,124,-1,0.019073486328125,0.00095367431640625,0.016927719116210938,0.0030994415283203125,0.015974044799804688,0.017881393432617188,0.0011920928955078125,10872,124,1604,8,24,27,5,1.2080669403076172,0.23698806762695312,0,0,0,0,0,0,13231,31026,streaming
124,1,1480,1,124,1,1604,1,1604,1,1480,1,1604,1,124,1,0.0209808349609375,0.00095367431640625,0.024080276489257812,0.026941299438476562,0.029087066650390625,0.00095367431640625,0.00095367431640625,37140,124,1728,31,1,9,23,0.8869171142578125,0.2110004425048828,0,0,0,0,0,0,13231,31026,streaming
124,1,124,-1,124,1,636,1,124,-1,1480,-1,124,-1,1604,-1,4.203081130981445,1.306772232055664,0.3490447998046875,3.9610862731933594,14.626026153564453,0.00095367431640625,0.02002716064453125,12868,124,1604,15,17,21,5,88.14096450805664,22.96590805053711,0,0,0,0,0,0,31026,13231,streaming
1480,-1,124,-1,1480,-1,124,-1,636,-1,124,1,124,1,124,1,0.00095367431640625,0.013113021850585938,0.00095367431640625,0.017881393432617188,1.5261173248291016,0.02384185791015625,0.01621246337890625,26520,124,3084,6,26,14,14,12.03608512878418,4.302978515625,0,0,0,0,0,0,31026,13231,streaming
124,1,124,1,124,1,124,1,124,1,124,1,124,1,124,1,0.3368854522705078,0.028133392333984375,0.012874603271484375,0.014066696166992188,0.02002716064453125,0.00095367431640625,0.26702880859375,20736,124,1604,12,20,20,12,5.45191764831543,2.5849342346191406,0,0,0,0,0,0,31026,13231,streaming
124,1,124,1,1604,-1,124,1,124,1,124,1,1480,-1,124,-1,0.022172927856445312,0.02384185791015625,0.0030994415283203125,0.00095367431640625,0.016927719116210938,0.013113021850585938,0.00095367431640625,19504,124,1604,15,17,21,11,1.97601318359375,0.6158351898193359,0,0,0,0,0,0,31026,13231,streaming
1604,-1,3084,-1,124,-1,1604,-1,124,1,124,1,124,1,124,1,0.0209808349609375,0.00095367431640625,0.028133392333984375,0.09393692016601562,0.017881393432617188,0.17213821411132812,0.02288818359375,34800,124,3084,9,23,15,17,3.813028335571289,1.0139942169189453,0,0,0,0,0,0,31026,13231,streaming
124,1,124,1,124,1,124,1,124,1,124,1,1604,-1,124,1,0.024080276489257812,0.018835067749023438,0.01811981201171875,0.0019073486328125,0.022172927856445312,0.0209808349609375,0.00286102294921875,22960,124,3084,18,14,20,12,1.2969970703125,0.3070831298828125,0,0,0,0,0,0,31026,13231,streaming
1728,-1,1604,-1,1480,-1,124,-1,124,1,124,1,124,1,124,1,0.0011920928955078125,0.0457763671875,0.0011920928955078125,0.08082389831542969,0.019073486328125,0.01811981201171875,0.019788742065429688,29128,124,3084,14,18,16,16,1.909017562866211,0.5598068237304688,0,0,0,0,0,0,31026,13231,streaming
124,1,124,1,124,1,1604,-1,3084,-1,1728,-1,3084,-1,1604,-1,0.019073486328125,0.016927719116210938,0.3600120544433594,0.050067901611328125,0.00095367431640625,0.048160552978515625,0.00095367431640625,40968,124,3084,7,25,11,21,2.1491050720214844,0.4010200500488281,0,0,0,0,0,0,31026,13231,streaming
124,1,1480,-1,1728,-1,1604,-1,1604,-1,3084,-1,124,-1,124,1,0.0059604644775390625,0.00095367431640625,0.00095367431640625,0.3521442413330078,0.05888938903808594,0.00095367431640625,0.0021457672119140625,33444,124,3084,12,20,14,18,1.538991928100586,0.46706199645996094,0,0,0,0,0,0,31026,13231,streaming
124,-1,1480,-1,1728,-1,1480,-1,1728,-1,1604,-1,124,1,124,1,0.051021575927734375,0.00095367431640625,0.05507469177246094,0.00095367431640625,0.00095367431640625,0.0050067901611328125,0.0019073486328125,27400,124,3084,13,19,17,15,1.077890396118164,0.2930164337158203,0,0,0,0,0,0,31026,13231,streaming
1604,-1,1604,-1,3084,-1,124,-1,3084,-1,124,-1,1480,-1,1728,-1,0.047206878662109375,0.00095367431640625,0.00095367431640625,0.049114227294921875,0.00095367431640625,0.051975250244140625,0.00095367431640625,24564,124,3084,17,15,21,11,0.6461143493652344,0.15306472778320312,0,0,0,0,0,0,31026,13231,streaming
124,1,124,1,1480,-1,124,-1,1480,-1,124,-1,1480,-1,124,-1,0.0019073486328125,0.014066696166992188,0.00095367431640625,0.12493133544921875,0.00095367431640625,0.047206878662109375,0.00095367431640625,29244,124,1604,3,29,14,18,0.8459091186523438,0.18310546875,0,0,0,0,0,0,31026,13231,streaming
124,1,124,-1,124,1,636,1,124,-1,1480,-1,124,-1,1480,-1,3.8700103759765625,1.0271072387695312,0.48089027404785156,4.099130630493164,14.261960983276367,0.0019073486328125,0.3681182861328125,19508,124,1480,9,23,17,10,34.497976303100586,14.261960983276367,0,0,0,0,0,0,31026,13231,streaming
1604,-1,124,-1,124,1,124,1,124,1,124,1,1480,-1,124,-1,0.00095367431640625,0.7808208465576172,0.024080276489257812,0.014066696166992188,0.014066696166992188,0.012874603271484375,0.00095367431640625,22464,124,1728,12,20,19,13,5.904912948608398,1.6279220581054688,0,0,0,0,0,0,31026,13231,streaming
124,1,1480,-1,124,-1,1480,-1,1604,-1,124,-1,1604,-1,1604,-1,0.24509429931640625,0.00095367431640625,0.0438690185546875,0.0011920928955078125,0.00095367431640625,0.04601478576660156,0.00095367431640625,24316,124,1728,14,18,17,14,2.170085906982422,0.331878662109375,0,0,0,0,0,0,31026,13231,streaming
1604,-1,1480,-1,124,-1,124,1,1604,-1,1604,-1,3084,-1,124,-1,0.2269744873046875,0.00095367431640625,0.030040740966796875,0.07200241088867188,0.050067901611328125,0.00095367431640625,0.04792213439941406,31592,124,3084,10,22,14,18,2.9468536376953125,0.8549690246582031,0,0,0,0,0,0,31026,13231,streaming
124,-1,1480,-1,1604,-1,124,-1,124,1,124,1,124,1,124,1,0.03695487976074219,0.00095367431640625,0.00095367431640625,0.13399124145507812,0.1659393310546875,0.10919570922851562,0.0209808349609375,28632,124,1728,11,21,15,17,1.6448497772216797,0.3020763397216797,0,0,0,0,0,0,31026,13231,streaming
3084,-1,1604,-1,124,-1,124,1,124,1,124,1,124,1,124,1,0.048160552978515625,0.00095367431640625,0.12493133544921875,0.00095367431640625,0.015020370483398438,0.019073486328125,0.01811981201171875,24440,124,3084,17,15,21,11,1.6930103302001953,0.3790855407714844,0,0,0,0,0,0,31026,13231,streaming
1728,-1,1480,-1,1604,-1,124,-1,124,1,124,1,124,1,124,1,0.04792213439941406,0.00095367431640625,0.00095367431640625,0.013113021850585938,0.017881393432617188,0.0011920928955078125,0.00095367431640625,30484,124,3084,12,20,16,16,2.290010452270508,0.5881786346435547,0,0,0,0,0,0,31026,13231,streaming
1604,-1,3084,-1,124,-1,1480,-1,1728,-1,3084,-1,124,-1,1604,-1,0.00095367431640625,0.0011920928955078125,0.04792213439941406,0.00095367431640625,0.00095367431640625,0.00095367431640625,0.047206878662109375,40720,124,3084,5,27,9,22,1.2660026550292969,0.2810955047607422,0,0,0,0,0,0,31026,13231,streaming
124,-1,1480,-1,1728,-1,3084,-1,124,-1,3084,-1,124,-1,1604,-1,0.04601478576660156,0.0011920928955078125,0.00095367431640625,0.00095367431640625,0.04291534423828125,0.00095367431640625,0.048160552978515625,27772,124,3084,13,19,16,13,0.5471706390380859,0.0629425048828125,0,0,0,0,0,0,31026,13231,streaming
1604,-1,124,1,1480,-1,124,-1,1480,-1,124,-1,1480,-1,1604,-1,0.015020370483398438,0.03409385681152344,0.00095367431640625,0.22602081298828125,0.00095367431640625,0.048160552978515625,0.00095367431640625,35660,124,3084,3,29,11,21,0.8461475372314453,0.22602081298828125,0,0,0,0,0,0,31026,13231,streaming
124,1,124,1,124,1,1480,-1,124,-1,1604,-1,124,1,124,1,0.019073486328125,0.017881393432617188,0.2200603485107422,0.00095367431640625,0.049114227294921875,1.1239051818847656,0.015974044799804688,30236,124,3084,10,22,14,17,2.7151107788085938,1.1239051818847656,0,0,0,0,0,0,31026,13231,streaming
1604,-1,1604,-1,1480,-1,1728,-1,1480,-1,1728,-1,1604,-1,1604,-1,0.00095367431640625,0.05793571472167969,0.0011920928955078125,0.0629425048828125,0.00095367431640625,0.00095367431640625,0.1289844512939453,46516,124,3084,0,32,5,27,0.7610321044921875,0.1289844512939453,0,0,0,0,0,0,31026,13231,streaming
60,1,124,1,124,-1,124,1,636,1,124,-1,1480,-1,124,-1,515.8700942993164,4.065990447998047,1.1789798736572266,0.9908676147460938,4.129171371459961,15.437841415405273,0.0021457672119140625,11200,60,1480,16,16,22,4,583.5309028625488,515.8700942993164,0,0,0,0,0,0,31026,13231,streaming
124,-1,1480,-1,124,-1,1480,-1,124,-1,1604,-1,636,-1,124,1,14.48678970336914,0.0021457672119140625,0.010967254638671875,0.00095367431640625,0.013113021850585938,0.00095367431640625,1.683950424194336,21708,124,1604,6,26,16,12,27.083873748779297,14.48678970336914,0,0,0,0,0,0,31026,13231,streaming
124,-1,1480,-1,1604,-1,124,-1,1480,-1,124,-1,1480,-1,124,-1,0.025033950805664062,0.00095367431640625,0.00095367431640625,0.023126602172851562,0.00095367431640625,0.03600120544433594,0.0021457672119140625,17652,124,1604,12,20,22,10,5.622148513793945,1.6908645629882812,0,0,0,0,0,0,31026,13231,streaming
1604,-1,1604,-1,1480,-1,124,-1,1480,-1,124,-1,1480,-1,124,-1,0.5819797515869141,0.027894973754882812,0.0011920928955078125,0.00095367431640625,0.00095367431640625,0.026941299438476562,0.00095367431640625,20488,124,1604,10,22,20,12,2.073049545288086,0.5919933319091797,0,0,0,0,0,0,31026,13231,streaming
1480,-1,124,-1,1480,-1,124,-1,1604,-1,1480,-1,124,-1,124,1,0.00095367431640625,0.048160552978515625,0.00095367431640625,0.00095367431640625,0.00095367431640625,0.00095367431640625,0.34809112548828125,17652,124,1604,13,19,22,10,2.254962921142578,0.43487548828125,0,0,0,0,0,0,31026,13231,streaming
124,1,124,1,124,1,1480,-1,124,-1,1480,-1,124,-1,1480,-1,0.02002716064453125,0.4470348358154297,0.5319118499755859,0.00095367431640625,0.051021575927734375,0.00095367431640625,0.0011920928955078125,21596,124,1480,6,26,19,13,2.2749900817871094,0.5691051483154297,0,0,0,0,0,0,31026,13231,streaming
124,1,124,1,124,1,1480,-1,124,-1,1480,-1,1604,-1,124,-1,0.017881393432617188,0.019073486328125,0.370025634765625,0.00095367431640625,0.052928924560546875,0.00095367431640625,0.0011920928955078125,20364,124,1604,10,22,20,12,1.3117790222167969,0.370025634765625,0,0,0,0,0,0,31026,13231,streaming
124,-1,1480,-1,124,-1,1480,-1,124,-1,1480,-1,124,-1,1480,-1,0.04696846008300781,0.050067901611328125,0.00095367431640625,0.00095367431640625,0.2930164337158203,0.00095367431640625,0.0400543212890625,16172,124,1480,13,19,23,9,1.2569427490234375,0.2930164337158203,0,0,0,0,0,0,31026,13231,streaming
1480,-1,1604,-1,124,-1,1480,-1,124,-1,1480,-1,124,-1,124,1,0.00095367431640625,0.0011920928955078125,0.04291534423828125,0.00095367431640625,0.00095367431640625,0.00095367431640625,0.013113021850585938,21968,124,1604,10,22,19,13,3.365039825439453,1.7511844635009766,0,0,0,0,0,0,31026,13231,streaming
124,-1,1480,-1,124,-1,1480,-1,124,-1,1480,-1,124,-1,1480,-1,0.049114227294921875,0.00095367431640625,0.00095367431640625,0.00095367431640625,0.00095367431640625,0.0011920928955078125,0.0438690185546875,25912,124,1604,2,30,16,16,0.3809928894042969,0.06103515625,0,0,0,0,0,0,31026,13231,streaming
124,-1,1480,-1,124,-1,1480,-1,124,-1,1480,-1,124,-1,1480,-1,0.0011920928955078125,0.00095367431640625,0.04291534423828125,0.00095367431640625,0.0011920928955078125,0.00095367431640625,0.04982948303222656,27392,124,1604,0,32,15,17,0.8800029754638672,0.5669593811035156,0,0,0,0,0,0,31026,13231,streaming
1480,-1,124,-1,1480,-1,124,-1,1604,-1,124,1,1480,-1,124,-1,0.00095367431640625,0.00095367431640625,0.00095367431640625,0.0011920928955078125,0.0059604644775390625,1.466989517211914,0.0019073486328125,24556,124,1604,5,27,17,15,1.6849040985107422,1.466989517211914,0,0,0,0,0,0,31026,13231,streaming
60,1,60,1,124,1,124,-1,124,1,636,1,124,-1,1480,-1,1039.975881576538,169.35205459594727,4.091978073120117,1.2409687042236328,0.6630420684814453,4.090070724487305,14.383077621459961,10624,60,1480,16,16,23,4,1272.3488807678223,1039.975881576538,0,0,0,0,0,0,31026,13231,streaming
636,1,124,-1,1480,-1,124,-1,1480,-1,124,-1,1480,-1,124,-1,4.063129425048828,14.786005020141602,0.00095367431640625,0.010967254638671875,0.00095367431640625,0.011920928955078125,0.0011920928955078125,20740,124,1480,7,25,16,11,29.45399284362793,14.786005020141602,0,0,0,0,0,0,31026,13231,streaming
124,-1,1480,-1,124,-1,1480,-1,124,-1,1480,-1,124,-1,124,1,0.4951953887939453,0.00095367431640625,0.09799003601074219,0.00095367431640625,0.030040740966796875,0.030994415283203125,0.23293495178222656,17528,124,1480,12,20,22,10,5.607128143310547,1.8339157104492188,0,0,0,0,0,0,31026,13231,streaming
124,-1,1480,-1,124,-1,1480,-1,124,-1,124,1,1480,-1,124,-1,0.00095367431640625,0.00095367431640625,0.026226043701171875,0.00095367431640625,0.5578994750976562,0.21505355834960938,0.00095367431640625,20240,124,1480,7,25,20,12,1.750946044921875,0.5578994750976562,0,0,0,0,0,0,31026,13231,streaming
124,1,124,1,124,1,124,1,124,1,1480,-1,124,-1,124,1,0.025033950805664062,0.01811981201171875,0.017881393432617188,0.392913818359375,0.029087066650390625,0.00095367431640625,0.00095367431640625,17776,124,1604,14,18,22,10,1.4851093292236328,0.6198883056640625,0,0,0,0,0,0,31026,13231,streaming
124,1,1480,-1,124,-1,124,1,124,1,124,1,124,1,124,1,0.19288063049316406,0.0011920928955078125,0.06389617919921875,0.024080276489257812,0.018835067749023438,0.01811981201171875,0.5280971527099609,23200,124,1604,6,26,18,14,2.1529197692871094,0.7810592651367188,0,0,0,0,0,0,31026,13231,streaming
1480,-1,124,-1,1480,-1,124,-1,124,1,124,1,124,1,124,1,0.00095367431640625,0.0019073486328125,0.00095367431640625,0.030040740966796875,0.00095367431640625,0.0171661376953125,0.00095367431640625,15064,124,1604,18,14,24,8,1.918792724609375,0.8041858673095703,0,0,0,0,0,0,31026,13231,streaming
124,1,124,1,1480,-1,124,-1,124,1,1480,-1,124,-1,1480,-1,0.023126602172851562,0.007867813110351562,0.0019073486328125,0.009059906005859375,0.03504753112792969,0.00095367431640625,0.00095367431640625,20240,124,1480,9,23,20,12,0.9319782257080078,0.5490779876708984,0,0,0,0,0,0,31026,13231,streaming
124,-1,1480,-1,124,-1,1480,-1,124,-1,124,1,124,1,124,1,0.0011920928955078125,0.0019073486328125,0.00095367431640625,0.00095367431640625,0.03218650817871094,0.0019073486328125,0.010967254638671875,18884,124,1480,9,23,21,11,0.9670257568359375,0.5040168762207031,0,0,0,0,0,0,31026,13231,streaming
124,1,124,1,124,1,124,1,124,1,1480,-1,124,-1,1480,-1,0.02002716064453125,0.0011920928955078125,0.0209808349609375,0.4048347473144531,0.1010894775390625,0.0019073486328125,0.04410743713378906,21596,124,1480,6,26,19,13,2.0351409912109375,0.9930133819580078,0,0,0,0,0,0,31026,13231,streaming
1480,-1,124,-1,124,1,124,1,124,1,124,1,124,1,124,1,0.00095367431640625,0.11491775512695312,0.12803077697753906,0.024080276489257812,0.018835067749023438,0.2391338348388672,0.025987625122070312,16172,124,1480,14,18,23,9,0.8749961853027344,0.2391338348388672,0,0,0,0,0,0,31026,13231,streaming
1480,-1,124,-1,124,1,124,1,1480,-1,124,-1,1480,-1,124,-1,0.00095367431640625,0.023126602172851562,0.00095367431640625,0.026941299438476562,0.0019073486328125,0.0021457672119140625,0.00095367431640625,20240,124,1480,8,24,20,12,0.514984130859375,0.19884109497070312,0,0,0,0,0,0,31026,13231,streaming
124,1,1480,1,124,1,1480,1,1604,1,124,1,1480,1,124,1,0.026941299438476562,0.00095367431640625,0.031232833862304688,0.00095367431640625,0.00095367431640625,0.030040740966796875,0.00095367431640625,32080,124,1604,32,0,12,20,0.4830360412597656,0.05412101745605469,0,0,0,0,0,0,13231,31026,streaming
1604,1,124,1,1480,1,124,1,1480,1,124,1,1604,1,1480,1,0.00095367431640625,0.04696846008300781,0.0011920928955078125,0.04792213439941406,0.00095367431640625,0.00095367431640625,0.0011920928955078125,29120,124,1604,30,2,14,18,0.5600452423095703,0.08893013000488281,0,0,0,0,0,0,13231,31026,streaming
124,1,1480,1,124,1,1480,1,124,1,1480,1,1604,1,124,1,0.04601478576660156,0.00095367431640625,0.00095367431640625,0.0011920928955078125,0.04792213439941406,0.00095367431640625,0.00095367431640625,30476,124,1604,32,0,13,19,0.7510185241699219,0.22983551025390625,0,0,0,0,0,0,13231,31026,streaming
1604,1,124,1,1604,1,1480,1,124,1,1604,1,1480,1,1604,1,0.00095367431640625,0.0011920928955078125,0.04887580871582031,0.00095367431640625,0.0011920928955078125,0.00095367431640625,0.00095367431640625,32080,124,1604,32,0,12,20,0.5669593811035156,0.07390975952148438,0,0,0,0,0,0,13231,31026,streaming
124,1,1480,1,1604,1,124,1,1480,1,124,1,1480,1,1604,1,0.0438690185546875,0.00095367431640625,0.0011920928955078125,0.00095367431640625,0.00095367431640625,0.04696846008300781,0.00095367431640625,23696,124,1604,24,8,17,14,0.8800029754638672,0.42176246643066406,0,0,0,0,0,0,13231,31026,streaming
1604,1,124,-1,1480,1,1604,1,248,-1,124,1,1480,1,124,1,0.031948089599609375,0.019073486328125,0.00095367431640625,0.00095367431640625,0.0,0.00095367431640625,0.00095367431640625,28136,124,1604,26,6,13,17,0.5469322204589844,0.05888938903808594,0,0,0,0,0,0,13231,31026,streaming
1604,1,1604,1,1604,1,1604,1,1604,1,1604,1,1604,1,1480,1,0.00095367431640625,0.00095367431640625,0.049114227294921875,0.00095367431640625,0.00095367431640625,0.00095367431640625,0.050067901611328125,41704,124,1604,32,0,6,26,0.3399848937988281,0.05793571472167969,0,0,0,0,0,0,13231,31026,streaming
1480,1,124,1,124,-1,124,-1,124,-1,248,-1,248,-1,124,-1,0.00095367431640625,0.080108642578125,0.017881393432617188,0.01811981201171875,0.00095367431640625,0.017881393432617188,0.0011920928955078125,15560,124,1604,13,19,22,8,0.4520416259765625,0.080108642578125,0,0,0,0,0,0,13231,31026,streaming
124,1,1480,1,1604,1,124,1,1480,1,1604,1,124,1,124,1,0.02193450927734375,0.0011920928955078125,0.00095367431640625,0.025033950805664062,0.00095367431640625,0.0019073486328125,0.029087066650390625,27764,124,1604,32,0,15,17,0.8139610290527344,0.08893013000488281,0,0,0,0,0,0,13231,31026,streaming
1604,1,1480,1,124,1,1604,1,1604,1,1604,1,1604,1,1480,1,0.03218650817871094,0.00095367431640625,0.00095367431640625,0.00095367431640625,0.030994415283203125,0.00095367431640625,0.03600120544433594,31344,124,1604,29,3,13,19,0.4839897155761719,0.04506111145019531,0,0,0,0,0,0,13231,31026,streaming
124,1,1480,1,1604,1,124,1,1604,1,1604,1,1480,1,1604,1,0.02288818359375,0.00095367431640625,0.0011920928955078125,0.02288818359375,0.00095367431640625,0.024080276489257812,0.00095367431640625,30972,124,1604,31,1,12,19,0.4458427429199219,0.07700920104980469,0,0,0,0,0,0,13231,31026,streaming
1480,1,124,1,124,1,1480,1,124,1,124,1,1480,1,124,1,0.00095367431640625,0.016927719116210938,0.03314018249511719,0.00095367431640625,0.025033950805664062,0.04100799560546875,0.052928924560546875,26036,124,1604,31,1,16,16,0.90789794921875,0.2651214599609375,0,0,0,0,0,0,13231,31026,streaming
144,1,144,-1,144,1,144,-1,656,-1,144,1,1500,1,56,1,21.704912185668945,3.9451122283935547,1.1320114135742188,0.8080005645751953,4.106998443603516,14.454841613769531,0.013113021850585938,19336,56,1556,25,7,17,10,58.21585655212402,21.704912185668945,0,0,0,0,0,0,4500,4500,streaming
1500,1,56,1,1500,1,56,1,1556,1,1500,1,56,1,1500,1,0.00095367431640625,0.025987625122070312,0.00095367431640625,0.014066696166992188,0.024080276489257812,0.00095367431640625,0.8690357208251953,23876,56,1556,28,4,17,15,6.764888763427734,2.034902572631836,0,0,0,0,0,0,4500,4500,streaming
56,1,1500,1,56,1,1500,1,1556,1,56,1,144,-1,1500,1,0.0011920928955078125,0.00095367431640625,0.02384185791015625,0.0011920928955078125,0.00095367431640625,0.18405914306640625,0.3838539123535156,24204,56,1556,26,6,17,15,2.396106719970703,0.4341602325439453,0,0,0,0,0,0,4500,4500,streaming
56,1,1500,1,56,1,1500,1,56,1,1500,1,56,1,144,-1,0.00095367431640625,0.0021457672119140625,0.00095367431640625,0.00095367431640625,0.031948089599609375,0.0021457672119140625,0.3960132598876953,23972,56,1556,28,4,17,15,3.2041072845458984,0.6818771362304688,0,0,0,0,0,0,4500,4500,streaming
1556,1,1500,1,56,1,1500,1,56,1,144,-1,144,-1,1500,1,0.024080276489257812,0.00095367431640625,0.00095367431640625,0.00095367431640625,0.23317337036132812,0.2570152282714844,0.20003318786621094,23860,56,1556,28,4,17,15,1.8110275268554688,0.370025634765625,0,0,0,0,0,0,4500,4500,streaming
56,1,144,-1,1556,1,1500,1,56,1,1500,1,56,1,1556,1,0.014066696166992188,0.017881393432617188,0.0011920928955078125,0.00095367431640625,0.029087066650390625,0.00095367431640625,0.033855438232421875,24116,56,1556,27,5,17,15,1.9500255584716797,0.5838871002197266,0,0,0,0,0,0,4500,4500,streaming
1500,1,56,1,1500,1,56,1,1500,1,56,1,1500,1,1556,1,0.00095367431640625,0.02002716064453125,0.00095367431640625,0.02002716064453125,0.00095367431640625,0.022172927856445312,0.00095367431640625,28240,56,1556,30,2,14,18,4.178047180175781,3.5181045532226562,0,0,0,0,0,0,4500,4500,streaming
56,1,1500,1,56,1,1500,1,56,1,1556,1,144,-1,144,-1,0.032901763916015625,0.0011920928955078125,0.03981590270996094,0.0011920928955078125,0.00095367431640625,0.23889541625976562,0.015020370483398438,26940,56,1556,29,3,15,17,1.2581348419189453,0.40793418884277344,0,0,0,0,0,0,4500,4500,streaming
1500,1,56,1,1556,1,1500,1,56,1,1500,1,56,1,1500,1,0.00095367431640625,0.00095367431640625,0.00095367431640625,0.049114227294921875,0.00095367431640625,0.00095367431640625,0.0011920928955078125,22560,56,1556,27,5,18,14,2.0380020141601562,0.8199214935302734,0,0,0,0,0,0,4500,4500,streaming
144,-1,1500,1,56,1,1500,1,56,1,1500,1,56,1,1500,1,0.1888275146484375,0.0030994415283203125,0.010013580322265625,0.00095367431640625,0.015020370483398438,0.00095367431640625,0.015974044799804688,24984,56,1500,31,1,16,16,0.4928112030029297,0.1888275146484375,0,0,0,0,0,0,4500,4500,streaming
56,1,1500,1,56,1,1500,1,56,1,1500,1,56,1,1500,1,0.028848648071289062,0.0021457672119140625,0.03695487976074219,0.00095367431640625,0.00095367431640625,0.00095367431640625,0.03910064697265625,24060,56,1556,27,5,17,15,0.8449554443359375,0.16808509826660156,0,0,0,0,0,0,4500,4500,streaming
56,1,1500,1,56,1,1500,1,56,1,1500,1,56,1,1500,1,0.00095367431640625,0.00095367431640625,0.03910064697265625,0.0019073486328125,0.00095367431640625,0.0011920928955078125,0.04482269287109375,28008,56,1556,32,0,14,18,0.43487548828125,0.08606910705566406,0,0,0,0,0,0,4500,4500,streaming
144,1,144,-1,144,1,656,1,144,-1,1500,-1,56,-1,1500,-1,4.010915756225586,1.1970996856689453,0.5209445953369141,4.133939743041992,14.241933822631836,0.0011920928955078125,0.013828277587890625,12972,56,1500,14,18,21,5,73.12297821044922,14.640092849731445,0,0,0,0,0,0,4500,4500,streaming
56,-1,1500,-1,56,-1,1500,-1,728,-1,160,1,144,1,224,1,0.023126602172851562,0.00095367431640625,0.012874603271484375,0.00095367431640625,1.129150390625,0.015974044799804688,1.4240741729736328,21432,56,1556,6,26,16,12,10.848045349121094,4.277944564819336,0,0,0,0,0,0,4500,4500,streaming
1500,-1,56,-1,1500,-1,56,-1,1556,-1,144,1,144,1,1500,-1,0.00095367431640625,0.027894973754882812,0.00095367431640625,0.0011920928955078125,0.7889270782470703,0.8699893951416016,2.126932144165039,23860,56,1556,4,28,17,15,6.352901458740234,2.126932144165039,0,0,0,0,0,0,4500,4500,streaming
56,-1,1500,-1,56,-1,1500,-1,56,-1,1500,-1,56,-1,1500,-1,0.00095367431640625,0.0011920928955078125,0.0247955322265625,0.0011920928955078125,0.46896934509277344,0.00095367431640625,0.032901763916015625,24060,56,1556,5,27,17,15,2.201080322265625,0.6079673767089844,0,0,0,0,0,0,4500,4500,streaming
56,-1,144,1,1500,-1,56,-1,144,1,1556,-1,1500,-1,56,-1,0.49304962158203125,0.25200843811035156,0.050067901611328125,0.415802001953125,0.5991458892822266,0.016927719116210938,0.00095367431640625,23828,56,1556,3,29,17,15,3.122091293334961,0.5991458892822266,0,0,0,0,0,0,4500,4500,streaming
1500,-1,56,-1,1500,-1,56,-1,144,1,144,1,1500,-1,56,-1,0.00095367431640625,0.03886222839355469,0.0011920928955078125,0.102996826171875,0.2758502960205078,0.19311904907226562,0.00095367431640625,25272,56,1556,3,29,16,16,2.277851104736328,0.6620883941650391,0,0,0,0,0,0,4500,4500,streaming
56,-1,1500,-1,1556,-1,56,-1,1500,-1,56,-1,1500,-1,1556,-1,0.00095367431640625,0.00095367431640625,0.00095367431640625,0.041961669921875,0.00095367431640625,0.0011920928955078125,0.00095367431640625,29564,56,1556,0,32,13,19,2.3567676544189453,0.8931159973144531,0,0,0,0,0,0,4500,4500,streaming
56,-1,1500,-1,56,-1,1500,-1,56,-1,1556,-1,1500,-1,56,-1,0.00095367431640625,0.00095367431640625,0.04100799560546875,0.00095367431640625,0.00095367431640625,0.0011920928955078125,0.00095367431640625,21236,56,1556,7,25,19,13,1.2319087982177734,0.3750324249267578,0,0,0,0,0,0,4500,4500,streaming
56,-1,1500,-1,1556,-1,56,-1,1500,-1,1556,-1,56,-1,1500,-1,0.00095367431640625,0.0011920928955078125,0.00095367431640625,0.04291534423828125,0.00095367431640625,0.0011920928955078125,0.00095367431640625,29708,56,1556,1,31,13,19,0.9560585021972656,0.4210472106933594,0,0,0,0,0,0,4500,4500,streaming
56,-1,1500,-1,56,-1,144,1,144,1,144,1,144,1,144,1,0.03910064697265625,0.00095367431640625,0.43201446533203125,0.18596649169921875,0.019073486328125,0.9438991546630859,0.023126602172851562,25616,56,1556,5,27,16,16,2.6340484619140625,0.9438991546630859,0,0,0,0,0,0,4500,4500,streaming
56,-1,1500,-1,56,-1,1500,-1,56,-1,1556,-1,1500,-1,56,-1,0.049114227294921875,0.00095367431640625,0.05602836608886719,0.00095367431640625,0.00095367431640625,0.00095367431640625,0.0011920928955078125,28152,56,1556,1,31,14,18,0.904083251953125,0.3998279571533203,0,0,0,0,0,0,4500,4500,streaming
56,-1,1500,-1,56,-1,1556,-1,1500,-1,56,-1,1500,-1,1556,-1,0.04410743713378906,0.00095367431640625,0.00095367431640625,0.052928924560546875,0.00095367431640625,0.0011920928955078125,0.00095367431640625,26652,56,1556,1,31,15,17,1.1320114135742188,0.4038810729980469,0,0,0,0,0,0,4500,4500,streaming
144,1,144,-1,144,1,656,1,144,-1,1500,-1,56,-1,1500,-1,4.137992858886719,1.1789798736572266,0.7381439208984375,3.925800323486328,14.289140701293945,0.0019073486328125,0.026941299438476562,13028,56,1500,14,18,21,5,87.05496788024902,21.281003952026367,0,0,0,0,0,0,4500,4500,streaming
1500,-1,56,-1,1500,-1,56,-1,672,-1,160,1,160,1,144,1,0.0011920928955078125,0.010967254638671875,0.00095367431640625,0.00095367431640625,1.2440681457519531,0.00286102294921875,0.011205673217773438,22788,56,1556,5,27,15,13,12.473106384277344,4.374980926513672,0,0,0,0,0,0,4500,4500,streaming
160,1,144,1,144,1,1500,-1,56,-1,1500,-1,56,-1,144,1,0.0030994415283203125,0.2269744873046875,0.09107589721679688,0.00095367431640625,0.027894973754882812,0.02193450927734375,2.2330284118652344,21108,56,1500,6,26,19,13,6.822109222412109,2.2330284118652344,0,0,0,0,0,0,4500,4500,streaming
1556,-1,1500,-1,56,-1,1500,-1,56,-1,1556,-1,1500,-1,56,-1,0.18095970153808594,0.00095367431640625,0.029087066650390625,0.00095367431640625,0.00095367431640625,0.44417381286621094,0.00095367431640625,25472,56,1556,4,28,16,16,2.563953399658203,0.5087852478027344,0,0,0,0,0,0,4500,4500,streaming
144,1,1500,-1,56,-1,1556,-1,1500,-1,56,-1,1500,-1,56,-1,0.5230903625488281,0.00095367431640625,0.017881393432617188,0.00095367431640625,0.0011920928955078125,0.017881393432617188,0.00095367431640625,23916,56,1556,4,28,17,15,2.619028091430664,0.8080005645751953,0,0,0,0,0,0,4500,4500,streaming
1500,-1,56,-1,1500,-1,56,-1,1500,-1,56,-1,1500,-1,56,-1,0.03910064697265625,0.00095367431640625,0.04291534423828125,0.1811981201171875,0.00095367431640625,0.010967254638671875,0.00095367431640625,25272,56,1556,3,29,16,16,1.1789798736572266,0.3478527069091797,0,0,0,0,0,0,4500,4500,streaming
56,-1,1556,-1,1500,-1,56,-1,144,1,144,1,1556,-1,1500,-1,0.00095367431640625,0.027894973754882812,0.00095367431640625,0.1010894775390625,0.22792816162109375,0.1590251922607422,0.03600120544433594,25472,56,1556,4,28,16,16,1.4379024505615234,0.39505958557128906,0,0,0,0,0,0,4500,4500,streaming
56,-1,144,1,144,1,144,1,1500,-1,56,-1,1556,-1,1500,-1,0.12111663818359375,0.09989738464355469,0.07104873657226562,0.453948974609375,0.0019073486328125,0.023126602172851562,0.00095367431640625,22992,56,1556,8,24,18,14,1.850128173828125,0.49996376037597656,0,0,0,0,0,0,4500,4500,streaming
144,1,1500,-1,56,-1,1500,-1,56,-1,1500,-1,1556,-1,56,-1,0.47206878662109375,0.00095367431640625,0.04410743713378906,0.00095367431640625,0.00095367431640625,0.00095367431640625,0.00095367431640625,28240,56,1556,2,30,14,18,1.3899803161621094,0.47206878662109375,0,0,0,0,0,0,4500,4500,streaming
56,-1,1500,-1,1556,-1,56,-1,1500,-1,56,-1,1500,-1,56,-1,0.0011920928955078125,0.00095367431640625,0.00095367431640625,0.00095367431640625,0.00095367431640625,0.04100799560546875,0.00095367431640625,25472,56,1556,4,28,16,16,0.8311271667480469,0.2040863037109375,0,0,0,0,0,0,4500,4500,streaming
1556,-1,56,-1,1500,-1,56,-1,1500,-1,1556,-1,56,-1,1500,-1,0.00095367431640625,0.00095367431640625,0.0011920928955078125,0.04482269287109375,0.0011920928955078125,0.00095367431640625,0.04792213439941406,23972,56,1556,4,28,17,15,1.2121200561523438,0.26106834411621094,0,0,0,0,0,0,4500,4500,streaming
1500,-1,56,-1,1500,-1,1556,-1,56,-1,1500,-1,1556,-1,56,-1,0.00095367431640625,0.00095367431640625,0.00095367431640625,0.00095367431640625,0.048160552978515625,0.00095367431640625,0.00095367431640625,26684,56,1556,2,30,15,17,0.5369186401367188,0.09107589721679688,0,0,0,0,0,0,4500,4500,streaming
144,1,1556,-1,1500,-1,56,-1,1556,-1,1500,-1,56,-1,1500,-1,0.14209747314453125,0.04792213439941406,0.00095367431640625,0.0011920928955078125,0.00095367431640625,0.00095367431640625,0.041961669921875,25704,56,1556,6,26,16,16,1.667022705078125,0.9191036224365234,0,0,0,0,0,0,4500,4500,streaming
1556,-1,56,-1,1500,-1,56,-1,1500,-1,56,-1,1500,-1,56,-1,0.0011920928955078125,0.0438690185546875,0.00095367431640625,0.00095367431640625,0.0011920928955078125,0.04887580871582031,0.00095367431640625,29620,56,1556,0,32,13,19,0.3871917724609375,0.05793571472167969,0,0,0,0,0,0,4500,4500,streaming
1500,-1,1556,-1,56,-1,1500,-1,56,-1,1500,-1,56,-1,1500,-1,0.00095367431640625,0.00095367431640625,0.05602836608886719,0.00095367431640625,0.00095367431640625,0.0011920928955078125,0.064849853515625,27148,56,1556,5,27,15,17,0.40984153747558594,0.06890296936035156,0,0,0,0,0,0,4500,4500,streaming
1556,-1,56,-1,1500,-1,56,-1,1500,-1,56,-1,176,1,1500,-1,0.00095367431640625,0.00095367431640625,0.00095367431640625,0.00095367431640625,0.0011920928955078125,0.012874603271484375,0.05412101745605469,31296,56,1556,1,31,12,20,0.3998279571533203,0.08416175842285156,0,0,0,0,0,0,4500,4500,streaming
56,-1,1500,-1,56,-1,1556,-1,1500,-1,56,-1,1556,-1,1500,-1,0.00286102294921875,0.00095367431640625,0.00095367431640625,0.07510185241699219,0.00095367431640625,0.00095367431640625,0.0011920928955078125,31120,56,1556,0,32,12,20,0.3578662872314453,0.08392333984375,0,0,0,0,0,0,4500,4500,streaming
56,-1,1500,-1,56,-1,1556,-1,1500,-1,56,-1,176,1,1500,-1,0.08702278137207031,0.00095367431640625,0.0011920928955078125,0.00095367431640625,0.00095367431640625,0.05602836608886719,0.1480579376220703,26628,56,1556,1,31,15,17,1.641988754272461,0.9961128234863281,0,0,0,0,0,0,4500,4500,streaming
56,-1,1500,-1,56,-1,1500,-1,56,-1,1500,-1,56,-1,1500,-1,0.00095367431640625,0.00095367431640625,0.00095367431640625,0.00095367431640625,0.00095367431640625,0.0011920928955078125,0.00286102294921875,24896,56,1500,0,32,16,16,0.2319812774658203,0.0591278076171875,0,0,0,0,0,0,4500,4500,streaming
56,-1,1500,-1,56,-1,1500,-1,56,-1,1500,-1,56,-1,1500,-1,0.06103515625,0.0019073486328125,0.00095367431640625,0.00095367431640625,0.0011920928955078125,0.00095367431640625,0.06103515625,24896,56,1500,0,32,16,16,0.3418922424316406,0.06890296936035156,0,0,0,0,0,0,4500,4500,streaming
56,-1,1500,-1,56,-1,1500,-1,56,-1,1500,-1,56,-1,1500,-1,0.0011920928955078125,0.0019073486328125,0.0030994415283203125,0.00095367431640625,0.0629425048828125,0.0019073486328125,0.0011920928955078125,23572,56,1500,1,31,17,15,0.30803680419921875,0.07200241088867188,0,0,0,0,0,0,4500,4500,streaming
1500,-1,56,-1,1500,-1,56,-1,1500,-1,56,-1,1500,-1,56,-1,0.0011920928955078125,0.00286102294921875,0.00095367431640625,0.07009506225585938,0.0019073486328125,0.0011920928955078125,0.0019073486328125,24896,56,1500,0,32,16,16,0.33211708068847656,0.08392333984375,0,0,0,0,0,0,4500,4500,streaming
1500,-1,56,-1,1500,-1,56,-1,1500,-1,56,-1,1500,-1,56,-1,0.0019073486328125,0.00095367431640625,0.00095367431640625,0.0011920928955078125,0.00095367431640625,0.00095367431640625,0.00095367431640625,24896,56,1500,0,32,16,16,0.2758502960205078,0.06794929504394531,0,0,0,0,0,0,4500,4500,streaming
176,1,176,1,1500,-1,56,-1,1500,-1,56,-1,1500,-1,56,-1,0.02002716064453125,0.0209808349609375,0.0021457672119140625,0.00095367431640625,0.00095367431640625,0.04291534423828125,0.0021457672119140625,23812,56,1500,3,29,17,15,0.4451274871826172,0.08702278137207031,0,0,0,0,0,0,4500,4500,streaming
144,1,1500,-1,56,-1,144,1,1556,-1,1556,-1,1556,-1,1556,-1,0.021219253540039062,0.00095367431640625,0.00095367431640625,0.06198883056640625,0.00095367431640625,0.00095367431640625,0.04506111145019531,36076,56,1556,2,30,9,23,0.5490779876708984,0.06198883056640625,0,0,0,0,0,0,4500,4500,streaming
1500,-1,56,-1,1556,-1,1500,-1,56,-1,1500,-1,1556,-1,1556,-1,0.0011920928955078125,0.00095367431640625,0.08797645568847656,0.00095367431640625,0.06198883056640625,0.00095367431640625,0.00095367431640625,34376,56,1612,1,31,10,22,0.7309913635253906,0.22792816162109375,0,0,0,0,0,0,4500,4500,streaming
1500,-1,56,-1,144,1,144,1,1500,-1,56,-1,1500,-1,56,-1,0.00095367431640625,0.09298324584960938,0.3819465637207031,0.13518333435058594,0.04982948303222656,0.00095367431640625,0.0011920928955078125,30084,56,1556,4,28,13,19,0.9870529174804688,0.3819465637207031,0,0,0,0,0,0,4500,4500,streaming
56,-1,144,1,1500,-1,56,-1,1556,-1,1556,-1,1556,-1,1500,-1,0.007867813110351562,0.050067901611328125,0.00095367431640625,0.00095367431640625,0.0011920928955078125,0.00095367431640625,0.05888938903808594,31896,56,1556,5,27,12,20,0.5450248718261719,0.10800361633300781,0,0,0,0,0,0,4500,4500,streaming
1500,-1,56,-1,1556,-1,1556,-1,1556,-1,1500,-1,56,-1,1556,-1,0.00095367431640625,0.00095367431640625,0.0011920928955078125,0.00095367431640625,0.00095367431640625,0.00095367431640625,0.0400543212890625,39044,56,1612,1,31,7,25,0.7610321044921875,0.19979476928710938,0,0,0,0,0,0,4500,4500,streaming
1556,-1,3056,-1,56,-1,1556,-1,1556,-1,1556,-1,1556,-1,1500,-1,0.00095367431640625,0.00095367431640625,0.05698204040527344,0.00095367431640625,0.0011920928955078125,0.00095367431640625,0.05698204040527344,39276,56,3056,3,29,8,24,0.9360313415527344,0.3409385681152344,0,0,0,0,0,0,4500,4500,streaming
1612,-1,1500,-1,1556,-1,1612,-1,1556,-1,1556,-1,1556,-1,1500,-1,0.05602836608886719,0.00095367431640625,0.00095367431640625,0.4410743713378906,0.06198883056640625,0.00095367431640625,0.049114227294921875,43624,56,3056,0,32,6,26,0.9369850158691406,0.4410743713378906,0,0,0,0,0,0,4500,4500,streaming
144,1,1556,-1,1556,-1,1556,-1,1500,-1,1556,-1,56,-1,1556,-1,0.051975250244140625,0.431060791015625,0.04696846008300781,0.04696846008300781,0.00095367431640625,0.0011920928955078125,0.04696846008300781,40888,56,3056,3,29,9,23,1.0290145874023438,0.431060791015625,0,0,0,0,0,0,4500,4500,streaming
1556,-1,1556,-1,1556,-1,1556,-1,1500,-1,1556,-1,56,-1,1500,-1,0.00095367431640625,0.047206878662109375,0.00095367431640625,0.04887580871582031,0.00095367431640625,0.0011920928955078125,0.051975250244140625,37632,56,1612,2,30,8,24,1.2280941009521484,0.6279945373535156,0,0,0,0,0,0,4500,4500,streaming
1500,-1,1556,-1,56,-1,1556,-1,1556,-1,1500,-1,56,-1,1556,-1,0.0019073486328125,0.00095367431640625,0.04696846008300781,0.00095367431640625,0.050067901611328125,0.00095367431640625,0.0011920928955078125,37344,56,1612,0,32,8,24,1.0190010070800781,0.5781650543212891,0,0,0,0,0,0,4500,4500,streaming
1500,-1,56,-1,1556,-1,1556,-1,1556,-1,144,1,1556,-1,1500,-1,0.00095367431640625,0.00095367431640625,0.051021575927734375,0.00095367431640625,0.051021575927734375,0.00095367431640625,0.00095367431640625,36364,56,1556,4,28,9,23,0.4069805145263672,0.06103515625,0,0,0,0,0,0,4500,4500,streaming
1500,-1,56,-1,1500,-1,56,-1,1556,-1,1500,-1,56,-1,1500,-1,0.0011920928955078125,0.00095367431640625,0.00095367431640625,0.00095367431640625,0.18906593322753906,0.00095367431640625,0.07200241088867188,37432,56,3056,1,31,9,23,0.5819797515869141,0.18906593322753906,0,0,0,0,0,0,4500,4500,streaming
144,1,144,-1,144,1,656,1,144,-1,1500,-1,56,-1,1500,-1,4.1599273681640625,0.9911060333251953,0.5068778991699219,4.104137420654297,14.658927917480469,0.0019073486328125,0.022172927856445312,12972,56,1500,14,18,21,5,88.12403678894043,22.49002456665039,0,0,0,0,0,0,4500,4500,streaming
56,-1,1500,-1,56,-1,1500,-1,56,-1,672,-1,160,1,144,1,0.031948089599609375,0.00095367431640625,0.012159347534179688,0.00095367431640625,0.00095367431640625,1.6551017761230469,0.1277923583984375,22684,56,1556,4,28,15,13,12.70604133605957,4.345178604125977,0,0,0,0,0,0,4500,4500,streaming
160,1,1500,-1,56,-1,1556,-1,144,1,144,1,144,1,1500,-1,0.053882598876953125,0.0011920928955078125,0.025987625122070312,0.37479400634765625,0.022172927856445312,2.2668838500976562,1.3070106506347656,24076,56,1556,5,27,17,15,6.052970886230469,2.2668838500976562,0,0,0,0,0,0,4500,4500,streaming
144,1,1500,-1,56,-1,1500,-1,56,-1,1500,-1,56,-1,1500,-1,0.02288818359375,0.00095367431640625,0.03409385681152344,0.0019073486328125,0.03504753112792969,0.00095367431640625,0.00095367431640625,23916,56,1556,4,28,17,15,3.393888473510742,1.7130374908447266,0,0,0,0,0,0,4500,4500,streaming
1500,-1,56,-1,1500,-1,56,-1,1556,-1,1500,-1,56,-1,144,1,0.0011920928955078125,0.00095367431640625,0.00095367431640625,0.00095367431640625,0.13494491577148438,0.049114227294921875,0.34999847412109375,25328,56,1556,3,29,16,16,1.3930797576904297,0.4279613494873047,0,0,0,0,0,0,4500,4500,streaming
1500,-1,56,-1,1500,-1,56,-1,1556,-1,1500,-1,56,-1,1500,-1,0.00095367431640625,0.025033950805664062,0.00095367431640625,0.0209808349609375,0.0011920928955078125,0.00095367431640625,0.3039836883544922,22648,56,1556,6,26,18,14,2.1250247955322266,0.6470680236816406,0,0,0,0,0,0,4500,4500,streaming
144,1,1500,-1,56,-1,1500,-1,56,-1,1500,-1,56,-1,1500,-1,0.40721893310546875,0.033855438232421875,0.12493133544921875,0.0011920928955078125,0.010967254638671875,0.00095367431640625,0.014066696166992188,24984,56,1500,1,31,16,16,1.3990402221679688,0.40721893310546875,0,0,0,0,0,0,4500,4500,streaming
56,-1,1500,-1,56,-1,144,1,144,1,144,1,1500,-1,56,-1,0.0011920928955078125,0.0019073486328125,0.2529621124267578,0.13208389282226562,0.10395050048828125,0.2460479736328125,0.0019073486328125,23916,56,1556,4,28,17,15,1.4641284942626953,0.3190040588378906,0,0,0,0,0,0,4500,4500,streaming
56,-1,1500,-1,56,-1,1500,-1,56,-1,1500,-1,56,-1,1500,-1,0.0011920928955078125,0.00095367431640625,0.04887580871582031,0.0011920928955078125,0.16689300537109375,0.0019073486328125,0.04220008850097656,22272,56,1500,3,29,18,14,0.7441043853759766,0.18787384033203125,0,0,0,0,0,0,4500,4500,streaming
1500,-1,56,-1,1500,-1,144,1,56,-1,1500,-1,56,-1,1500,-1,0.04601478576660156,0.0019073486328125,0.041961669921875,0.010013580322265625,0.0021457672119140625,0.00095367431640625,0.00095367431640625,25272,56,1556,3,29,16,16,0.5559921264648438,0.15091896057128906,0,0,0,0,0,0,4500,4500,streaming
56,-1,1500,-1,56,-1,1500,-1,1556,-1,56,-1,1500,-1,56,-1,0.00095367431640625,0.00095367431640625,0.04220008850097656,0.00095367431640625,0.00095367431640625,0.00095367431640625,0.00095367431640625,23684,56,1556,2,30,17,15,1.9009113311767578,1.0228157043457031,0,0,0,0,0,0,4500,4500,streaming
1556,-1,1500,-1,56,-1,1500,-1,56,-1,1500,-1,56,-1,1556,-1,0.017881393432617188,0.00095367431640625,0.024080276489257812,0.00095367431640625,0.025987625122070312,0.00095367431640625,0.0011920928955078125,28008,56,1556,0,32,14,18,0.31685829162597656,0.03910064697265625,0,0,0,0,0,0,4500,4500,streaming
144,1,144,-1,144,1,656,1,144,-1,1500,-1,56,-1,1500,-1,4.075050354003906,0.9899139404296875,0.8141994476318359,4.026889801025391,14.153003692626953,0.00095367431640625,0.012159347534179688,13132,56,1556,15,17,21,5,86.06410026550293,22.735118865966797,0,0,0,0,0,0,4500,4500,streaming
56,-1,1500,-1,56,-1,1500,-1,728,-1,160,1,160,1,144,1,0.010967254638671875,0.00095367431640625,0.011205673217773438,0.00095367431640625,0.9589195251464844,0.023126602172851562,0.015974044799804688,20036,56,1500,7,25,17,11,11.807918548583984,4.633188247680664,0,0,0,0,0,0,4500,4500,streaming
1500,-1,56,-1,1500,-1,56,-1,1500,-1,56,-1,1500,-1,56,-1,0.00095367431640625,0.015974044799804688,0.00095367431640625,0.0209808349609375,0.0011920928955078125,0.00095367431640625,0.00095367431640625,23628,56,1500,2,30,17,15,6.559848785400391,1.970052719116211,0,0,0,0,0,0,4500,4500,streaming
1500,-1,56,-1,144,1,144,1,144,1,1500,-1,56,-1,1500,-1,0.00095367431640625,0.3800392150878906,0.0209808349609375,0.23603439331054688,0.14400482177734375,0.0021457672119140625,0.03790855407714844,21324,56,1556,8,24,19,13,2.8090476989746094,0.5199909210205078,0,0,0,0,0,0,4500,4500,streaming
56,-1,1556,-1,1500,-1,56,-1,1500,-1,56,-1,144,1,144,1,0.0011920928955078125,0.00095367431640625,0.00095367431640625,0.04100799560546875,0.00095367431640625,0.7381439208984375,0.02384185791015625,25184,56,1556,2,30,16,16,2.7070045471191406,1.0631084442138672,0,0,0,0,0,0,4500,4500,streaming
56,-1,1556,-1,1500,-1,56,-1,1500,-1,56,-1,144,1,144,1,0.00095367431640625,0.00095367431640625,0.00095367431640625,0.041961669921875,0.0011920928955078125,0.07987022399902344,0.13208389282226562,25760,56,1556,6,26,16,16,1.6429424285888672,0.4100799560546875,0,0,0,0,0,0,4500,4500,streaming
56,-1,1556,-1,1500,-1,56,-1,1500,-1,1556,-1,56,-1,144,1,0.00095367431640625,0.00095367431640625,0.0011920928955078125,0.03886222839355469,0.00095367431640625,0.0011920928955078125,0.13685226440429688,24204,56,1556,6,26,17,15,1.708984375,0.30994415283203125,0,0,0,0,0,0,4500,4500,streaming
56,-1,1556,-1,1500,-1,56,-1,1556,-1,144,1,144,1,144,1,0.02002716064453125,0.02002716064453125,0.00095367431640625,0.022172927856445312,0.28586387634277344,0.1289844512939453,0.4100799560546875,25672,56,1556,5,27,16,16,1.898050308227539,0.4811286926269531,0,0,0,0,0,0,4500,4500,streaming
1556,-1,144,1,144,1,1500,-1,56,-1,1500,-1,56,-1,1556,-1,0.13494491577148438,0.1289844512939453,0.18095970153808594,0.0011920928955078125,0.04482269287109375,0.00095367431640625,0.0011920928955078125,25616,56,1556,5,27,16,16,1.2960433959960938,0.2970695495605469,0,0,0,0,0,0,4500,4500,streaming
1500,-1,56,-1,1500,-1,56,-1,1500,-1,56,-1,1500,-1,56,-1,0.0011920928955078125,0.04100799560546875,0.00095367431640625,0.00095367431640625,0.00095367431640625,0.00095367431640625,0.0011920928955078125,25328,56,1556,3,29,16,16,0.5650520324707031,0.09703636169433594,0,0,0,0,0,0,4500,4500,streaming
1556,-1,1500,-1,56,-1,1556,-1,144,1,1500,-1,56,-1,1500,-1,0.0011920928955078125,0.00095367431640625,0.04696846008300781,0.1430511474609375,0.008821487426757812,0.0011920928955078125,0.04696846008300781,24492,56,1556,8,24,17,15,1.3179779052734375,0.19693374633789062,0,0,0,0,0,0,4500,4500,streaming
1500,-1,1556,-1,56,-1,1500,-1,56,-1,1500,-1,56,-1,1500,-1,0.00095367431640625,0.00095367431640625,0.0400543212890625,0.00095367431640625,0.00095367431640625,0.00095367431640625,0.047206878662109375,28152,56,1556,1,31,14,18,0.682830810546875,0.30803680419921875,0,0,0,0,0,0,4500,4500,streaming
144,1,144,-1,144,1,656,1,144,-1,1500,-1,56,-1,1500,-1,4.142045974731445,0.9660720825195312,0.4520416259765625,3.9319992065429688,14.52493667602539,0.00095367431640625,0.01811981201171875,14584,56,1556,14,18,20,6,72.85213470458984,14.52493667602539,0,0,0,0,0,0,4500,4500,streaming
1500,-1,56,-1,672,-1,160,1,144,1,224,1,336,1,144,-1,0.00095367431640625,0.00095367431640625,1.2159347534179688,0.010013580322265625,2.583026885986328,0.23412704467773438,4.137992858886719,21232,56,1500,5,27,16,12,12.892007827758789,4.137992858886719,0,0,0,0,0,0,4500,4500,streaming
144,1,1500,-1,56,-1,1500,-1,56,-1,144,1,144,1,1500,-1,0.3409385681152344,0.00095367431640625,0.15115737915039062,0.00095367431640625,0.6430149078369141,0.30303001403808594,2.730846405029297,23860,56,1556,4,28,17,15,6.7119598388671875,2.730846405029297,0,0,0,0,0,0,4500,4500,streaming
56,-1,1500,-1,1556,-1,56,-1,1500,-1,56,-1,1500,-1,56,-1,0.03409385681152344,0.00095367431640625,0.00095367431640625,0.00095367431640625,0.0011920928955078125,0.028848648071289062,0.00095367431640625,23828,56,1556,3,29,17,15,1.6779899597167969,0.4849433898925781,0,0,0,0,0,0,4500,4500,streaming
144,1,144,1,1500,-1,56,-1,1500,-1,56,-1,1500,-1,56,-1,0.5300045013427734,1.3549327850341797,0.0021457672119140625,0.04982948303222656,0.0011920928955078125,0.00095367431640625,0.00095367431640625,25328,56,1556,3,29,16,16,3.303050994873047,1.3549327850341797,0,0,0,0,0,0,4500,4500,streaming
1500,-1,56,-1,1500,-1,56,-1,1500,-1,56,-1,1500,-1,56,-1,0.00095367431640625,0.047206878662109375,0.0019073486328125,0.00095367431640625,0.00095367431640625,0.00095367431640625,0.0011920928955078125,26828,56,1556,3,29,15,17,1.789093017578125,0.4971027374267578,0,0,0,0,0,0,4500,4500,streaming
56,-1,1500,-1,56,-1,1500,-1,56,-1,1500,-1,56,-1,144,1,0.00095367431640625,0.00095367431640625,0.04100799560546875,0.0011920928955078125,0.00095367431640625,0.00095367431640625,0.15997886657714844,23972,56,1556,4,28,17,15,2.0360946655273438,0.6039142608642578,0,0,0,0,0,0,4500,4500,streaming
1500,-1,56,-1,1500,-1,56,-1,1500,-1,56,-1,1500,-1,56,-1,0.00095367431640625,0.00095367431640625,0.00095367431640625,0.0011920928955078125,0.00095367431640625,0.041961669921875,0.00095367431640625,25184,56,1556,2,30,16,16,1.466989517211914,0.5359649658203125,0,0,0,0,0,0,4500,4500,streaming
1500,-1,56,-1,1556,-1,1500,-1,56,-1,1500,-1,56,-1,1556,-1,0.00095367431640625,0.00095367431640625,0.048160552978515625,0.00095367431640625,0.00095367431640625,0.00095367431640625,0.00095367431640625,26828,56,1556,3,29,15,17,0.6649494171142578,0.22792816162109375,0,0,0,0,0,0,4500,4500,streaming
56,-1,1500,-1,56,-1,144,1,144,1,1500,-1,56,-1,1500,-1,0.015974044799804688,0.0171661376953125,0.12302398681640625,0.4680156707763672,0.09489059448242188,0.0019073486328125,0.010013580322265625,23628,56,1500,2,30,17,15,0.9839534759521484,0.4680156707763672,0,0,0,0,0,0,4500,4500,streaming
56,-1,1500,-1,56,-1,1500,-1,56,-1,144,1,1500,-1,56,-1,0.030994415283203125,0.00095367431640625,0.102996826171875,0.03790855407714844,0.09012222290039062,0.00286102294921875,0.0011920928955078125,22272,56,1500,3,29,18,14,0.9188652038574219,0.2560615539550781,0,0,0,0,0,0,4500,4500,streaming
1500,-1,56,-1,1500,-1,56,-1,1500,-1,56,-1,1500,-1,56,-1,0.00095367431640625,0.00095367431640625,0.0011920928955078125,0.00095367431640625,0.00095367431640625,0.027894973754882812,0.0011920928955078125,25184,56,1556,2,30,16,16,0.9849071502685547,0.4169940948486328,0,0,0,0,0,0,4500,4500,streaming
144,1,1500,-1,56,-1,1500,-1,56,-1,1556,-1,1500,-1,1556,-1,0.1900196075439453,0.014066696166992188,0.016927719116210938,0.0011920928955078125,0.010967254638671875,0.02288818359375,0.00095367431640625,25904,56,1556,7,25,16,16,3.0410289764404297,1.1050701141357422,0,0,0,0,0,0,4500,4500,streaming
1500,-1,56,-1,1556,-1,1556,-1,1556,-1,1500,-1,56,-1,144,1,0.00095367431640625,0.027894973754882812,0.014066696166992188,0.015974044799804688,0.01811981201171875,0.00095367431640625,1.878976821899414,33396,56,1612,5,27,11,21,6.6509246826171875,4.199981689453125,0,0,0,0,0,0,4500,4500,streaming
1500,-1,56,-1,1500,-1,56,-1,1556,-1,1556,-1,1556,-1,1556,-1,0.0011920928955078125,0.03886222839355469,0.00095367431640625,0.0011920928955078125,0.00095367431640625,0.03886222839355469,0.00095367431640625,26528,56,1556,10,22,16,16,6.474971771240234,3.0269622802734375,0,0,0,0,0,0,4500,4500,streaming
1500,-1,1556,-1,56,-1,1500,-1,56,-1,1556,-1,1500,-1,56,-1,0.00095367431640625,0.00095367431640625,0.010013580322265625,0.00095367431640625,0.014066696166992188,0.014066696166992188,0.00095367431640625,32676,56,1556,0,32,11,21,0.3349781036376953,0.03504753112792969,0,0,0,0,0,0,4500,4500,streaming
1500,-1,56,-1,1556,-1,1500,-1,1556,-1,56,-1,1556,-1,1556,-1,0.00095367431640625,0.0011920928955078125,0.03886222839355469,0.00095367431640625,0.00095367431640625,0.04315376281738281,0.00095367431640625,37288,56,1556,0,32,8,24,0.4429817199707031,0.05602836608886719,0,0,0,0,0,0,4500,4500,streaming
1556,-1,1556,-1,56,-1,1500,-1,1556,-1,1556,-1,1556,-1,56,-1,0.0011920928955078125,0.00095367431640625,0.05793571472167969,0.00095367431640625,0.00095367431640625,0.0011920928955078125,0.00095367431640625,40456,56,1556,0,32,6,26,0.5700588226318359,0.1010894775390625,0,0,0,0,0,0,4500,4500,streaming
56,-1,1556,-1,1556,-1,1556,-1,1500,-1,1556,-1,1556,-1,56,-1,0.05316734313964844,0.00095367431640625,0.00095367431640625,0.051975250244140625,0.00095367431640625,0.0011920928955078125,0.00095367431640625,40456,56,1556,0,32,6,26,0.5559921264648438,0.06985664367675781,0,0,0,0,0,0,4500,4500,streaming
1556,-1,56,-1,1500,-1,56,-1,1556,-1,1556,-1,1556,-1,1500,-1,0.00095367431640625,0.0438690185546875,0.0011920928955078125,0.00095367431640625,0.00095367431640625,0.00095367431640625,0.04506111145019531,42012,56,1556,0,32,5,27,0.49495697021484375,0.06008148193359375,0,0,0,0,0,0,4500,4500,streaming
56,-1,1556,-1,1556,-1,1556,-1,1556,-1,1556,-1,1556,-1,1500,-1,0.00095367431640625,0.00095367431640625,0.06413459777832031,0.00095367431640625,0.00095367431640625,0.00095367431640625,0.06318092346191406,35844,56,1556,0,32,9,23,0.42510032653808594,0.07295608520507812,0,0,0,0,0,0,4500,4500,streaming
1500,-1,56,-1,1500,-1,56,-1,1556,-1,1500,-1,56,-1,1500,-1,0.00095367431640625,0.00095367431640625,0.00095367431640625,0.0011920928955078125,0.00095367431640625,0.00095367431640625,0.03910064697265625,37288,56,1612,0,32,8,24,0.49495697021484375,0.06103515625,0,0,0,0,0,0,4500,4500,streaming
1612,-1,1556,-1,1556,-1,1556,-1,1556,-1,1556,-1,1556,-1,1500,-1,0.00095367431640625,0.0011920928955078125,0.06198883056640625,0.00095367431640625,0.06699562072753906,0.00095367431640625,0.06794929504394531,43624,56,3056,0,32,5,27,0.5810260772705078,0.07605552673339844,0,0,0,0,0,0,4500,4500,streaming
1500,-1,56,-1,1500,-1,1556,-1,1556,-1,1556,-1,56,-1,1500,-1,0.0011920928955078125,0.07987022399902344,0.00095367431640625,0.0021457672119140625,0.00095367431640625,0.00095367431640625,0.07700920104980469,32528,56,1556,8,24,12,20,6.299018859863281,3.305196762084961,0,0,0,0,0,0,4500,4500,streaming
576,1,576,1,576,1,576,1,576,1,576,1,576,1,576,1,0.016927719116210938,0.015020370483398438,0.013828277587890625,0.023126602172851562,0.016927719116210938,92.04316139221191,0.030994415283203125,5184,576,576,9,0,0,0,92.18478202819824,92.04316139221191,0,0,0,0,0,0,0,2817,streaming
144,1,144,-1,144,1,656,1,144,-1,1500,-1,56,-1,1500,-1,3.983020782470703,0.9751319885253906,0.3769397735595703,3.7899017333984375,14.50800895690918,0.0021457672119140625,0.02288818359375,14528,56,1500,14,18,20,6,85.15095710754395,21.243810653686523,0,0,0,0,0,0,4500,4500,streaming
56,-1,1500,-1,56,-1,672,-1,160,1,160,1,144,1,224,1,0.011920928955078125,0.00095367431640625,0.00095367431640625,0.9369850158691406,0.02002716064453125,0.15211105346679688,2.337932586669922,21448,56,1556,6,26,16,12,11.404991149902344,4.220008850097656,0,0,0,0,0,0,4500,4500,streaming
144,1,144,1,1500,-1,56,-1,1556,-1,144,1,1500,-1,56,-1,0.02193450927734375,0.2410411834716797,0.031948089599609375,0.03600120544433594,2.0608901977539062,1.3670921325683594,0.00095367431640625,24148,56,1556,6,26,17,15,6.577968597412109,2.0608901977539062,0,0,0,0,0,0,4500,4500,streaming
56,-1,1500,-1,56,-1,1556,-1,1500,-1,56,-1,1500,-1,56,-1,0.032901763916015625,0.0011920928955078125,0.00095367431640625,0.00095367431640625,0.00095367431640625,0.030040740966796875,0.00095367431640625,24060,56,1556,5,27,17,15,2.8409957885742188,0.6320476531982422,0,0,0,0,0,0,4500,4500,streaming
56,-1,1556,-1,1500,-1,56,-1,1556,-1,1500,-1,1556,-1,56,-1,0.04792213439941406,0.0011920928955078125,0.00095367431640625,0.00095367431640625,0.04506111145019531,0.00095367431640625,0.00095367431640625,25384,56,1556,3,29,16,16,1.522064208984375,0.5321502685546875,0,0,0,0,0,0,4500,4500,streaming
144,1,1556,-1,1500,-1,56,-1,1500,-1,56,-1,1500,-1,56,-1,0.7040500640869141,0.052928924560546875,0.00095367431640625,0.08416175842285156,0.00095367431640625,0.04792213439941406,0.00095367431640625,25472,56,1556,4,28,16,16,2.2499561309814453,0.7040500640869141,0,0,0,0,0,0,4500,4500,streaming
1500,-1,56,-1,1500,-1,56,-1,1500,-1,56,-1,1500,-1,1556,-1,0.00095367431640625,0.049114227294921875,0.00095367431640625,0.00095367431640625,0.00095367431640625,0.04506111145019531,0.00095367431640625,23916,56,1556,4,28,17,15,1.5609264373779297,0.3478527069091797,0,0,0,0,0,0,4500,4500,streaming
1500,-1,56,-1,1500,-1,56,-1,1556,-1,1500,-1,56,-1,1500,-1,0.00095367431640625,0.049114227294921875,0.00095367431640625,0.00095367431640625,0.00095367431640625,0.0011920928955078125,0.0438690185546875,25760,56,1556,6,26,16,16,1.3720989227294922,0.2319812774658203,0,0,0,0,0,0,4500,4500,streaming
1556,-1,1500,-1,56,-1,144,1,1500,-1,56,-1,1500,-1,56,-1,0.00095367431640625,0.00095367431640625,0.0059604644775390625,0.03814697265625,0.00095367431640625,0.00095367431640625,0.00095367431640625,26740,56,1556,2,30,15,17,0.6580352783203125,0.23984909057617188,0,0,0,0,0,0,4500,4500,streaming
1500,-1,56,-1,1556,-1,1500,-1,56,-1,1500,-1,1556,-1,56,-1,0.00095367431640625,0.019073486328125,0.8339881896972656,0.00095367431640625,0.026941299438476562,0.00095367431640625,0.00095367431640625,28296,56,1556,2,30,14,18,1.3649463653564453,0.8339881896972656,0,0,0,0,0,0,4500,4500,streaming
1500,-1,56,-1,1500,-1,56,-1,1500,-1,56,-1,1500,-1,56,-1,0.04482269287109375,0.17213821411132812,0.00095367431640625,0.011920928955078125,0.00095367431640625,0.013113021850585938,0.00095367431640625,26396,56,1556,0,32,15,17,0.6718635559082031,0.225067138671875,0,0,0,0,0,0,4500,4500,streaming
56,-1,1500,-1,56,-1,1500,-1,56,-1,1500,-1,1556,-1,56,-1,0.0011920928955078125,0.00095367431640625,0.031948089599609375,0.00095367431640625,0.03600120544433594,0.00095367431640625,0.0011920928955078125,24204,56,1556,6,26,17,15,1.4541149139404297,0.4088878631591797,0,0,0,0,0,0,4500,4500,streaming
144,1,144,-1,144,1,656,1,144,-1,1500,-1,56,-1,1500,-1,3.950834274291992,1.2941360473632812,0.743865966796875,3.946065902709961,14.482975006103516,0.00095367431640625,0.03504753112792969,14584,56,1556,14,18,20,6,87.52584457397461,22.073030471801758,0,0,0,0,0,0,4500,4500,streaming
1556,-1,672,-1,160,1,144,1,224,1,336,1,144,-1,1500,-1,0.00095367431640625,1.0449886322021484,0.01811981201171875,2.644062042236328,0.21600723266601562,4.045963287353516,3.610849380493164,24184,56,1556,4,28,14,14,12.933969497680664,4.045963287353516,0,0,0,0,0,0,4500,4500,streaming
160,1,144,1,144,1,1500,-1,56,-1,1500,-1,56,-1,1500,-1,0.49114227294921875,0.02193450927734375,3.509998321533203,0.0019073486328125,0.026226043701171875,0.02193450927734375,0.7729530334472656,21196,56,1500,7,25,19,13,6.217002868652344,3.509998321533203,0,0,0,0,0,0,4500,4500,streaming
56,-1,1500,-1,56,-1,1500,-1,56,-1,1500,-1,56,-1,1500,-1,0.029802322387695312,0.0011920928955078125,0.00095367431640625,0.00095367431640625,0.030994415283203125,0.00095367431640625,0.00095367431640625,22272,56,1500,3,29,18,14,1.7998218536376953,0.6351470947265625,0,0,0,0,0,0,4500,4500,streaming
1500,-1,56,-1,144,1,1500,-1,56,-1,1500,-1,56,-1,1500,-1,0.028848648071289062,0.4661083221435547,0.9860992431640625,0.00095367431640625,0.011920928955078125,0.014066696166992188,0.031948089599609375,23716,56,1500,3,29,17,15,3.0279159545898438,0.9860992431640625,0,0,0,0,0,0,4500,4500,streaming
56,-1,1500,-1,56,-1,144,1,1500,-1,56,-1,1500,-1,56,-1,0.0011920928955078125,0.00095367431640625,0.3609657287597656,0.27298927307128906,0.030994415283203125,0.17905235290527344,0.00095367431640625,22272,56,1500,3,29,18,14,2.997159957885742,0.9469985961914062,0,0,0,0,0,0,4500,4500,streaming
1500,-1,56,-1,1500,-1,56,-1,1500,-1,56,-1,144,1,144,1,0.00095367431640625,0.027894973754882812,0.0011920928955078125,0.00095367431640625,0.00095367431640625,0.15211105346679688,0.017881393432617188,23772,56,1556,3,29,17,15,1.5518665313720703,0.431060791015625,0,0,0,0,0,0,4500,4500,streaming
1500,-1,56,-1,1500,-1,56,-1,1500,-1,56,-1,1500,-1,56,-1,0.00095367431640625,0.04696846008300781,0.0011920928955078125,0.7898807525634766,0.00095367431640625,0.050067901611328125,0.00095367431640625,24896,56,1500,0,32,16,16,1.8241405487060547,0.7898807525634766,0,0,0,0,0,0,4500,4500,streaming
1500,-1,56,-1,1500,-1,56,-1,1500,-1,56,-1,1500,-1,56,-1,0.00095367431640625,0.6880760192871094,0.00095367431640625,0.051975250244140625,0.00095367431640625,0.00095367431640625,0.00095367431640625,26452,56,1556,0,32,15,17,1.5368461608886719,0.6880760192871094,0,0,0,0,0,0,4500,4500,streaming
1500,-1,56,-1,1556,-1,1500,-1,56,-1,1556,-1,1500,-1,1556,-1,0.00095367431640625,0.0011920928955078125,0.00095367431640625,0.00095367431640625,0.00095367431640625,0.0400543212890625,0.00095367431640625,31120,56,1556,0,32,12,20,0.7441043853759766,0.44417381286621094,0,0,0,0,0,0,4500,4500,streaming
1556,-1,1500,-1,56,-1,1500,-1,56,-1,1500,-1,1556,-1,56,-1,0.7119178771972656,0.0011920928955078125,0.06198883056640625,0.00095367431640625,0.00095367431640625,0.00095367431640625,0.00095367431640625,25616,56,1556,5,27,16,16,10.803937911987305,5.570173263549805,0,0,0,0,0,0,4500,4500,streaming
1500,-1,56,-1,1500,-1,56,-1,1500,-1,56,-1,1500,-1,56,-1,0.00095367431640625,0.00095367431640625,0.00095367431640625,0.0171661376953125,0.00095367431640625,0.02193450927734375,0.00095367431640625,29564,56,1556,0,32,13,19,1.0290145874023438,0.5710124969482422,0,0,0,0,0,0,4500,4500,streaming
1500,1,56,1,1500,1,56,1,1500,1,56,1,1500,1,56,1,0.015020370483398438,0.03981590270996094,0.0011920928955078125,0.04100799560546875,0.0019073486328125,0.010013580322265625,0.00095367431640625,26040,56,1500,32,0,15,17,0.46896934509277344,0.07414817810058594,0,0,0,0,0,0,4500,4500,streaming
56,1,1500,1,56,1,1500,1,56,1,1500,1,56,1,1500,1,0.09202957153320312,0.00095367431640625,0.010967254638671875,0.0171661376953125,0.018835067749023438,0.0011920928955078125,0.015020370483398438,24896,56,1500,32,0,16,16,0.36907196044921875,0.09202957153320312,0,0,0,0,0,0,4500,4500,streaming
56,1,1500,1,56,1,1500,1,56,1,1500,1,56,1,1500,1,0.025033950805664062,0.0019073486328125,0.03218650817871094,0.0019073486328125,0.0019073486328125,0.0011920928955078125,0.031948089599609375,24896,56,1500,32,0,16,16,0.42891502380371094,0.09298324584960938,0,0,0,0,0,0,4500,4500,streaming
1500,1,56,1,1500,1,56,1,1500,1,56,1,1500,1,56,1,0.00095367431640625,0.024080276489257812,0.00095367431640625,0.030040740966796875,0.00095367431640625,0.00095367431640625,0.00095367431640625,24896,56,1500,32,0,16,16,0.28896331787109375,0.04291534423828125,0,0,0,0,0,0,4500,4500,streaming
1500,1,56,1,1500,1,56,1,1500,1,56,1,1500,1,56,1,0.00095367431640625,0.00095367431640625,0.0011920928955078125,0.034809112548828125,0.0011920928955078125,0.00095367431640625,0.00095367431640625,26516,56,1556,31,1,15,17,10.833978652954102,6.723165512084961,0,0,0,0,0,0,4500,4500,streaming
56,1,1500,1,56,1,1500,1,56,1,1500,1,56,1,1500,1,0.0021457672119140625,0.00095367431640625,0.00095367431640625,0.00095367431640625,0.0021457672119140625,0.00095367431640625,0.0050067901611328125,24896,56,1500,32,0,16,16,0.4611015319824219,0.2028942108154297,0,0,0,0,0,0,4500,4500,streaming
56,1,1556,1,1500,1,56,1,1500,1,56,1,1500,1,56,1,0.0021457672119140625,0.03695487976074219,0.00095367431640625,0.00095367431640625,0.00095367431640625,0.04506111145019531,0.00095367431640625,26452,56,1556,32,0,15,17,0.30517578125,0.051975250244140625,0,0,0,0,0,0,4500,4500,streaming
56,1,1500,1,56,1,1500,1,56,1,1500,1,56,1,1500,1,0.00095367431640625,0.00095367431640625,0.05602836608886719,0.00095367431640625,0.00095367431640625,0.0011920928955078125,0.00095367431640625,24952,56,1556,32,0,16,16,0.3178119659423828,0.064849853515625,0,0,0,0,0,0,4500,4500,streaming
1500,1,56,1,1500,1,56,1,1500,1,56,1,1500,1,56,1,0.00095367431640625,0.00095367431640625,0.00095367431640625,0.00095367431640625,0.0011920928955078125,0.06103515625,0.00095367431640625,24896,56,1500,32,0,16,16,0.28896331787109375,0.07104873657226562,0,0,0,0,0,0,4500,4500,streaming
1500,1,56,1,1500,1,56,1,1500,1,56,1,1500,1,56,1,0.00095367431640625,0.00095367431640625,0.0011920928955078125,0.07390975952148438,0.0019073486328125,0.0011920928955078125,0.00095367431640625,24896,56,1500,32,0,16,16,0.24509429931640625,0.07390975952148438,0,0,0,0,0,0,4500,4500,streaming
1500,1,56,1,1500,1,56,1,1500,1,56,1,1556,1,1500,1,0.00095367431640625,0.0021457672119140625,0.00095367431640625,0.0040531158447265625,0.06794929504394531,0.0019073486328125,0.0021457672119140625,26396,56,1556,32,0,15,17,0.34809112548828125,0.08797645568847656,0,0,0,0,0,0,4500,4500,streaming
56,1,1500,1,56,1,1500,1,56,1,1500,1,56,1,1500,1,0.00095367431640625,0.00095367431640625,0.00095367431640625,0.0011920928955078125,0.0050067901611328125,0.0019073486328125,0.00095367431640625,24896,56,1500,32,0,16,16,0.27489662170410156,0.09012222290039062,0,0,0,0,0,0,4500,4500,streaming
1500,1,56,1,1500,1,56,1,1500,1,56,1,672,1,160,-1,0.00095367431640625,0.010967254638671875,0.00095367431640625,0.0209808349609375,0.00095367431640625,0.0011920928955078125,0.8609294891357422,14908,56,1500,21,11,20,7,50.57883262634277,14.588117599487305,0,0,0,0,0,0,4500,4500,streaming
672,1,160,-1,160,-1,144,-1,224,-1,336,-1,144,1,1500,1,1.0008811950683594,0.011920928955078125,0.015974044799804688,2.0630359649658203,0.022172927856445312,4.446983337402344,2.897024154663086,21480,56,1556,25,7,16,12,11.718988418579102,4.446983337402344,0,0,0,0,0,0,4500,4500,streaming
56,1,1500,1,56,1,144,-1,1500,1,56,1,1500,1,56,1,0.02288818359375,0.03218650817871094,1.7559528350830078,2.0329952239990234,0.011920928955078125,0.025033950805664062,0.0209808349609375,23828,56,1556,29,3,17,15,7.343053817749023,2.0329952239990234,0,0,0,0,0,0,4500,4500,streaming
1500,1,56,1,1500,1,56,1,1500,1,56,1,144,-1,1500,1,0.00095367431640625,0.00095367431640625,0.0011920928955078125,0.030994415283203125,0.00095367431640625,0.15091896057128906,0.3581047058105469,24004,56,1556,27,5,17,15,3.985881805419922,1.3988018035888672,0,0,0,0,0,0,4500,4500,streaming
1556,1,56,1,1500,1,56,1,1500,1,56,1,1556,1,1500,1,0.00095367431640625,0.04696846008300781,0.00095367431640625,0.00095367431640625,0.0011920928955078125,0.00095367431640625,0.21886825561523438,23972,56,1556,28,4,17,15,1.4858245849609375,0.5631446838378906,0,0,0,0,0,0,4500,4500,streaming
1500,1,56,1,1500,1,56,1,1556,1,1500,1,56,1,1500,1,0.00095367431640625,0.05698204040527344,0.00095367431640625,0.00095367431640625,0.0011920928955078125,0.00095367431640625,0.04291534423828125,26972,56,1556,28,4,15,17,1.703023910522461,0.5700588226318359,0,0,0,0,0,0,4500,4500,streaming
56,1,144,-1,144,-1,1500,1,56,1,144,-1,1500,1,56,1,0.13303756713867188,0.016927719116210938,0.1919269561767578,0.00095367431640625,0.2601146697998047,0.2219676971435547,0.00095367431640625,21436,56,1556,24,8,19,13,2.1698474884033203,0.3600120544433594,0,0,0,0,0,0,4500,4500,streaming
1500,1,56,1,1500,1,56,1,1500,1,56,1,1556,1,1500,1,0.00095367431640625,0.04792213439941406,0.00095367431640625,0.0011920928955078125,0.00095367431640625,0.00095367431640625,0.04291534423828125,25416,56,1556,28,4,16,16,1.6880035400390625,0.4680156707763672,0,0,0,0,0,0,4500,4500,streaming
1556,1,56,1,1556,1,1500,1,1556,1,56,1,144,-1,144,-1,0.00095367431640625,0.00095367431640625,0.04315376281738281,0.00095367431640625,0.15497207641601562,0.2779960632324219,0.017881393432617188,27084,56,1556,28,4,15,17,1.4469623565673828,0.2779960632324219,0,0,0,0,0,0,4500,4500,streaming
1556,1,1500,1,1556,1,56,1,1556,1,1500,1,56,1,1556,1,0.04506111145019531,0.00095367431640625,0.00095367431640625,0.00095367431640625,0.049114227294921875,0.00095367431640625,0.00095367431640625,25760,56,1556,26,6,16,16,1.0581016540527344,0.3590583801269531,0,0,0,0,0,0,4500,4500,streaming
1500,1,56,1,1500,1,56,1,1500,1,56,1,1556,1,1500,1,0.00095367431640625,0.02384185791015625,0.0011920928955078125,0.025987625122070312,0.00095367431640625,0.00095367431640625,0.025987625122070312,25472,56,1556,28,4,16,16,0.6849765777587891,0.2040863037109375,0,0,0,0,0,0,4500,4500,streaming
144,-1,144,-1,1500,1,56,1,1500,1,56,1,1500,1,1556,1,0.2110004425048828,0.0,0.00095367431640625,0.04506111145019531,0.00095367431640625,0.00095367431640625,0.0011920928955078125,28384,56,1556,29,3,14,18,0.7760524749755859,0.2110004425048828,0,0,0,0,0,0,4500,4500,streaming
144,1,144,-1,144,1,656,1,144,-1,1500,-1,56,-1,1500,-1,3.9339065551757812,1.2731552124023438,1.9159317016601562,4.087924957275391,14.239072799682617,0.0019073486328125,0.024080276489257812,11632,56,1500,15,17,22,4,73.86398315429688,21.72088623046875,0,0,0,0,0,0,4500,4500,streaming
1500,-1,56,-1,1500,-1,56,-1,1500,-1,56,-1,672,-1,160,1,0.00286102294921875,0.014066696166992188,0.00095367431640625,0.00095367431640625,0.00095367431640625,0.009059906005859375,1.2950897216796875,22572,56,1500,4,28,15,13,12.235879898071289,4.210948944091797,0,0,0,0,0,0,4500,4500,streaming
56,-1,1500,-1,56,-1,1500,-1,56,-1,1500,-1,160,1,56,-1,0.03814697265625,0.00095367431640625,0.0209808349609375,0.00095367431640625,0.025987625122070312,0.0,0.00095367431640625,22376,56,1500,4,28,18,14,7.220983505249023,2.335071563720703,0,0,0,0,0,0,4500,4500,streaming
56,-1,1500,-1,56,-1,1500,-1,56,-1,1500,-1,56,-1,1500,-1,0.033855438232421875,0.00095367431640625,0.6949901580810547,0.0011920928955078125,0.04696846008300781,0.00095367431640625,0.00095367431640625,22272,56,1500,3,29,18,14,2.452850341796875,0.6949901580810547,0,0,0,0,0,0,4500,4500,streaming
1500,-1,56,-1,1500,-1,56,-1,144,1,144,1,1500,-1,56,-1,0.0011920928955078125,0.03981590270996094,0.0011920928955078125,0.43582916259765625,0.8599758148193359,0.5521774291992188,0.00095367431640625,25272,56,1556,3,29,16,16,4.029035568237305,1.3248920440673828,0,0,0,0,0,0,4500,4500,streaming
56,-1,1500,-1,56,-1,1500,-1,56,-1,1500,-1,56,-1,1500,-1,0.0011920928955078125,0.00095367431640625,0.04696846008300781,0.00095367431640625,0.3509521484375,0.0011920928955078125,0.24199485778808594,26940,56,1556,3,29,15,17,1.7511844635009766,0.43702125549316406,0,0,0,0,0,0,4500,4500,streaming
144,1,144,1,1500,-1,56,-1,1500,-1,56,-1,1556,-1,1500,-1,0.0209808349609375,0.35691261291503906,0.0021457672119140625,0.04696846008300781,0.00095367431640625,0.00095367431640625,0.00095367431640625,23916,56,1556,4,28,17,15,1.9578933715820312,0.823974609375,0,0,0,0,0,0,4500,4500,streaming
1500,-1,56,-1,1500,-1,56,-1,1500,-1,56,-1,1500,-1,56,-1,0.00095367431640625,0.04887580871582031,0.00095367431640625,0.0011920928955078125,0.00095367431640625,0.0019073486328125,0.00095367431640625,27952,56,1556,0,32,14,18,1.4309883117675781,0.6189346313476562,0,0,0,0,0,0,4500,4500,streaming
1556,-1,56,-1,1500,-1,56,-1,1500,-1,56,-1,1500,-1,1556,-1,0.00095367431640625,0.04291534423828125,0.0011920928955078125,0.00095367431640625,0.00095367431640625,0.00095367431640625,0.00095367431640625,25240,56,1556,2,30,16,16,0.9510517120361328,0.3650188446044922,0,0,0,0,0,0,4500,4500,streaming
1500,-1,56,-1,1500,-1,56,-1,1500,-1,56,-1,1500,-1,56,-1,0.0019073486328125,0.00095367431640625,0.0011920928955078125,0.04100799560546875,0.00095367431640625,0.09989738464355469,0.00095367431640625,25128,56,1556,2,30,16,16,0.5929470062255859,0.11301040649414062,0,0,0,0,0,0,4500,4500,streaming
56,-1,1500,-1,56,-1,144,1,144,1,1500,-1,56,-1,1500,-1,0.00095367431640625,0.0011920928955078125,0.31685829162597656,0.10895729064941406,0.2009868621826172,0.0021457672119140625,0.053882598876953125,23628,56,1500,2,30,17,15,1.4050006866455078,0.31685829162597656,0,0,0,0,0,0,4500,4500,streaming
56,-1,1500,-1,56,-1,1500,-1,56,-1,1500,-1,56,-1,1500,-1,0.0011920928955078125,0.00095367431640625,0.04506111145019531,0.0019073486328125,0.00095367431640625,0.00095367431640625,0.0011920928955078125,23772,56,1556,3,29,17,15,0.9770393371582031,0.3120899200439453,0,0,0,0,0,0,4500,4500,streaming
60,1,60,-1,52,1,569,1,52,-1,2852,-1,1690,-1,52,1,3.5538673400878906,0.5781650543212891,0.7698535919189453,3.576993942260742,14.292001724243164,0.012159347534179688,0.6008148193359375,6593,52,2852,8,5,9,2,92.6508903503418,64.15200233459473,1,0,0,0,0,1,57904,443,streaming
60,1,60,-1,52,1,569,1,52,-1,1458,-1,1458,-1,2208,-1,3.5889148712158203,0.32901763916015625,4.245996475219727,3.4570693969726562,2.1200180053710938,0.018835067749023438,0.026226043701171875,8105,52,2208,9,7,10,3,27.56190299987793,9.135961532592773,1,0,0,0,0,1,55440,443,streaming
88,1,88,-1,81,1,102,-1,102,1,94,-1,611,-1,94,1,0.27298927307128906,178.20000648498535,37.48798370361328,3.6230087280273438,0.45800209045410156,0.39887428283691406,3.6160945892333984,11954,81,1494,16,16,23,5,297.0929145812988,178.20000648498535,0,0,0,0,0,0,0,0,streaming
1494,1,615,1,1494,1,94,-1,106,-1,94,-1,174,-1,292,-1,0.010967254638671875,0.017881393432617188,0.5040168762207031,0.014066696166992188,0.00095367431640625,2.3651123046875,0.010967254638671875,29685,94,1494,21,11,11,18,14.580965042114258,3.902912139892578,0,0,0,0,0,0,0,0,streaming
1494,1,1494,1,1494,1,1494,1,1494,1,1494,1,1494,1,94,-1,0.37598609924316406,0.048160552978515625,0.02384185791015625,0.0011920928955078125,0.025987625122070312,0.00095367431640625,0.030040740966796875,32550,94,2988,20,12,12,20,2.707958221435547,0.5249977111816406,0,0,0,0,0,0,0,0,streaming
1494,1,1494,1,1494,1,1494,1,94,-1,106,-1,94,-1,1494,1,0.0209808349609375,0.0011920928955078125,0.019788742065429688,0.7660388946533203,0.027179718017578125,0.00095367431640625,0.888824462890625,36632,94,1494,24,8,8,24,2.8581619262695312,0.888824462890625,0,0,0,0,0,0,0,0,streaming
1494,1,1494,1,1494,1,1494,1,94,-1,1494,1,1494,1,106,-1,0.025033950805664062,0.02193450927734375,0.022172927856445312,0.0019073486328125,0.00095367431640625,0.02002716064453125,0.0021457672119140625,38020,94,1494,25,7,7,25,1.9071102142333984,0.42891502380371094,0,0,0,0,0,0,0,0,streaming
1494,1,1494,1,1494,1,1494,1,94,-1,94,-1,1494,1,1494,1,0.025987625122070312,0.00095367431640625,0.027179718017578125,0.35381317138671875,0.0011920928955078125,0.8349418640136719,0.03600120544433594,46502,94,2988,30,2,2,30,2.1021366119384766,0.8349418640136719,0,0,0,0,0,0,0,0,streaming
1494,1,1494,1,2988,1,94,-1,94,-1,94,-1,1494,1,1494,1,0.00095367431640625,0.0011920928955078125,0.00095367431640625,0.00095367431640625,0.21791458129882812,0.1690387725830078,0.023126602172851562,42420,94,2988,26,6,6,26,0.988006591796875,0.21791458129882812,0,0,0,0,0,0,0,0,streaming
94,-1,94,-1,94,-1,94,-1,1494,1,1494,1,1494,1,1494,1,0.0011920928955078125,0.0438690185546875,0.00095367431640625,0.3311634063720703,0.034809112548828125,0.030040740966796875,0.04315376281738281,33820,94,1494,22,10,10,22,1.474142074584961,0.6000995635986328,0,0,0,0,0,0,0,0,streaming
106,-1,94,-1,1494,1,1494,1,1494,1,1494,1,1494,1,1494,1,0.00095367431640625,0.8859634399414062,0.04696846008300781,0.019073486328125,0.041961669921875,0.024080276489257812,0.024080276489257812,45020,94,1494,30,2,2,30,1.6510486602783203,0.8859634399414062,0,0,0,0,0,0,0,0,streaming
1494,1,1494,1,1494,1,1494,1,1494,1,1494,1,1494,1,1494,1,0.053882598876953125,0.0011920928955078125,0.05602836608886719,0.00095367431640625,0.05984306335449219,0.0011920928955078125,0.05984306335449219,46408,94,1494,31,1,1,31,0.7328987121582031,0.06604194641113281,0,0,0,0,0,0,0,0,streaming
1494,1,1494,1,1494,1,1494,1,1494,1,1494,1,1494,1,1494,1,0.06198883056640625,0.00095367431640625,0.00095367431640625,0.0591278076171875,0.00095367431640625,0.06198883056640625,0.00095367431640625,38044,94,1494,25,7,7,25,0.5660057067871094,0.06914138793945312,0,0,0,0,0,0,0,0,streaming
1494,1,1494,1,1494,1,2988,1,1494,1,1494,1,1494,1,1494,1,0.06198883056640625,0.00095367431640625,0.00095367431640625,0.00095367431640625,0.057220458984375,0.0629425048828125,0.00095367431640625,47902,94,2988,31,1,1,31,0.8020401000976562,0.06413459777832031,0,0,0,0,0,0,0,0,streaming
60,1,60,-1,52,1,569,1,52,-1,2852,-1,1974,-1,52,1,3.551006317138672,0.5040168762207031,0.3991127014160156,3.556966781616211,14.423847198486328,0.014066696166992188,0.5800724029541016,8078,52,2852,12,8,15,3,36.74793243408203,14.423847198486328,1,0,0,0,0,1,36452,443,streaming
60,1,60,-1,52,1,569,1,52,-1,1452,-1,1452,-1,1452,-1,3.618001937866211,1.0249614715576172,0.03814697265625,3.5560131072998047,14.40882682800293,0.012159347534179688,0.02384185791015625,6995,52,1452,9,9,12,3,76.06792449951172,39.81590270996094,1,0,0,0,0,1,38182,443,streaming
60,1,60,-1,52,1,569,1,52,-1,1452,-1,1452,-1,1653,-1,3.5698413848876953,0.3781318664550781,0.6029605865478516,3.5860538482666016,14.204025268554688,0.011920928955078125,0.015974044799804688,5904,52,1653,9,8,13,3,10101.52006149292,9987.487077713013,1,0,0,0,0,1,41408,443,streaming
1278,1,1278,-1,1278,1,69,1,1278,-1,1278,-1,1278,-1,145,-1,4.189014434814453,2.650022506713867,9.701013565063477,1.6739368438720703,0.026941299438476562,0.030040740966796875,0.011920928955078125,12965,53,1278,15,12,16,7,80.31606674194336,26.333093643188477,0,0,0,0,0,0,44697,443,streaming
60,1,60,-1,52,1,569,1,52,-1,1452,-1,1452,-1,1911,-1,3.573894500732422,0.6129741668701172,1.3840198516845703,3.564119338989258,14.397859573364258,0.015020370483398438,0.013113021850585938,6882,52,1911,8,6,9,3,30.59101104736328,14.397859573364258,1,0,0,0,0,1,34854,443,streaming
1278,1,1278,-1,1278,1,69,1,1278,-1,1278,-1,1278,-1,196,-1,4.309892654418945,2.1169185638427734,11.845111846923828,0.2219676971435547,0.026941299438476562,0.05507469177246094,0.00095367431640625,18024,53,1278,14,18,17,11,74.10001754760742,22.169113159179688,0,0,0,0,0,0,33878,443,streaming
1278,-1,1278,-1,1278,-1,1278,-1,1278,-1,1278,-1,1278,-1,1278,-1,0.015020370483398438,0.025987625122070312,0.019073486328125,0.00095367431640625,0.02288818359375,0.031948089599609375,0.026226043701171875,27787,61,1278,9,23,9,20,3.5049915313720703,1.0399818420410156,0,0,0,0,0,0,33878,443,streaming
61,1,61,1,61,1,61,1,61,1,53,-1,127,1,56,-1,0.024080276489257812,0.015020370483398438,0.011920928955078125,0.12803077697753906,26.22509002685547,1142.0137882232666,3.8700103759765625,3899,53,1143,15,14,26,0,15311.667919158936,14000.946998596191,0,0,0,0,0,0,33878,443,streaming
60,1,60,-1,52,1,569,1,52,-1,1452,-1,1452,-1,2060,-1,3.548145294189453,0.32901763916015625,0.6008148193359375,3.556966781616211,14.15705680847168,0.009059906005859375,0.010013580322265625,9372,52,2060,17,13,23,3,83.24599266052246,28.275012969970703,1,0,0,0,0,1,48760,443,streaming
464,1,528,1,464,1,464,1,380,1,464,1,464,1,464,1,0.010967254638671875,0.0011920928955078125,0.025987625122070312,0.013828277587890625,1023.9260196685791,0.0030994415283203125,292.280912399292,16692,380,928,32,0,0,0,1317.1751499176025,1023.9260196685791,0,0,0,0,0,0,52698,9000,streaming
464,1,464,1,928,1,928,1,464,1,928,1,464,1,464,1,0.00095367431640625,0.03814697265625,0.03886222839355469,0.00095367431640625,0.03910064697265625,0.00095367431640625,0.03695487976074219,18568,464,928,32,0,0,0,0.8170604705810547,0.15091896057128906,0,0,0,0,0,0,52698,9000,streaming
464,1,464,1,464,1,464,1,464,1,928,1,464,1,928,1,0.00095367431640625,0.00095367431640625,0.03719329833984375,0.00095367431640625,0.03790855407714844,0.03910064697265625,0.00095367431640625,19032,464,928,32,0,0,0,0.5519390106201172,0.04100799560546875,0,0,0,0,0,0,52698,9000,streaming
464,1,928,1,928,1,932,1,464,1,928,1,464,1,464,1,0.00095367431640625,0.03790855407714844,0.03910064697265625,0.03886222839355469,0.0011920928955078125,0.03790855407714844,0.00095367431640625,19964,464,932,32,0,0,0,0.8769035339355469,0.1380443572998047,0,0,0,0,0,0,52698,9000,streaming
464,1,928,1,464,1,464,1,464,1,464,1,928,1,464,1,0.03910064697265625,0.03790855407714844,0.00095367431640625,0.03814697265625,0.00095367431640625,0.03910064697265625,0.00095367431640625,19496,464,932,32,0,0,0,0.6630420684814453,0.04100799560546875,0,0,0,0,0,0,52698,9000,streaming
464,1,464,1,464,1,464,1,464,1,464,1,1392,1,932,1,0.0011920928955078125,0.03695487976074219,0.00095367431640625,0.03790855407714844,0.00095367431640625,0.03814697265625,0.03886222839355469,20888,464,1392,32,0,0,1,0.7011890411376953,0.03910064697265625,0,0,0,0,0,0,52698,9000,streaming
464,1,468,1,928,1,928,1,464,1,464,1,928,1,464,1,0.03910064697265625,0.03910064697265625,0.03981590270996094,0.0011920928955078125,0.03695487976074219,0.03886222839355469,0.03910064697265625,19168,132,1392,32,0,1,1,8.53419303894043,7.990121841430664,0,0,0,0,0,0,52698,9000,streaming
464,1,464,1,928,1,464,1,464,1,928,1,464,1,464,1,0.00095367431640625,0.02193450927734375,0.024080276489257812,0.00095367431640625,0.025987625122070312,0.029087066650390625,0.00095367431640625,21268,464,1392,32,0,0,1,1.230001449584961,0.6821155548095703,0,0,0,0,0,0,52698,9000,streaming
928,1,464,1,932,1,928,1,464,1,464,1,464,1,464,1,0.03910064697265625,0.00095367431640625,0.03790855407714844,0.00095367431640625,0.03719329833984375,0.00095367431640625,0.03886222839355469,20428,464,932,32,0,0,0,0.6289482116699219,0.04100799560546875,0,0,0,0,0,0,52698,9000,streaming
464,1,464,1,464,1,464,1,464,1,464,1,464,1,464,1,0.03910064697265625,0.03790855407714844,0.0011920928955078125,0.00095367431640625,0.03695487976074219,0.03910064697265625,0.03886222839355469,14856,464,468,32,0,0,0,0.8370876312255859,0.051975250244140625,0,0,0,0,0,0,52698,9000,streaming
928,1,464,1,464,1,464,1,928,1,464,1,464,1,928,1,0.00095367431640625,0.09703636169433594,0.0011920928955078125,0.04076957702636719,0.0400543212890625,0.0021457672119140625,0.00095367431640625,18104,464,932,32,0,0,0,1.6551017761230469,0.5390644073486328,0,0,0,0,0,0,52698,9000,streaming
464,1,928,1,464,1,464,1,464,1,928,1,464,1,464,1,0.00095367431640625,0.03600120544433594,0.0011920928955078125,0.03886222839355469,0.00095367431640625,0.03719329833984375,0.03981590270996094,17640,464,932,32,0,0,0,0.7991790771484375,0.13589859008789062,0,0,0,0,0,0,52698,9000,streaming
60,1,60,-1,52,1,569,1,52,-1,2852,-1,1975,-1,52,1,3.567934036254883,0.45800209045410156,0.408172607421875,3.556966781616211,14.427900314331055,0.011920928955078125,0.5691051483154297,26006,52,2852,16,16,17,13,33.067941665649414,14.427900314331055,1,0,0,0,0,1,53086,443,streaming
64,1,52,1,1452,-1,2852,-1,1452,-1,1452,-1,2852,-1,4252,-1,0.013113021850585938,2.959012985229492,0.033855438232421875,0.03719329833984375,0.20194053649902344,0.04100799560546875,0.04291534423828125,42312,52,5652,16,16,16,16,7.526159286499023,2.959012985229492,0,1,0,0,0,1,53086,443,streaming
5652,-1,4252,-1,2852,-1,1452,-1,5652,-1,1452,-1,52,1,52,1,0.06079673767089844,0.06413459777832031,0.26798248291015625,0.06103515625,0.06103515625,0.10800361633300781,0.0247955322265625,60512,52,5652,16,16,16,16,2.9048919677734375,0.4601478576660156,0,1,0,0,0,1,53086,443,streaming
4252,-1,2852,-1,2852,-1,52,1,64,1,52,1,1452,-1,5652,-1,0.06318092346191406,0.06103515625,0.6449222564697266,0.025033950805664062,0.015974044799804688,0.45108795166015625,0.06198883056640625,87088,52,5652,8,24,8,24,3.195047378540039,0.6449222564697266,0,1,0,0,0,1,53086,443,streaming
64,1,64,1,52,1,52,1,52,1,52,1,1452,-1,5652,-1,0.0011920928955078125,0.00095367431640625,0.00095367431640625,0.011920928955078125,0.0011920928955078125,0.3650188446044922,0.0629425048828125,73100,52,5652,13,19,13,19,2.268075942993164,0.3650188446044922,0,1,0,0,0,1,53086,443,streaming
64,1,52,1,1452,-1,5652,-1,4252,-1,2852,-1,5652,-1,4252,-1,0.02002716064453125,0.3108978271484375,0.06198883056640625,0.06103515625,0.0629425048828125,0.06198883056640625,0.06222724914550781,89888,52,5652,7,25,7,25,2.1810531616210938,0.3387928009033203,0,1,0,0,0,1,53086,443,streaming
1452,-1,5652,-1,4252,-1,2852,-1,5652,-1,4252,-1,4252,-1,2852,-1,0.0629425048828125,0.06103515625,0.0629425048828125,0.06198883056640625,0.06198883056640625,0.0629425048828125,0.06103515625,81500,52,7052,10,22,10,22,1.5239715576171875,0.12493133544921875,0,1,0,0,0,1,53086,443,streaming
5652,-1,2852,-1,4252,-1,4252,-1,2852,-1,5652,-1,2852,-1,1452,-1,0.06103515625,0.06389617919921875,0.06103515625,0.06103515625,0.06198883056640625,0.06008148193359375,0.06389617919921875,88488,52,7052,5,27,5,27,1.764059066772461,0.22792816162109375,0,1,0,0,0,1,53086,443,streaming
4252,-1,4252,-1,4252,-1,4252,-1,4252,-1,2852,-1,4252,-1,2852,-1,0.06580352783203125,0.0591278076171875,0.06198883056640625,0.06008148193359375,0.06079673767089844,0.06318092346191406,0.06103515625,91276,52,5652,6,26,6,26,1.550912857055664,0.1289844512939453,0,1,0,0,0,1,53086,443,streaming
1452,-1,1452,-1,1452,-1,1452,-1,1452,-1,8452,-1,7052,-1,7052,-1,0.0629425048828125,0.0591278076171875,0.06198883056640625,0.0,0.0629425048828125,0.06008148193359375,0.06389617919921875,105276,52,8452,5,27,5,27,2.070903778076172,0.4200935363769531,0,1,0,0,0,1,53086,443,streaming
1452,-1,1452,-1,52,1,52,1,52,1,64,1,64,1,1452,-1,0.06103515625,0.04315376281738281,0.00095367431640625,0.00095367431640625,0.00095367431640625,0.00095367431640625,0.015020370483398438,85688,52,8452,7,25,7,25,1.4700889587402344,0.14591217041015625,0,1,0,0,0,1,53086,443,streaming
1452,-1,1452,-1,1452,-1,1452,-1,1452,-1,8452,-1,7052,-1,1452,-1,0.06389617919921875,0.06103515625,0.06103515625,0.0,0.06389617919921875,0.06008148193359375,0.0629425048828125,85688,52,8452,5,27,5,27,1.508951187133789,0.102996826171875,0,1,0,0,0,1,53086,443,streaming
60,1,60,-1,52,1,569,1,52,-1,1452,-1,1452,-1,1690,-1,3.5550594329833984,0.8840560913085938,6.053924560546875,3.5789012908935547,14.419078826904297,0.026941299438476562,0.049114227294921875,6529,52,1690,6,6,7,3,69.21815872192383,35.3090763092041,1,0,0,0,0,1,48372,443,streaming
60,1,60,-1,52,1,569,1,52,-1,2852,-1,1452,-1,1452,-1,3.5309791564941406,0.8628368377685547,0.04506111145019531,3.590106964111328,14.275789260864258,0.008106231689453125,0.014066696166992188,9058,52,2852,8,7,9,4,28.835773468017578,14.275789260864258,1,0,0,0,0,1,39060,443,streaming
60,1,60,-1,52,1,569,1,52,-1,2852,-1,2110,-1,52,1,3.576040267944336,0.6451606750488281,0.43892860412597656,3.6270618438720703,15.369892120361328,0.015020370483398438,0.6890296936035156,8569,52,2852,14,8,16,2,69.4730281829834,34.28792953491211,1,0,0,0,0,1,48468,443,streaming
60,1,60,-1,52,1,569,1,52,-1,1458,-1,1458,-1,2208,-1,3.4618377685546875,0.6320476531982422,2.4509429931640625,3.7431716918945312,1.5609264373779297,0.024080276489257812,0.026941299438476562,8105,52,2208,9,7,10,3,29.039859771728516,9.948968887329102,1,0,0,0,0,1,48520,443,streaming
1278,1,1278,-1,1278,1,69,1,1278,-1,1278,-1,1274,-1,53,-1,4.256963729858398,2.190828323364258,10.56814193725586,0.9398460388183594,0.021219253540039062,0.04482269287109375,0.0011920928955078125,10953,53,1278,12,10,14,7,56.82492256164551,23.761987686157227,0,0,0,0,0,0,40085,443,streaming
60,1,60,-1,52,1,569,1,52,-1,2852,-1,1912,-1,52,1,3.5619735717773438,0.61798095703125,0.6320476531982422,3.5648345947265625,14.38593864440918,0.013113021850585938,0.5879402160644531,6831,52,2852,8,5,9,2,29.280900955200195,14.38593864440918,1,0,0,0,0,1,57226,443,streaming
1278,1,1278,-1,1278,1,1278,-1,1278,-1,1278,-1,749,-1,69,1,4.264116287231445,3.863096237182617,10.186910629272461,0.016927719116210938,0.04696846008300781,0.012159347534179688,0.865936279296875,13765,53,1278,17,15,21,6,86.79413795471191,29.11520004272461,0,0,0,0,0,0,37670,443,streaming
60,1,60,-1,52,1,569,1,52,-1,1452,-1,1452,-1,2054,-1,3.5429000854492188,0.43702125549316406,0.43892860412597656,3.5610198974609375,14.27006721496582,0.010967254638671875,0.015020370483398438,7077,52,2054,9,6,10,3,29.50286865234375,14.27006721496582,1,0,0,0,0,1,47454,443,streaming
81,1,94,1,102,-1,102,1,94,-1,611,-1,94,1,1494,1,584.719181060791,9.111881256103516,3.629922866821289,0.45418739318847656,0.35691261291503906,3.6139488220214844,14.454126358032227,25911,81,1494,22,10,13,15,626.6369819641113,584.719181060791,0,0,0,0,0,0,0,0,streaming
94,-1,1494,1,94,-1,200,-1,94,-1,106,-1,94,-1,1494,1,0.018835067749023438,0.00095367431640625,0.0011920928955078125,0.38695335388183594,0.00095367431640625,0.023126602172851562,3.239870071411133,29750,94,1494,19,13,12,19,5.034923553466797,3.239870071411133,0,0,0,0,0,0,0,0,streaming
94,-1,94,-1,1494,1,1494,1,1494,1,1494,1,94,-1,106,-1,0.1571178436279297,0.4038810729980469,0.02002716064453125,0.0209808349609375,0.019073486328125,0.3829002380371094,0.024080276489257812,33832,94,1494,22,10,10,22,4.821062088012695,2.568960189819336,0,0,0,0,0,0,0,0,streaming
1494,1,1494,1,1494,1,1494,1,1494,1,1494,1,1494,1,1494,1,0.019788742065429688,0.023126602172851562,0.025033950805664062,0.00095367431640625,0.025033950805664062,0.00095367431640625,0.028133392333984375,43608,94,1494,29,3,3,29,2.232789993286133,0.7410049438476562,0,0,0,0,0,0,0,0,streaming
1494,1,1494,1,1494,1,1494,1,1494,1,1494,1,1494,1,1494,1,0.45800209045410156,0.04792213439941406,0.032901763916015625,0.03504753112792969,0.03695487976074219,0.0021457672119140625,0.03886222839355469,40820,94,1494,27,5,5,27,1.3189315795898438,0.45800209045410156,0,0,0,0,0,0,0,0,streaming
1494,1,1494,1,1494,1,1494,1,1494,1,1494,1,1494,1,1494,1,0.00095367431640625,0.05817413330078125,0.06198883056640625,0.0019073486328125,0.00095367431640625,0.05817413330078125,0.00095367431640625,42232,94,1494,28,4,4,28,1.2040138244628906,0.5891323089599609,0,0,0,0,0,0,0,0,streaming
1494,1,1494,1,94,-1,94,-1,94,-1,94,-1,1494,1,1494,1,0.03814697265625,0.00095367431640625,0.04601478576660156,0.3910064697265625,0.14400482177734375,0.6449222564697266,0.04792213439941406,42208,94,1494,28,4,4,28,1.8901824951171875,0.6449222564697266,0,0,0,0,0,0,0,0,streaming
1494,1,1494,1,1494,1,1494,1,1494,1,1494,1,1494,1,1494,1,0.00095367431640625,0.09489059448242188,0.0011920928955078125,0.051975250244140625,0.05602836608886719,0.00095367431640625,0.00095367431640625,46408,94,1494,31,1,1,31,1.0080337524414062,0.24700164794921875,0,0,0,0,0,0,0,0,streaming
1494,1,1494,1,1494,1,1494,1,94,-1,1494,1,1494,1,1494,1,0.0011920928955078125,0.0019073486328125,0.06103515625,0.0019073486328125,0.0021457672119140625,0.05793571472167969,0.0019073486328125,42220,94,1494,28,4,4,28,0.5490779876708984,0.0629425048828125,0,0,0,0,0,0,0,0,streaming
1494,1,1494,1,94,-1,1494,1,1494,1,1494,1,1494,1,1494,1,0.00095367431640625,0.06794929504394531,0.00095367431640625,0.00095367431640625,0.0011920928955078125,0.05888938903808594,0.0019073486328125,46408,94,1494,31,1,1,31,0.7488727569580078,0.06794929504394531,0,0,0,0,0,0,0,0,streaming
1494,1,1494,1,1494,1,1494,1,1494,1,1494,1,1494,1,1494,1,0.00095367431640625,0.06389617919921875,0.00095367431640625,0.0011920928955078125,0.00095367431640625,0.00095367431640625,0.05602836608886719,33938,94,2988,21,11,11,21,0.5438327789306641,0.08797645568847656,0,0,0,0,0,0,0,0,streaming
1494,1,1494,1,1494,1,1494,1,1494,1,1494,1,1494,1,1494,1,0.03504753112792969,0.024080276489257812,0.03695487976074219,0.024080276489257812,0.02288818359375,0.03910064697265625,0.025033950805664062,47808,1494,1494,32,0,0,32,0.8330345153808594,0.06985664367675781,0,0,0,0,0,0,0,0,streaming
140,1,2880,-1,2880,-1,1460,-1,1460,-1,1460,-1,1460,-1,2880,-1,4.060029983520508,0.015974044799804688,0.010967254638671875,0.026941299438476562,0.0021457672119140625,0.010967254638671875,0.017881393432617188,33102,40,2880,13,19,12,18,378.83901596069336,263.81492614746094,0,1,0,0,1,1,10908,8291,streaming
1460,-1,1460,-1,1460,-1,1460,-1,2880,-1,1460,-1,40,1,40,1,0.0171661376953125,0.00095367431640625,0.016927719116210938,0.0209808349609375,0.022172927856445312,28.357982635498047,0.00095367431640625,33694,40,2880,11,21,12,18,1120.063066482544,626.9779205322266,0,1,0,0,0,1,10908,8291,streaming
40,1,40,1,140,1,1608,-1,156,1,1460,-1,40,1,1162,-1,31.77189826965332,459.28406715393066,1.0039806365966797,62.71195411682129,21.438121795654297,45.340776443481445,0.05602836608886719,28990,40,2880,14,18,14,15,826.805830001831,459.28406715393066,0,1,0,0,0,1,10908,8291,streaming
1330,-1,40,1,40,1,40,1,140,1,1460,-1,1460,-1,2880,-1,65.86480140686035,31.27002716064453,41.67604446411133,94.53701972961426,8.99195671081543,0.03409385681152344,0.00095367431640625,33012,40,2880,12,20,13,17,1350.9888648986816,452.2829055786133,0,1,0,0,1,1,10908,8291,streaming
1460,-1,2880,-1,40,1,40,1,2880,-1,660,-1,40,1,40,1,0.01811981201171875,32.28902816772461,0.00286102294921875,0.06604194641113281,0.010967254638671875,4.966020584106445,30.328035354614258,29246,40,2880,14,18,15,14,800.8301258087158,326.7509937286377,0,1,0,0,1,1,10908,8291,streaming
40,1,40,1,156,1,2880,-1,2880,-1,1330,-1,40,1,40,1,18.339157104492188,5.519866943359375,1.8961429595947266,0.012874603271484375,0.010967254638671875,28.251171112060547,0.0019073486328125,28782,40,2880,15,17,15,15,619.1220283508301,216.30096435546875,0,1,0,0,0,1,10908,8291,streaming
158,-1,1460,-1,40,1,40,1,188,-1,40,1,140,1,2880,-1,0.9429454803466797,3.557920455932617,27.97722816467285,0.03695487976074219,25.30503273010254,720.6079959869385,9.222984313964844,24486,40,2880,14,18,17,12,1180.7608604431152,720.6079959869385,0,1,0,0,1,1,10908,8291,streaming
40,1,140,1,1460,-1,1460,-1,1460,-1,1460,-1,1460,-1,1460,-1,195.74308395385742,4.09698486328125,0.010013580322265625,0.00095367431640625,0.008106231689453125,0.011920928955078125,0.015020370483398438,32036,40,2880,13,19,13,18,586.7691040039062,236.6788387298584,0,1,0,0,0,1,10908,8291,streaming
1460,-1,1460,-1,1460,-1,1460,-1,1460,-1,1460,-1,40,1,40,1,0.014066696166992188,0.016927719116210938,0.00095367431640625,0.015974044799804688,0.021219253540039062,24.69491958618164,0.00095367431640625,31754,40,2880,14,18,15,16,1108.124017715454,826.0939121246338,0,1,0,0,1,1,10908,8291,streaming
676,-1,40,1,1460,-1,40,1,40,1,40,1,1162,-1,40,1,0.06985664367675781,0.9779930114746094,5.306005477905273,27.15301513671875,0.0011920928955078125,0.0820159912109375,26.964902877807617,26670,40,2880,16,16,16,12,695.1649188995361,298.52986335754395,0,1,0,0,1,1,10908,8291,streaming
1460,-1,1460,-1,1330,-1,40,1,40,1,156,1,1044,-1,1460,-1,0.010967254638671875,0.011920928955078125,26.342153549194336,0.0019073486328125,281.1999320983887,0.92315673828125,0.4189014434814453,28400,40,2880,14,18,15,14,1355.2210330963135,880.8948993682861,0,1,0,0,0,1,10908,8291,streaming
126,-1,140,1,2880,-1,2880,-1,1460,-1,1460,-1,1460,-1,1460,-1,73.15802574157715,8.948087692260742,0.012874603271484375,0.011205673217773438,0.011920928955078125,0.014066696166992188,0.015974044799804688,36714,40,2880,12,20,13,17,740.8251762390137,403.93900871276855,0,1,0,0,1,1,10908,8291,streaming
60,1,60,-1,52,1,569,1,52,-1,1452,-1,1452,-1,2063,-1,3.576993942260742,0.6511211395263672,0.3390312194824219,3.5638809204101562,14.240026473999023,0.029087066650390625,0.025987625122070312,8612,52,2063,16,12,21,3,112.83993721008301,43.11990737915039,1,0,0,0,0,1,49998,443,streaming
1278,1,1278,-1,1278,1,69,1,1278,-1,1278,-1,1278,-1,822,-1,4.269838333129883,2.310037612915039,10.025978088378906,1.5680789947509766,0.015020370483398438,0.04506111145019531,0.012874603271484375,14060,53,1278,15,14,18,8,111.20104789733887,29.005050659179688,0,0,0,0,0,0,44363,443,streaming
1278,1,1278,-1,1278,1,1278,-1,1278,-1,1278,-1,816,-1,69,1,4.260063171386719,2.5038719177246094,11.569976806640625,0.0021457672119140625,0.010967254638671875,0.00095367431640625,1.2841224670410156,23055,55,1278,13,19,13,15,85.78109741210938,39.77704048156738,0,0,0,0,0,0,41855,443,streaming
1278,-1,1278,-1,91,-1,1273,-1,1278,-1,1278,-1,921,-1,123,-1,0.02193450927734375,0.00095367431640625,0.7281303405761719,0.024080276489257812,0.0247955322265625,0.0011920928955078125,0.3337860107421875,16609,61,1278,11,21,17,10,5.048990249633789,1.0211467742919922,0,0,0,0,0,0,41855,443,streaming
61,1,61,1,61,1,61,1,53,-1,188,1,55,-1,61,1,0.1728534698486328,0.43511390686035156,197.21698760986328,29.60801124572754,24.550914764404297,4.158973693847656,25.889158248901367,21416,53,2556,11,21,16,14,391.02697372436523,197.21698760986328,0,0,0,0,0,0,41855,443,streaming
1278,-1,1278,-1,1558,-1,61,1,61,1,61,1,61,1,61,1,0.0011920928955078125,0.028848648071289062,0.5249977111816406,0.20003318786621094,0.023126602172851562,0.1499652862548828,0.015020370483398438,22884,61,2556,15,17,16,14,11.752128601074219,7.510185241699219,0,0,0,0,0,0,41855,443,streaming
1271,-1,1278,-1,1278,-1,1278,-1,1278,-1,1278,-1,2556,-1,1278,-1,0.015020370483398438,0.013828277587890625,0.0171661376953125,0.017881393432617188,0.02193450927734375,0.023126602172851562,0.02288818359375,36690,61,2556,7,25,7,22,1.5439987182617188,0.35309791564941406,0,0,0,0,0,0,41855,443,streaming
1278,-1,267,-1,61,1,61,1,1271,-1,445,-1,61,1,61,1,0.04482269287109375,0.014066696166992188,0.02002716064453125,0.09703636169433594,0.00095367431640625,0.05793571472167969,0.022172927856445312,36949,61,2556,8,24,8,20,4.973888397216797,1.1000633239746094,0,0,0,0,0,0,41855,443,streaming
2556,-1,1278,-1,2375,-1,61,1,61,1,61,1,54,-1,1274,1,0.0011920928955078125,0.055789947509765625,0.6351470947265625,1.4028549194335938,197.1731185913086,28.994083404541016,48.05779457092285,21792,54,2556,10,22,15,11,421.18120193481445,197.1731185913086,0,0,0,0,0,0,41855,443,streaming
61,1,1271,-1,1278,-1,294,-1,1271,-1,73,-1,61,1,1271,-1,0.17595291137695312,0.031948089599609375,0.0021457672119140625,0.5338191986083984,0.0021457672119140625,0.46181678771972656,0.6351470947265625,18231,54,1278,9,23,15,11,44.20185089111328,11.29603385925293,0,0,0,0,0,0,41855,443,streaming
54,-1,183,1,129,1,57,-1,61,1,57,-1,126,1,135,1,2055.595874786377,3.007173538208008,0.9539127349853516,1.9221305847167969,1.3229846954345703,0.4019737243652344,1.1048316955566406,6159,54,1278,15,17,29,3,2237.823963165283,2055.595874786377,0,0,0,0,0,0,41855,443,streaming
64,1,54,-1,54,-1,1143,1,499,1,57,-1,61,1,57,-1,2.537965774536133,26.01909637451172,675.0619411468506,3.114938735961914,0.8480548858642578,2.2161006927490234,0.8959770202636719,5664,54,1143,15,17,26,0,795.7899570465088,675.0619411468506,0,0,0,0,0,0,41855,443,streaming
66,-1,64,1,64,1,54,-1,1274,1,80,1,57,-1,54,-1,5.244016647338867,0.24700164794921875,4.503965377807617,110.01801490783691,0.0019073486328125,4.002094268798828,0.5979537963867188,25075,54,1278,25,7,13,19,929.5780658721924,772.8829383850098,0,0,0,0,0,0,41855,443,streaming
1278,1,1278,1,2556,1,1278,1,1278,1,2556,1,2556,1,1278,1,0.03886222839355469,0.00095367431640625,0.0011920928955078125,0.03886222839355469,0.00095367431640625,0.04100799560546875,0.04410743713378906,36362,54,2556,25,7,6,25,37.51802444458008,26.39484405517578,0,0,0,0,0,0,41855,443,streaming
1278,1,1278,-1,1278,-1,1278,-1,1278,-1,425,-1,69,1,69,1,5.894899368286133,0.014066696166992188,0.04506111145019531,0.031948089599609375,0.013113021850585938,3.3538341522216797,0.012159347534179688,19590,53,1278,14,18,14,12,29.24799919128418,6.949901580810547,0,0,0,0,0,0,52951,443,streaming
1278,-1,1278,-1,1278,-1,1278,-1,1278,-1,1278,-1,1278,-1,1278,-1,0.0019073486328125,0.0209808349609375,0.027179718017578125,0.0019073486328125,0.025987625122070312,0.031948089599609375,0.00095367431640625,28728,61,1278,10,22,10,22,2.4709701538085938,0.8680820465087891,0,0,0,0,0,0,52951,443,streaming
1278,-1,1278,-1,1278,-1,1278,-1,1278,-1,1278,-1,1278,-1,1278,-1,0.00095367431640625,0.0019073486328125,0.048160552978515625,0.0019073486328125,0.00095367431640625,0.048160552978515625,0.0019073486328125,26295,61,1278,12,20,12,20,3.9718151092529297,1.7731189727783203,0,0,0,0,0,0,52951,443,streaming
1278,-1,1278,-1,1278,-1,1278,-1,1278,-1,889,-1,54,-1,61,1,0.0019073486328125,0.051975250244140625,0.0021457672119140625,0.00095367431640625,0.0019073486328125,0.00095367431640625,0.5431175231933594,28395,53,1278,7,25,10,21,44.21687126159668,22.964000701904297,0,0,0,0,0,0,52951,443,streaming
1278,-1,1278,-1,1278,-1,1278,-1,1278,-1,1278,-1,1278,-1,1278,-1,0.00095367431640625,0.032901763916015625,0.03719329833984375,0.0019073486328125,0.03790855407714844,0.0011920928955078125,0.00095367431640625,32380,61,1278,7,25,7,25,1.3380050659179688,0.415802001953125,0,0,0,0,0,0,52951,443,streaming
1278,-1,1278,-1,61,1,1278,-1,1278,-1,1278,-1,1278,-1,1278,-1,0.00095367431640625,0.00095367431640625,0.0011920928955078125,0.00095367431640625,0.051975250244140625,0.0019073486328125,0.00095367431640625,28726,61,1278,10,22,10,22,1.2459754943847656,0.2830028533935547,0,0,0,0,0,0,52951,443,streaming
1278,-1,1278,-1,1278,-1,1278,-1,1278,-1,1278,-1,1278,-1,1278,-1,0.05602836608886719,0.0021457672119140625,0.06198883056640625,0.0019073486328125,0.00095367431640625,0.00095367431640625,0.05507469177246094,30579,54,1278,6,26,8,22,239.6409511566162,202.54111289978027,0,0,0,0,0,0,52951,443,streaming
1278,-1,1278,-1,1278,-1,1278,-1,1278,-1,1278,-1,1278,-1,1278,-1,0.00095367431640625,0.0209808349609375,0.025033950805664062,0.027894973754882812,0.00095367431640625,0.025987625122070312,0.030994415283203125,43452,1278,2556,0,32,0,32,0.7259845733642578,0.05602836608886719,0,0,0,0,0,0,52951,443,streaming
1278,-1,1278,-1,1278,-1,1278,-1,1278,-1,64,1,1278,-1,1278,-1,0.00095367431640625,0.00095367431640625,0.05602836608886719,0.0019073486328125,0.4241466522216797,0.4630088806152344,0.06103515625,40960,64,2556,1,31,1,31,1.4350414276123047,0.4630088806152344,0,0,0,0,0,0,52951,443,streaming
1278,-1,1278,-1,1278,-1,1278,-1,1278,-1,1278,-1,1278,-1,1278,-1,0.053882598876953125,0.00095367431640625,0.06222724914550781,0.00095367431640625,0.00095367431640625,0.05698204040527344,0.00095367431640625,16863,54,1278,13,19,18,10,1899.4979858398438,1863.426923751831,0,0,0,0,0,0,52951,443,streaming
1278,-1,1278,-1,1278,-1,1278,-1,1278,-1,1278,-1,1278,-1,1278,-1,0.02193450927734375,0.01811981201171875,0.02193450927734375,0.00095367431640625,0.04506111145019531,0.0019073486328125,0.030040740966796875,31060,54,1278,6,26,7,23,974.3831157684326,969.4571495056152,0,0,0,0,0,0,52951,443,streaming
57,-1,151,-1,1274,-1,1278,-1,1278,-1,1278,-1,1278,-1,1278,-1,1.2178421020507812,0.07009506225585938,0.11706352233886719,0.027894973754882812,0.023126602172851562,0.016927719116210938,0.0209808349609375,38544,57,1278,0,32,2,30,1.9598007202148438,1.2178421020507812,0,0,0,0,0,0,52951,443,streaming
1278,1,1278,-1,1278,1,1278,-1,1278,-1,1278,-1,530,-1,69,1,4.355907440185547,2.699136734008789,12.14599609375,0.012874603271484375,0.030040740966796875,0.014066696166992188,4.464864730834961,22662,53,1278,12,20,12,15,176.81407928466797,60.95314025878906,0,0,0,0,0,0,36773,443,streaming
1278,-1,1278,-1,1278,-1,1278,-1,1278,-1,1278,-1,1278,-1,1278,-1,0.0171661376953125,0.017881393432617188,0.0209808349609375,0.023126602172851562,0.00095367431640625,0.024080276489257812,0.026941299438476562,27952,61,1278,10,22,10,21,3.0629634857177734,0.96893310546875,0,0,0,0,0,0,36773,443,streaming
504,-1,807,-1,61,1,61,1,61,1,61,1,53,-1,61,1,0.00095367431640625,1.2810230255126953,0.015020370483398438,0.07081031799316406,0.1571178436279297,26.160001754760742,0.019073486328125,17719,53,2297,14,18,19,11,2196.0909366607666,1783.026933670044,0,0,0,0,0,0,36773,443,streaming
198,1,184,1,184,1,183,1,184,1,56,-1,56,-1,56,-1,0.576019287109375,0.19788742065429688,0.18095970153808594,0.1850128173828125,2.6390552520751953,0.5700588226318359,0.1690387725830078,16734,54,1278,13,19,20,11,20.392894744873047,9.796857833862305,0,0,0,0,0,0,36773,443,streaming
1278,-1,1278,-1,1278,-1,464,-1,64,1,61,1,61,1,1274,-1,0.04601478576660156,0.013113021850585938,0.0209808349609375,1.0039806365966797,0.019073486328125,0.18095970153808594,15.794992446899414,24434,54,1278,10,22,12,17,144.9429988861084,114.17794227600098,0,0,0,0,0,0,36773,443,streaming
1278,-1,1278,-1,1278,-1,1278,-1,1278,-1,1278,-1,1278,-1,1278,-1,0.0209808349609375,0.02193450927734375,0.0021457672119140625,0.02384185791015625,0.025033950805664062,0.029087066650390625,0.032901763916015625,34594,61,1278,5,27,5,26,2.3810863494873047,1.02996826171875,0,0,0,0,0,0,36773,443,streaming
1278,-1,1278,-1,1278,-1,1278,-1,2556,-1,1278,-1,1278,-1,1278,-1,0.00095367431640625,0.0011920928955078125,0.053882598876953125,0.00095367431640625,0.00095367431640625,0.05412101745605469,0.00095367431640625,38282,61,2556,4,28,4,27,2.841949462890625,1.1110305786132812,0,0,0,0,0,0,36773,443,streaming
1278,-1,1278,-1,1278,-1,1278,-1,1278,-1,1278,-1,1278,-1,61,1,0.054836273193359375,0.0011920928955078125,0.00095367431640625,0.05888938903808594,0.00095367431640625,0.0011920928955078125,1.1777877807617188,39511,61,2556,3,29,3,28,3.5648345947265625,1.1777877807617188,0,0,0,0,0,0,36773,443,streaming
1278,-1,1278,-1,1278,-1,1278,-1,1278,-1,2556,-1,1278,-1,1278,-1,0.00095367431640625,0.00095367431640625,0.05602836608886719,0.00095367431640625,0.00095367431640625,0.0591278076171875,0.00095367431640625,39740,61,2556,2,30,2,30,1.6858577728271484,0.6699562072753906,0,0,0,0,0,0,36773,443,streaming
1521,-1,61,1,61,1,61,1,185,1,57,-1,1274,-1,1278,-1,1.2309551239013672,0.015020370483398438,0.25916099548339844,751.8880367279053,3.7958621978759766,0.61798095703125,0.022172927856445312,23362,57,1910,11,21,14,16,824.1159915924072,751.8880367279053,0,0,0,0,0,0,36773,443,streaming
64,1,61,1,166,1,57,-1,1274,-1,1278,-1,1278,-1,1278,-1,8.027076721191406,9.037971496582031,4.559993743896484,1.422882080078125,0.011205673217773438,0.011920928955078125,0.014066696166992188,35896,57,1278,3,29,4,27,23.559093475341797,9.037971496582031,0,0,0,0,0,0,36773,443,streaming
1278,-1,1278,-1,1278,-1,1278,-1,1278,-1,1278,-1,1278,-1,1278,-1,0.050067901611328125,0.00095367431640625,0.00095367431640625,0.00095367431640625,0.0400543212890625,0.0021457672119140625,0.04887580871582031,40594,983,1278,0,32,0,31,0.8699893951416016,0.2579689025878906,0,0,0,0,0,0,36773,443,streaming
60,1,60,-1,52,1,569,1,52,-1,1452,-1,2852,-1,1452,-1,3.5588741302490234,0.6129741668701172,0.3380775451660156,3.5779476165771484,14.678001403808594,0.014066696166992188,0.025987625122070312,14621,52,2852,19,13,21,5,47.21689224243164,14.678001403808594,1,0,0,0,0,1,58902,443,streaming
1278,1,1278,-1,1278,1,69,1,1278,-1,1278,-1,1278,-1,139,-1,4.286050796508789,3.323078155517578,10.154962539672852,0.43702125549316406,0.0040531158447265625,0.03600120544433594,0.012874603271484375,12214,53,1278,14,12,16,7,87.11004257202148,25.467872619628906,0,0,0,0,0,0,44450,443,streaming
60,1,60,-1,52,1,569,1,52,-1,1452,-1,1452,-1,2053,-1,3.5550594329833984,0.5860328674316406,0.55694580078125,3.5440921783447266,14.146089553833008,0.008821487426757812,0.013113021850585938,7012,52,2053,8,6,9,3,32.24515914916992,14.146089553833008,1,0,0,0,0,1,39986,443,streaming
60,1,60,-1,52,1,569,1,52,-1,1452,-1,1452,-1,2063,-1,3.545045852661133,0.5087852478027344,0.57220458984375,3.549814224243164,14.554023742675781,0.012159347534179688,0.012874603271484375,8820,52,2063,18,14,25,3,91144.3738937378,45935.06908416748,1,0,0,0,0,1,54290,443,streaming
60,1,60,-1,52,1,569,1,52,-1,1450,-1,1450,-1,2446,-1,62.13092803955078,0.5860328674316406,0.2739429473876953,55.60111999511719,1.979827880859375,0.025987625122070312,0.028133392333984375,7301,40,2446,12,11,18,3,63388.42296600342,46845.63493728638,1,0,0,0,0,1,57250,443,streaming
60,1,60,-1,52,1,569,1,52,-1,1346,-1,1346,-1,1346,-1,55.11307716369629,0.5970001220703125,0.25391578674316406,55.10997772216797,2.665996551513672,0.04410743713378906,0.03886222839355469,22807,52,2640,15,17,17,12,229.8431396484375,55.11307716369629,1,0,0,0,0,1,49236,443,streaming
2640,-1,1346,-1,1346,-1,1346,-1,1346,-1,1346,-1,1346,-1,1346,-1,0.01811981201171875,0.011920928955078125,0.10704994201660156,0.011920928955078125,0.21910667419433594,0.0209808349609375,0.0209808349609375,27592,52,2640,13,19,13,19,56.07414245605469,54.61311340332031,0,1,0,0,1,1,49236,443,streaming
1346,-1,1346,-1,1346,-1,1346,-1,1346,-1,1346,-1,1346,-1,1346,-1,0.015020370483398438,0.01811981201171875,0.02193450927734375,0.00095367431640625,0.019073486328125,0.03409385681152344,0.027894973754882812,37988,52,2640,9,23,9,23,1.001119613647461,0.18095970153808594,0,1,0,0,0,1,49236,443,streaming
52,1,52,1,52,1,52,1,52,1,52,1,52,1,52,1,0.013113021850585938,0.011920928955078125,0.011920928955078125,0.013113021850585938,0.011920928955078125,0.011920928955078125,0.202178955078125,22436,52,1346,16,16,16,16,55.288076400756836,54.42190170288086,0,1,0,0,0,1,49236,443,streaming
64,1,52,1,52,1,1346,-1,52,1,52,1,64,1,1346,-1,0.0209808349609375,0.015974044799804688,0.14400482177734375,0.00286102294921875,0.014066696166992188,0.015020370483398438,0.0040531158447265625,34038,52,2640,10,22,10,22,0.6418228149414062,0.14400482177734375,0,1,0,0,0,1,49236,443,streaming
1346,-1,2640,-1,2640,-1,2640,-1,1346,-1,1346,-1,2640,-1,1346,-1,0.057220458984375,0.05984306335449219,0.0591278076171875,0.00095367431640625,0.07605552673339844,0.06103515625,0.00095367431640625,29146,52,2640,17,15,17,15,0.7162094116210938,0.07605552673339844,0,1,0,0,1,1,49236,443,streaming
64,1,72,1,80,1,80,1,80,1,80,1,80,1,80,1,0.023126602172851562,0.012874603271484375,0.014066696166992188,0.014066696166992188,0.20885467529296875,0.029087066650390625,0.015974044799804688,12324,52,2640,25,7,25,7,54.36515808105469,53.28798294067383,0,1,0,0,0,1,49236,443,streaming
1346,-1,1346,-1,1346,-1,1346,-1,2640,-1,1346,-1,1346,-1,2640,-1,0.019073486328125,0.00095367431640625,0.023126602172851562,0.027894973754882812,0.029087066650390625,0.031948089599609375,0.0019073486328125,39226,52,2640,9,23,9,23,0.7641315460205078,0.1819133758544922,0,1,0,0,0,1,49236,443,streaming
2640,-1,2640,-1,2640,-1,2640,-1,1346,-1,72,1,64,1,52,1,0.0019073486328125,0.053882598876953125,0.0591278076171875,0.0820159912109375,0.0040531158447265625,0.012874603271484375,0.014066696166992188,26502,52,2640,21,11,21,11,0.7119178771972656,0.08797645568847656,0,1,0,0,1,1,49236,443,streaming
72,1,64,1,64,1,72,1,64,1,52,1,64,1,52,1,0.014066696166992188,0.01811981201171875,0.21386146545410156,0.025987625122070312,0.015020370483398438,0.014066696166992188,0.010967254638671875,58688,52,3934,8,24,8,24,1.4281272888183594,0.27298927307128906,0,1,0,0,0,1,49236,443,streaming
1346,-1,2640,-1,2640,-1,64,1,52,1,1346,-1,2640,-1,1346,-1,0.06103515625,0.050067901611328125,0.053882598876953125,0.00095367431640625,0.011205673217773438,0.052928924560546875,0.06198883056640625,29110,52,5228,20,12,20,12,0.7040500640869141,0.1289844512939453,0,1,0,0,0,1,49236,443,streaming
80,1,72,1,64,1,52,1,64,1,72,1,80,1,72,1,0.00095367431640625,0.0021457672119140625,0.00095367431640625,0.00095367431640625,0.008106231689453125,0.00095367431640625,0.0019073486328125,23902,52,2640,20,12,20,12,52.14691162109375,48.00105094909668,0,1,0,0,0,1,49236,443,streaming
60,1,60,-1,52,1,569,1,52,-1,1346,-1,1346,-1,1346,-1,59.03983116149902,0.7541179656982422,0.026941299438476562,59.10611152648926,2.1398067474365234,0.012159347534179688,0.00095367431640625,21485,52,1346,13,19,15,14,245.23282051086426,59.10611152648926,1,0,0,0,0,1,49238,443,streaming
1346,-1,1346,-1,1346,-1,1346,-1,1147,-1,52,1,64,1,52,1,0.016927719116210938,0.012159347534179688,0.15306472778320312,0.02288818359375,0.40602684020996094,0.015974044799804688,0.015020370483398438,25688,52,2640,13,19,13,15,8488.532066345215,7097.834825515747,0,1,0,0,1,1,49238,443,streaming
52,1,64,1,52,1,1346,-1,1346,-1,1346,-1,1346,-1,1346,-1,0.013113021850585938,0.011920928955078125,58.74300003051758,0.041961669921875,0.010967254638671875,0.012159347534179688,0.05793571472167969,23710,52,1346,15,17,15,17,60.20307540893555,58.74300003051758,0,1,0,0,0,1,49238,443,streaming
1346,-1,1346,-1,1346,-1,1346,-1,1346,-1,1346,-1,1346,-1,1346,-1,0.02002716064453125,0.018835067749023438,0.04410743713378906,0.014066696166992188,0.015974044799804688,0.018835067749023438,0.030040740966796875,35081,52,2640,9,23,8,22,132.45391845703125,71.67696952819824,0,1,0,0,0,1,49238,443,streaming
2640,-1,1346,-1,1346,-1,1346,-1,1346,-1,1346,-1,1346,-1,1346,-1,0.03504753112792969,0.03600120544433594,0.00095367431640625,0.03504753112792969,0.00095367431640625,0.03814697265625,0.00095367431640625,37976,52,2640,10,22,10,22,0.7059574127197266,0.11682510375976562,0,1,0,0,1,1,49238,443,streaming
52,1,64,1,72,1,64,1,52,1,52,1,64,1,72,1,0.0019073486328125,0.0050067901611328125,0.00095367431640625,0.00095367431640625,0.0021457672119140625,0.0019073486328125,0.00095367431640625,11034,52,1346,25,7,25,7,58.9299201965332,58.274030685424805,0,1,0,0,0,1,49238,443,streaming
1346,-1,1346,-1,1346,-1,1346,-1,1346,-1,1346,-1,1346,-1,1346,-1,0.024080276489257812,0.02288818359375,0.1220703125,0.029087066650390625,0.00095367431640625,0.028848648071289062,0.03314018249511719,46966,52,2640,4,28,4,28,0.9341239929199219,0.1220703125,0,1,0,0,1,1,49238,443,streaming
2640,-1,1346,-1,1346,-1,1346,-1,1346,-1,2640,-1,2640,-1,1346,-1,0.00095367431640625,0.05602836608886719,0.00095367431640625,0.06103515625,0.00095367431640625,0.0591278076171875,0.00095367431640625,39414,52,2640,10,22,10,22,0.6930828094482422,0.06103515625,0,1,0,0,1,1,49238,443,streaming
64,1,52,1,64,1,72,1,64,1,52,1,64,1,52,1,0.0,0.00095367431640625,0.009059906005859375,0.06103515625,0.029087066650390625,0.02193450927734375,0.011920928955078125,1996,52,72,32,0,32,0,0.4730224609375,0.06103515625,0,1,0,0,0,1,49238,443,streaming
64,1,52,1,52,1,52,-1,52,-1,52,1,52,1,52,-1,0.014066696166992188,45056.45704269409,59.17191505432129,14294.325113296509,0.6098747253417969,31726.9070148468,59.19909477233887,428,52,64,5,3,8,0,91196.68412208557,45056.45704269409,0,1,0,0,0,1,49238,443,streaming
169,1,52,-1,169,-1,169,1,52,-1,681,1,52,-1,169,-1,0.3120899200439453,3.738880157470703,1.3339519500732422,0.37598609924316406,0.6031990051269531,0.35691261291503906,3.565073013305664,11150,52,1458,12,20,22,4,133.08000564575195,50.20284652709961,0,1,0,0,1,1,52538,443,non_streaming
52,1,1205,-1,1458,-1,1458,-1,169,1,52,-1,52,1,403,1,0.1609325408935547,0.10204315185546875,0.07486343383789062,0.1430511474609375,0.13208389282226562,0.017881393432617188,0.33402442932128906,19471,52,1577,13,19,14,11,6.34002685546875,0.5741119384765625,0,1,0,0,0,1,52538,443,non_streaming
2864,-1,1458,-1,2864,-1,2864,-1,403,1,52,1,52,1,885,-1,0.04100799560546875,0.04315376281738281,0.04482269287109375,0.3001689910888672,0.011920928955078125,0.13709068298339844,0.3688335418701172,52201,52,4270,11,21,8,20,2.978086471557617,0.3688335418701172,0,1,0,0,0,1,52538,443,non_streaming
1264,-1,52,1,52,1,1458,-1,4270,-1,1458,-1,1458,-1,4270,-1,0.1342296600341797,0.2009868621826172,0.6768703460693359,0.06198883056640625,0.0591278076171875,0.00095367431640625,0.06103515625,67039,52,4270,9,23,9,23,2.710103988647461,0.6768703460693359,0,1,0,0,1,1,52538,443,non_streaming
1458,-1,171,-1,52,1,1458,-1,1458,-1,1458,-1,1458,-1,1458,-1,0.141143798828125,0.3209114074707031,0.0,0.030994415283203125,0.04601478576660156,0.1571178436279297,0.025987625122070312,58638,52,4270,6,26,7,25,1.97601318359375,0.3209114074707031,0,1,0,0,0,1,52538,443,non_streaming
1458,-1,2864,-1,4270,-1,2864,-1,1458,-1,52,1,1458,-1,810,-1,0.06198883056640625,0.0629425048828125,0.06103515625,0.0019073486328125,0.0591278076171875,0.00095367431640625,0.00095367431640625,68288,52,4270,6,26,5,26,2.4847984313964844,0.39005279541015625,0,1,0,0,0,1,52538,443,non_streaming
52,1,52,1,4270,-1,2864,-1,4270,-1,2864,-1,4270,-1,2864,-1,0.0209808349609375,0.03695487976074219,0.06103515625,0.06198883056640625,0.0629425048828125,0.06198883056640625,0.06008148193359375,54605,52,4270,9,23,9,21,3.0660629272460938,0.5578994750976562,0,1,0,0,0,1,52538,443,non_streaming
169,-1,52,1,169,1,169,-1,52,1,681,-1,52,1,169,1,0.32401084899902344,3.6950111389160156,1.3189315795898438,40.51089286804199,0.6721019744873047,0.3249645233154297,3.7550926208496094,11033,52,1458,20,12,23,4,105.89790344238281,40.51089286804199,0,1,0,0,1,1,443,52538,non_streaming
169,1,169,-1,52,1,681,-1,52,1,169,1,2864,1,1458,1,1.2929439544677734,0.33402442932128906,0.5939006805419922,0.3399848937988281,3.648042678833008,14.426946640014648,0.03600120544433594,29276,52,4270,21,11,17,11,36.13901138305664,14.426946640014648,0,1,0,0,1,1,443,52538,non_streaming
52,-1,1577,1,2864,1,1458,1,988,-1,52,-1,409,1,169,-1,3.159046173095703,0.030994415283203125,0.15497207641601562,0.7688999176025391,0.0021457672119140625,0.3287792205810547,0.5221366882324219,37086,52,4270,20,12,10,16,11.046886444091797,3.328084945678711,0,1,0,0,0,1,443,52538,non_streaming
1458,1,52,-1,1458,1,1458,1,403,-1,1458,1,2053,1,52,-1,0.15997886657714844,0.19407272338867188,0.04291534423828125,0.11420249938964844,0.33593177795410156,0.04696846008300781,0.025987625122070312,53034,52,4270,24,8,4,23,4.832029342651367,0.5390644073486328,0,1,0,0,0,1,443,52538,non_streaming
52,-1,1458,1,1458,1,403,-1,1458,1,52,-1,885,1,1458,1,0.003814697265625,0.0011920928955078125,0.02193450927734375,0.03790855407714844,0.286102294921875,0.09989738464355469,0.3921985626220703,41655,52,4270,22,10,6,18,3.7069320678710938,0.6539821624755859,0,1,0,0,0,1,443,52538,non_streaming
1458,1,4270,1,52,-1,1458,1,4270,1,1837,1,52,-1,286,-1,0.04601478576660156,0.11110305786132812,0.07796287536621094,0.051021575927734375,0.050067901611328125,0.30303001403808594,0.16880035400390625,66406,52,4270,26,6,4,26,3.292083740234375,0.7081031799316406,0,1,0,0,0,1,443,52538,non_streaming
52,-1,52,-1,4270,1,1458,1,637,-1,431,1,4270,1,52,-1,0.024080276489257812,0.026941299438476562,0.06008148193359375,0.007867813110351562,0.1361370086669922,0.06389617919921875,0.031948089599609375,52477,52,4270,22,10,9,20,2.4209022521972656,0.29206275939941406,0,1,0,0,0,1,443,52538,non_streaming
52,-1,1458,1,169,-1,171,1,1458,1,1458,1,1458,1,1458,1,0.244140625,0.2079010009765625,0.03814697265625,0.03790855407714844,0.0209808349609375,0.00095367431640625,0.024080276489257812,48096,52,4270,24,8,7,23,1.898050308227539,0.244140625,0,1,0,0,0,1,443,52538,non_streaming
2864,1,1458,1,2864,1,1458,1,1458,1,2864,1,2864,1,2864,1,0.03600120544433594,0.0400543212890625,0.03981590270996094,0.04315376281738281,0.051021575927734375,0.04100799560546875,0.04792213439941406,71814,52,4270,27,5,5,26,2.004861831665039,0.30803680419921875,0,1,0,0,1,1,443,52538,non_streaming
1458,1,52,-1,52,-1,1458,1,4270,1,4270,1,2864,1,5676,1,0.034809112548828125,0.0021457672119140625,0.033855438232421875,0.06318092346191406,0.06103515625,0.06079673767089844,0.06318092346191406,84944,52,5676,27,5,5,27,1.4798641204833984,0.06413459777832031,0,1,0,0,1,1,443,52538,non_streaming
1458,1,2864,1,52,-1,52,-1,52,-1,5676,1,1458,1,1458,1,0.06198883056640625,0.0019073486328125,0.00095367431640625,0.0011920928955078125,0.05793571472167969,0.06008148193359375,0.00095367431640625,58466,52,5676,21,11,10,21,3.9708614349365234,2.148151397705078,0,1,0,0,0,1,443,52538,non_streaming
169,1,52,-1,169,1,52,-1,169,-1,52,1,169,1,52,-1,0.263214111328125,15.426874160766602,0.3409385681152344,4.3201446533203125,0.4630088806152344,0.7598400115966797,44.6469783782959,10682,52,1577,15,17,23,4,96.31609916687012,44.6469783782959,0,1,0,0,1,1,52538,443,non_streaming
1458,-1,1458,-1,1458,-1,52,1,169,1,52,1,885,-1,52,1,0.00095367431640625,0.03790855407714844,0.0050067901611328125,0.19311904907226562,0.21600723266601562,0.0858306884765625,0.141143798828125,41161,52,2864,9,23,8,22,2.5739669799804688,0.5571842193603516,0,1,0,0,1,1,52538,443,non_streaming
1458,-1,52,1,1264,-1,4270,-1,1458,-1,1458,-1,4270,-1,2864,-1,0.07009506225585938,0.247955322265625,0.05602836608886719,0.05698204040527344,0.00095367431640625,0.06413459777832031,0.05984306335449219,52009,52,4270,9,23,9,21,2.4080276489257812,0.247955322265625,0,1,0,0,1,1,52538,443,non_streaming
2864,-1,1458,1,1458,-1,1458,-1,2864,-1,1458,-1,2864,-1,2864,-1,0.02193450927734375,0.03695487976074219,0.00095367431640625,0.057220458984375,0.06198883056640625,0.00095367431640625,0.05984306335449219,59465,52,4270,8,24,6,25,2.0608901977539062,0.370025634765625,0,1,0,0,0,1,52538,443,non_streaming
4270,-1,1458,-1,1456,1,2097,-1,52,1,1458,-1,52,1,4270,-1,0.0591278076171875,0.017881393432617188,0.04506111145019531,0.25010108947753906,0.11587142944335938,0.025987625122070312,0.031948089599609375,65470,52,4270,8,24,6,25,3.6749839782714844,0.6868839263916016,0,1,0,0,0,1,52538,443,non_streaming
2864,-1,453,-1,52,1,52,1,1458,-1,2864,-1,2864,-1,1458,-1,0.06103515625,0.041961669921875,0.015974044799804688,0.2040863037109375,0.03886222839355469,0.04100799560546875,0.041961669921875,63273,52,4270,6,26,5,23,1.9898414611816406,0.2810955047607422,0,1,0,0,0,1,52538,443,non_streaming
1458,-1,1458,-1,4270,-1,2864,-1,52,1,1458,-1,52,1,52,1,0.00095367431640625,0.06103515625,0.05984306335449219,0.03409385681152344,0.026941299438476562,0.029087066650390625,0.20384788513183594,61948,52,4270,9,23,9,23,1.6188621520996094,0.22602081298828125,0,1,0,0,1,1,52538,443,non_streaming
1458,-1,1458,-1,1458,-1,169,1,1458,-1,1458,-1,52,-1,52,1,0.029087066650390625,0.030994415283203125,0.07104873657226562,0.064849853515625,0.03600120544433594,0.07009506225585938,0.3199577331542969,27234,52,1696,9,23,12,16,5.74803352355957,1.8639564514160156,0,1,0,0,0,1,52538,443,non_streaming
1458,-1,1458,-1,1458,-1,1458,-1,169,1,1458,-1,1458,-1,52,1,0.01811981201171875,0.02002716064453125,0.17404556274414062,0.06198883056640625,0.08797645568847656,0.028848648071289062,0.023126602172851562,28993,52,1577,11,21,10,17,3.1871795654296875,0.3781318664550781,0,1,0,0,0,1,52538,443,non_streaming
52,-1,169,1,52,-1,1577,-1,1458,-1,1458,-1,1458,-1,1458,-1,0.3559589385986328,0.3018379211425781,0.3211498260498047,0.012874603271484375,0.027179718017578125,0.02384185791015625,0.024080276489257812,33679,52,2864,9,23,11,19,3.3419132232666016,0.3559589385986328,0,1,0,0,0,1,52538,443,non_streaming
1458,-1,1458,-1,1458,-1,1004,-1,637,1,52,1,1458,-1,2864,-1,0.02384185791015625,0.12302398681640625,0.03910064697265625,0.04601478576660156,0.11086463928222656,0.05412101745605469,0.031948089599609375,40241,52,2864,7,25,5,22,2.006053924560547,0.3390312194824219,0,1,0,0,0,1,52538,443,non_streaming
1458,-1,1458,-1,52,1,52,1,312,-1,52,1,1458,-1,637,1,0.03695487976074219,0.03409385681152344,0.2639293670654297,0.1461505889892578,0.13780593872070312,0.26607513427734375,0.0050067901611328125,44011,52,2864,9,23,6,20,2.9621124267578125,0.4329681396484375,0,1,0,0,0,1,52538,443,non_streaming
1458,-1,52,1,74,-1,2864,-1,1458,-1,1458,-1,1458,-1,1458,-1,0.14400482177734375,0.14209747314453125,0.05888938903808594,0.01811981201171875,0.026941299438476562,0.02002716064453125,0.024080276489257812,41096,52,2864,8,24,9,23,1.5251636505126953,0.2999305725097656,0,1,0,0,1,1,52538,443,non_streaming
2864,-1,2864,-1,1339,1,1458,-1,1458,-1,52,1,52,1,1004,-1,0.05602836608886719,0.025033950805664062,0.1068115234375,0.06008148193359375,0.09012222290039062,0.17189979553222656,0.24509429931640625,47410,52,2864,8,24,6,25,1.9440650939941406,0.24509429931640625,0,1,0,0,0,1,52538,443,non_streaming
1458,-1,2864,-1,2864,-1,2864,-1,4270,-1,1458,-1,1458,-1,52,1,0.048160552978515625,0.04887580871582031,0.051975250244140625,0.05316734313964844,0.053882598876953125,0.0021457672119140625,0.012874603271484375,58489,52,4270,5,27,4,27,1.2810230255126953,0.16188621520996094,0,1,0,0,0,1,52538,443,non_streaming
2864,-1,2864,-1,52,1,403,1,52,1,1458,-1,2864,-1,2864,-1,0.047206878662109375,0.06580352783203125,0.047206878662109375,0.064849853515625,0.013113021850585938,0.051021575927734375,0.053882598876953125,65470,52,4270,7,25,5,26,1.6210079193115234,0.11110305786132812,0,1,0,0,0,1,52538,443,non_streaming
169,1,52,-1,169,-1,169,1,52,-1,681,1,52,-1,169,-1,0.3800392150878906,4.326105117797852,0.8718967437744141,0.2961158752441406,0.4630088806152344,0.3597736358642578,3.9610862731933594,11033,52,1458,12,20,23,4,41.07499122619629,14.495134353637695,0,1,0,0,1,1,52538,443,non_streaming
52,1,52,1,275,-1,1458,-1,2864,-1,169,1,1458,-1,1458,-1,0.012874603271484375,0.2009868621826172,0.03600120544433594,0.030994415283203125,0.07295608520507812,0.0591278076171875,0.031948089599609375,25930,52,2864,11,21,13,14,5.951881408691406,2.0661354064941406,0,1,0,0,0,1,52538,443,non_streaming
52,1,1458,-1,1458,-1,1458,-1,1458,-1,647,-1,1458,-1,2864,-1,0.025033950805664062,0.04100799560546875,0.07390975952148438,0.04100799560546875,0.04315376281738281,0.186920166015625,0.04291534423828125,35093,52,2864,11,21,9,16,4.913091659545898,0.759124755859375,0,1,0,0,0,1,52538,443,non_streaming
637,1,52,1,52,1,1004,-1,1458,-1,2864,-1,403,1,1458,-1,0.012159347534179688,0.1430511474609375,0.15687942504882812,0.41294097900390625,0.05507469177246094,0.0400543212890625,0.016927719116210938,67536,52,4270,8,24,6,23,13.460159301757812,11.081933975219727,0,1,0,0,1,1,52538,443,non_streaming
2498,-1,52,1,403,1,4270,-1,2864,-1,52,1,4270,-1,2864,-1,0.011205673217773438,0.00095367431640625,0.052928924560546875,0.05602836608886719,0.016927719116210938,0.04601478576660156,0.06103515625,70922,52,4270,8,24,7,23,1.3651847839355469,0.10991096496582031,0,1,0,0,1,1,52538,443,non_streaming
1458,-1,169,1,5676,-1,2864,-1,2864,-1,1458,-1,2864,-1,4270,-1,0.003814697265625,0.06008148193359375,0.05888938903808594,0.06699562072753906,0.0021457672119140625,0.05793571472167969,0.06198883056640625,63612,52,5676,4,28,3,29,3.3288002014160156,1.505136489868164,0,1,0,0,1,1,52538,443,non_streaming
1458,-1,1458,-1,2864,-1,2864,-1,2864,-1,2864,-1,2864,-1,4270,-1,0.04100799560546875,0.0438690185546875,0.04696846008300781,0.04601478576660156,0.050067901611328125,0.049114227294921875,0.053882598876953125,70406,52,4270,7,25,7,24,1.5959739685058594,0.34689903259277344,0,1,0,0,0,1,52538,443,non_streaming
1458,-1,1339,1,52,1,52,1,52,1,193,-1,1458,-1,1458,-1,0.1289844512939453,0.00095367431640625,0.2720355987548828,0.09608268737792969,0.0247955322265625,0.3840923309326172,0.017881393432617188,45514,52,2864,10,22,8,22,3.381013870239258,0.3840923309326172,0,1,0,0,1,1,52538,443,non_streaming
52,1,4270,-1,2864,-1,2864,-1,2864,-1,2864,-1,4270,-1,2864,-1,0.051975250244140625,0.06008148193359375,0.05888938903808594,0.06318092346191406,0.0629425048828125,0.06198883056640625,0.05888938903808594,78832,52,5676,5,27,4,27,1.8429756164550781,0.17786026000976562,0,1,0,0,0,1,52538,443,non_streaming
52,1,1458,-1,5676,-1,2864,-1,7082,-1,52,1,1458,-1,8488,-1,0.102996826171875,0.06794929504394531,0.0019073486328125,0.05698204040527344,0.05316734313964844,0.07891654968261719,0.07104873657226562,87106,52,8488,10,22,9,23,1.8508434295654297,0.3058910369873047,0,1,0,0,0,1,52538,443,non_streaming
52,1,469,-1,169,1,52,-1,169,1,52,-1,169,-1,169,1,0.3190040588378906,1.6829967498779297,0.25391578674316406,0.5631446838378906,0.30803680419921875,3.7260055541992188,21.788835525512695,11065,52,1458,12,20,23,4,112.80703544616699,45.4251766204834,0,1,0,0,0,1,52538,443,non_streaming
1458,-1,1458,-1,1458,-1,1458,-1,1458,-1,1458,-1,1458,-1,1458,-1,0.023126602172851562,0.02288818359375,0.025033950805664062,0.024080276489257812,0.02288818359375,0.026941299438476562,0.029087066650390625,27790,52,1577,9,23,11,17,5.501985549926758,1.6579627990722656,0,1,0,0,0,1,52538,443,non_streaming
52,1,409,-1,169,1,52,-1,1577,-1,1458,-1,1458,-1,1458,-1,0.09608268737792969,0.49591064453125,0.2892017364501953,0.03790855407714844,0.009059906005859375,0.025033950805664062,0.2357959747314453,30524,52,2864,10,22,9,17,3.9250850677490234,0.49591064453125,0,1,0,0,0,1,52538,443,non_streaming
2864,-1,1458,-1,1458,-1,1458,-1,52,1,52,1,647,-1,1458,-1,0.04100799560546875,0.032901763916015625,0.04100799560546875,0.1919269561767578,0.21409988403320312,0.031948089599609375,0.04506111145019531,30744,52,2864,9,23,11,18,2.7608871459960938,0.3750324249267578,0,1,0,0,0,1,52538,443,non_streaming
2864,-1,286,1,52,1,52,1,193,-1,52,1,1458,-1,1458,-1,0.04100799560546875,0.0019073486328125,0.24390220642089844,0.03314018249511719,0.30803680419921875,0.09584426879882812,0.023126602172851562,39093,52,4270,11,21,10,19,2.6748180389404297,0.3399848937988281,0,1,0,0,1,1,52538,443,non_streaming
403,1,52,1,1458,-1,4270,-1,1458,-1,1458,-1,4270,-1,2864,-1,0.32591819763183594,0.07200241088867188,0.06198883056640625,0.06103515625,0.00095367431640625,0.06103515625,0.06198883056640625,61145,52,4270,8,24,7,22,2.6450157165527344,0.32591819763183594,0,1,0,0,1,1,52538,443,non_streaming
169,1,52,1,1458,-1,4270,-1,1458,-1,2864,-1,52,1,1105,1,0.010967254638671875,0.2989768981933594,0.05793571472167969,0.05817413330078125,0.06198883056640625,0.025033950805664062,0.4329681396484375,47176,52,4270,8,24,8,22,2.346038818359375,0.4329681396484375,0,1,0,0,1,1,52538,443,non_streaming
1458,-1,2864,-1,2864,-1,4270,-1,1458,-1,1458,-1,2864,-1,4270,-1,0.04792213439941406,0.051021575927734375,0.05412101745605469,0.054836273193359375,0.00095367431640625,0.05602836608886719,0.06103515625,60074,52,4270,7,25,7,24,2.2208690643310547,0.41294097900390625,0,1,0,0,0,1,52538,443,non_streaming
1458,-1,1458,-1,1458,-1,1458,-1,1458,-1,1458,-1,1458,-1,2864,-1,0.023126602172851562,0.025033950805664062,0.025987625122070312,0.025033950805664062,0.028848648071289062,0.030040740966796875,0.03409385681152344,43432,52,2864,5,27,7,24,1.3530254364013672,0.2129077911376953,0,1,0,0,0,1,52538,443,non_streaming
52,1,52,1,2864,-1,1458,-1,2864,-1,1339,1,1458,-1,2864,-1,0.4100799560546875,0.09989738464355469,0.027894973754882812,0.04315376281738281,0.054836273193359375,0.263214111328125,0.04792213439941406,66406,52,4270,7,25,6,25,2.454042434692383,0.4100799560546875,0,1,0,0,0,1,52538,443,non_streaming
169,1,52,-1,169,-1,52,1,169,1,52,-1,681,1,52,-1,0.32901763916015625,3.729104995727539,0.4508495330810547,0.45418739318847656,0.35500526428222656,0.4909038543701172,0.3418922424316406,10799,52,1577,15,17,23,4,36.3001823425293,14.342069625854492,0,1,0,0,1,1,52538,443,non_streaming
52,-1,169,1,52,-1,169,-1,169,1,52,-1,169,-1,169,1,1.4469623565673828,0.32019615173339844,3.621816635131836,20.824193954467773,0.32901763916015625,3.737926483154297,0.9479522705078125,14844,52,1458,10,22,20,7,104.2940616607666,41.357994079589844,0,1,0,0,0,1,52538,443,non_streaming
1458,-1,1458,-1,1458,-1,1458,-1,1458,-1,52,1,1458,-1,2864,-1,0.024080276489257812,0.02384185791015625,0.026941299438476562,0.028133392333984375,0.2510547637939453,0.2899169921875,0.03504753112792969,30842,52,2864,11,21,12,17,6.242990493774414,2.477884292602539,0,1,0,0,1,1,52538,443,non_streaming
647,-1,52,1,52,-1,1458,-1,1458,-1,1458,-1,1458,-1,1458,-1,0.03790855407714844,0.01811981201171875,0.04792213439941406,0.011920928955078125,0.025987625122070312,0.022172927856445312,0.04100799560546875,32521,52,1577,8,24,7,20,2.2079944610595703,0.37097930908203125,0,1,0,0,1,1,52538,443,non_streaming
1458,-1,1458,-1,1458,-1,52,1,637,1,1242,-1,52,1,52,-1,0.026941299438476562,0.028133392333984375,0.018835067749023438,0.012159347534179688,0.04482269287109375,0.09918212890625,0.026941299438476562,29582,52,1577,11,21,10,18,2.2058486938476562,0.3600120544433594,0,1,0,0,0,1,52538,443,non_streaming
1458,-1,1458,-1,1458,-1,2864,-1,1458,-1,2864,-1,1458,-1,1718,-1,0.43201446533203125,0.027179718017578125,0.028848648071289062,0.0820159912109375,0.03314018249511719,0.033855438232421875,0.03814697265625,39652,52,2864,6,26,6,24,2.8150081634521484,0.698089599609375,0,1,0,0,0,1,52538,443,non_streaming
2864,-1,2864,-1,1458,-1,1458,-1,2864,-1,2864,-1,4552,-1,169,1,0.04315376281738281,0.0438690185546875,0.05602836608886719,0.049114227294921875,0.051975250244140625,0.053882598876953125,0.03600120544433594,47654,52,4552,9,23,7,22,2.2361278533935547,0.33402442932128906,0,1,0,0,0,1,52538,443,non_streaming
2864,-1,2864,-1,1458,-1,2864,-1,52,1,1458,-1,2864,-1,2864,-1,0.041961669921875,0.04220008850097656,0.04482269287109375,0.015974044799804688,0.12612342834472656,0.050067901611328125,0.051021575927734375,62200,52,4270,8,24,7,23,2.0639896392822266,0.36907196044921875,0,1,0,0,0,1,52538,443,non_streaming
2864,-1,1458,-1,2864,-1,2864,-1,4270,-1,2864,-1,2864,-1,988,1,0.0629425048828125,0.00095367431640625,0.0591278076171875,0.06198883056640625,0.06103515625,0.06103515625,0.025033950805664062,49500,52,4270,7,25,5,23,1.940011978149414,0.4341602325439453,0,1,0,0,0,1,52538,443,non_streaming
2864,-1,1458,-1,2864,-1,52,1,2864,-1,2864,-1,2864,-1,2864,-1,0.03910064697265625,0.0438690185546875,0.015974044799804688,0.029087066650390625,0.04696846008300781,0.04887580871582031,0.05221366882324219,67723,52,4270,7,25,6,23,1.9800662994384766,0.6420612335205078,0,1,0,0,0,1,52538,443,non_streaming
169,1,169,-1,52,1,169,1,52,-1,681,1,52,-1,169,-1,4.076957702636719,0.4401206970214844,0.4248619079589844,48.14314842224121,0.5159378051757812,0.26297569274902344,3.5898685455322266,10783,52,1577,17,15,22,4,83.31704139709473,48.14314842224121,0,1,0,0,1,1,52538,443,non_streaming
52,-1,169,1,52,-1,169,1,52,-1,169,-1,52,1,169,1,0.36406517028808594,0.3077983856201172,0.7650852203369141,0.34809112548828125,3.713846206665039,0.38504600524902344,23.009061813354492,13343,52,1458,12,20,22,6,110.57496070861816,45.63498497009277,0,1,0,0,0,1,52538,443,non_streaming
1458,-1,1458,-1,1458,-1,52,1,52,1,1458,-1,1458,-1,2864,-1,0.02384185791015625,0.024080276489257812,0.32401084899902344,0.15592575073242188,0.14400482177734375,0.025033950805664062,0.032901763916015625,27556,52,2864,11,21,12,16,5.894899368286133,1.8248558044433594,0,1,0,0,0,1,52538,443,non_streaming
1458,-1,1458,-1,1458,-1,1004,-1,169,1,52,1,52,1,52,-1,0.025033950805664062,0.026941299438476562,0.029087066650390625,0.01811981201171875,0.2868175506591797,0.1690387725830078,0.07009506225585938,32862,52,2864,8,24,8,19,2.5720596313476562,0.476837158203125,0,1,0,0,0,1,52538,443,non_streaming
286,1,52,1,1458,-1,52,1,1004,-1,1458,-1,286,1,171,-1,0.13303756713867188,0.13399124145507812,0.03695487976074219,0.3631114959716797,0.11277198791503906,0.21505355834960938,0.5991458892822266,29693,52,2864,12,20,10,17,4.078865051269531,0.5991458892822266,0,1,0,0,1,1,52538,443,non_streaming
52,1,1242,-1,1105,1,1458,-1,1458,-1,2864,-1,1458,-1,2864,-1,0.03504753112792969,0.48613548278808594,0.011920928955078125,0.041961669921875,0.03600120544433594,0.03600120544433594,0.03910064697265625,46946,52,2864,9,23,6,21,3.1511783599853516,0.48613548278808594,0,1,0,0,0,1,52538,443,non_streaming
4270,-1,403,1,52,1,1458,-1,52,1,1242,-1,4270,-1,1458,-1,0.2148151397705078,0.0209808349609375,0.0021457672119140625,0.06198883056640625,0.4868507385253906,0.06103515625,0.05602836608886719,54920,52,4270,11,21,8,20,3.1049251556396484,0.4868507385253906,0,1,0,0,1,1,52538,443,non_streaming
52,1,2864,-1,2864,-1,52,1,52,1,1123,-1,4270,-1,1458,-1,0.04506111145019531,0.06079673767089844,0.202178955078125,0.16689300537109375,0.3108978271484375,0.06222724914550781,0.055789947509765625,66043,52,4270,9,23,7,22,2.599000930786133,0.3330707550048828,0,1,0,0,0,1,52538,443,non_streaming
52,1,1458,-1,550,-1,4270,-1,1458,-1,52,1,169,1,52,1,0.007152557373046875,0.00095367431640625,0.06198883056640625,0.052928924560546875,0.0030994415283203125,0.3948211669921875,0.012159347534179688,61359,52,4270,8,24,7,23,1.8639564514160156,0.3948211669921875,0,1,0,0,0,1,52538,443,non_streaming
2864,-1,4270,-1,2864,-1,1458,-1,2864,-1,2454,-1,52,1,52,1,0.0629425048828125,0.06103515625,0.06198883056640625,0.00095367431640625,0.06008148193359375,0.0019073486328125,0.0021457672119140625,61056,52,4270,11,21,9,22,2.8281211853027344,0.41604042053222656,0,1,0,0,0,1,52538,443,non_streaming
1458,-1,754,1,2864,-1,2864,-1,1458,-1,4270,-1,1458,-1,1458,-1,0.0059604644775390625,0.04506111145019531,0.052928924560546875,0.12302398681640625,0.05793571472167969,0.0591278076171875,0.00095367431640625,79621,52,4270,3,29,2,29,2.034902572631836,0.32520294189453125,0,1,0,0,0,1,52538,443,non_streaming
1458,-1,1458,-1,4270,-1,4270,-1,2864,-1,4270,-1,2864,-1,4270,-1,0.0,0.06198883056640625,0.06198883056640625,0.06008148193359375,0.06198883056640625,0.06103515625,0.06103515625,77752,52,4270,8,24,6,25,3.292083740234375,1.9061565399169922,0,1,0,0,1,1,52538,443,non_streaming
169,1,52,-1,169,-1,169,1,52,-1,681,1,52,-1,169,-1,0.2970695495605469,3.751039505004883,0.9338855743408203,0.3299713134765625,0.49805641174316406,0.3268718719482422,3.6461353302001953,21768,52,2864,10,22,16,11,38.10310363769531,14.316082000732422,0,1,0,0,1,1,52538,443,non_streaming
1458,-1,1458,-1,1458,-1,1458,-1,1458,-1,169,1,52,1,52,1,0.02384185791015625,0.202178955078125,0.017881393432617188,0.0209808349609375,0.2789497375488281,0.010013580322265625,0.22912025451660156,31926,52,2864,9,23,9,19,6.44993782043457,2.0020008087158203,0,1,0,0,0,1,52538,443,non_streaming
169,1,52,1,52,1,1458,-1,2864,-1,2864,-1,52,1,647,-1,0.010967254638671875,0.09894371032714844,0.27298927307128906,0.04100799560546875,0.04410743713378906,0.07390975952148438,0.26488304138183594,34270,52,2864,12,20,10,17,4.153013229370117,0.4818439483642578,0,1,0,0,1,1,52538,443,non_streaming
52,1,286,1,1577,-1,1458,-1,2864,-1,1458,-1,1458,-1,1458,-1,0.17595291137695312,0.41484832763671875,0.20003318786621094,0.03814697265625,0.03790855407714844,0.04100799560546875,0.11110305786132812,40959,52,4270,10,22,6,20,3.3538341522216797,0.41484832763671875,0,1,0,0,0,1,52538,443,non_streaming
286,1,1458,-1,2864,-1,1458,-1,52,1,1458,-1,766,-1,2864,-1,0.14209747314453125,0.05793571472167969,0.05793571472167969,0.22602081298828125,0.031948089599609375,0.00095367431640625,0.06103515625,48114,52,2864,8,24,6,21,2.6810169219970703,0.5939006805419922,0,1,0,0,1,1,52538,443,non_streaming
1458,-1,52,1,52,1,1458,-1,1458,-1,52,1,52,1,52,1,0.00286102294921875,0.014066696166992188,0.19097328186035156,0.06198883056640625,0.0030994415283203125,0.010967254638671875,0.07200241088867188,59592,52,4270,9,23,9,22,1.9059181213378906,0.2949237823486328,0,1,0,0,0,1,52538,443,non_streaming
1458,-1,4270,-1,1458,-1,1458,-1,2864,-1,4270,-1,2864,-1,4270,-1,0.05602836608886719,0.05698204040527344,0.00095367431640625,0.05793571472167969,0.06198883056640625,0.06103515625,0.0629425048828125,76444,169,4270,3,29,1,28,3.8118362426757812,1.499176025390625,0,1,0,0,0,1,52538,443,non_streaming
52,1,52,1,52,1,52,1,1167,-1,1458,-1,4270,-1,2864,-1,0.00095367431640625,0.00095367431640625,0.08606910705566406,0.024080276489257812,0.15807151794433594,0.055789947509765625,0.05817413330078125,71277,52,4270,8,24,7,23,1.6551017761230469,0.15807151794433594,0,1,0,0,0,1,52538,443,non_streaming
169,1,52,-1,169,-1,52,1,169,1,52,-1,681,1,52,-1,0.18596649169921875,3.735065460205078,0.49805641174316406,0.5409717559814453,50.045013427734375,0.6289482116699219,0.3349781036376953,10666,52,2864,16,16,24,3,88.16194534301758,50.045013427734375,0,1,0,0,1,1,52538,443,non_streaming
169,1,52,-1,169,1,52,-1,169,-1,52,1,169,1,52,-1,0.3590583801269531,1.0530948638916016,0.29587745666503906,3.7391185760498047,0.5648136138916016,21.820068359375,0.30303001403808594,14749,52,2864,12,20,22,6,65.2461051940918,21.820068359375,0,1,0,0,1,1,52538,443,non_streaming
1458,-1,1458,-1,1458,-1,1458,-1,1458,-1,52,1,52,1,275,-1,0.03910064697265625,0.02288818359375,0.025987625122070312,0.028133392333984375,0.18286705017089844,0.18095970153808594,0.2009868621826172,36351,52,2864,9,23,8,20,10.926961898803711,4.019021987915039,0,1,0,0,1,1,52538,443,non_streaming
52,1,52,1,1004,-1,1458,-1,2864,-1,52,1,2864,-1,169,1,0.14400482177734375,0.16808509826660156,0.3058910369873047,0.05507469177246094,0.05602836608886719,0.0019073486328125,0.03409385681152344,36396,52,2864,13,19,11,15,5.526065826416016,1.096963882446289,0,1,0,0,0,1,52538,443,non_streaming
1458,-1,52,1,885,-1,1458,-1,2864,-1,2864,-1,637,1,2864,-1,0.2219676971435547,0.2770423889160156,0.34499168395996094,0.051975250244140625,0.052928924560546875,0.0171661376953125,0.03790855407714844,41084,52,4270,11,21,7,17,4.1561126708984375,0.40793418884277344,0,1,0,0,0,1,52538,443,non_streaming
2864,-1,1458,-1,2864,-1,1458,-1,4270,-1,2864,-1,2864,-1,286,1,0.00095367431640625,0.04792213439941406,0.051021575927734375,0.05412101745605469,0.054836273193359375,0.05698204040527344,0.04220008850097656,53726,52,4270,5,27,5,26,1.6829967498779297,0.2110004425048828,0,1,0,0,1,1,52538,443,non_streaming
1458,-1,52,1,52,1,193,-1,2864,-1,1458,-1,1458,-1,1458,-1,0.07295608520507812,0.2460479736328125,0.2760887145996094,0.053882598876953125,0.02193450927734375,0.024080276489257812,0.026941299438476562,37911,52,2864,7,25,7,24,2.2139549255371094,0.2760887145996094,0,1,0,0,1,1,52538,443,non_streaming
1458,-1,1458,-1,1458,-1,52,1,52,1,52,1,1458,-1,2864,-1,0.03504753112792969,0.03695487976074219,0.010967254638671875,0.3151893615722656,0.032901763916015625,0.025987625122070312,0.04100799560546875,65700,52,4270,6,26,5,26,1.8219947814941406,0.3151893615722656,0,1,0,0,0,1,52538,443,non_streaming
52,1,52,1,550,-1,4270,-1,1458,-1,2864,-1,2864,-1,2864,-1,0.17118453979492188,0.15592575073242188,0.06103515625,0.0400543212890625,0.04291534423828125,0.04506111145019531,0.04792213439941406,53155,52,4270,9,23,9,21,2.3870468139648438,0.4451274871826172,0,1,0,0,0,1,52538,443,non_streaming
169,1,52,-1,169,-1,52,1,169,1,52,-1,681,1,52,-1,0.43582916259765625,3.7322044372558594,0.5469322204589844,0.5719661712646484,0.331878662109375,0.5400180816650391,0.26917457580566406,13206,52,2864,16,16,21,3,165.85397720336914,47.891855239868164,0,1,0,0,1,1,52538,443,non_streaming
52,-1,169,1,52,-1,1577,-1,2864,-1,1458,-1,52,1,1458,-1,1.8689632415771484,0.6442070007324219,1.3740062713623047,0.0629425048828125,0.09799003601074219,0.5829334259033203,0.023126602172851562,39545,52,4270,9,23,12,19,7.297992706298828,1.8689632415771484,0,1,0,0,0,1,52538,443,non_streaming
52,1,1458,-1,1458,-1,885,-1,52,1,52,1,1577,-1,52,1,0.03695487976074219,0.02193450927734375,0.025033950805664062,0.19097328186035156,0.2129077911376953,0.2541542053222656,0.46896934509277344,27823,52,2864,11,21,13,16,25.87294578552246,14.71090316772461,0,1,0,0,0,1,52538,443,non_streaming
1458,-1,1458,-1,52,1,52,1,1458,-1,1458,-1,2864,-1,1458,-1,0.0247955322265625,0.3180503845214844,0.1800060272216797,0.026941299438476562,0.028133392333984375,0.030994415283203125,0.03790855407714844,35727,52,2864,10,22,10,20,2.7217864990234375,0.35309791564941406,0,1,0,0,1,1,52538,443,non_streaming
1458,-1,1458,-1,1175,-1,52,1,871,1,1458,-1,2864,-1,2864,-1,0.03314018249511719,0.09894371032714844,0.36406517028808594,0.2079010009765625,0.1380443572998047,0.03910064697265625,0.04076957702636719,42661,52,3005,9,23,5,21,4.534006118774414,0.5080699920654297,0,1,0,0,0,1,52538,443,non_streaming
1458,-1,4270,-1,1458,-1,1458,-1,4270,-1,1458,-1,1361,-1,52,1,0.0629425048828125,0.06008148193359375,0.0629425048828125,0.06103515625,0.04696846008300781,0.00095367431640625,0.03314018249511719,54448,52,4270,7,25,5,24,2.919912338256836,0.8141994476318359,0,1,0,0,0,1,52538,443,non_streaming
2864,-1,1458,-1,1458,-1,4270,-1,2864,-1,4270,-1,2864,-1,4270,-1,0.05698204040527344,0.0021457672119140625,0.05888938903808594,0.06008148193359375,0.06198883056640625,0.06103515625,0.06198883056640625,71102,52,4270,6,26,5,26,1.7061233520507812,0.23698806762695312,0,1,0,0,0,1,52538,443,non_streaming
52,1,52,1,52,1,1458,-1,4270,-1,1458,-1,1458,-1,4270,-1,0.011205673217773438,0.029802322387695312,0.06198883056640625,0.06318092346191406,0.06103515625,0.0019073486328125,0.05888938903808594,60522,52,4270,9,23,9,23,1.7461776733398438,0.2028942108154297,0,1,0,0,0,1,52538,443,non_streaming
169,1,52,1,52,1,1264,-1,1458,-1,1458,-1,1458,-1,1458,-1,0.3058910369873047,0.15211105346679688,0.03790855407714844,0.01811981201171875,0.0209808349609375,0.02193450927734375,0.025033950805664062,64738,52,4270,5,27,4,28,1.5609264373779297,0.3058910369873047,0,1,0,0,1,1,52538,443,non_streaming
169,1,52,-1,169,-1,169,1,52,-1,681,1,52,-1,169,-1,0.39505958557128906,3.7970542907714844,0.9858608245849609,0.30612945556640625,1.2860298156738281,0.37288665771484375,3.9000511169433594,11033,52,1458,12,20,23,4,44.756174087524414,14.254093170166016,0,1,0,0,1,1,52538,443,non_streaming
169,1,52,-1,169,-1,169,1,52,-1,681,1,52,-1,169,-1,0.31495094299316406,3.6230087280273438,1.3458728790283203,48.478126525878906,0.6749629974365234,0.3139972686767578,3.6420822143554688,18733,52,1458,10,22,18,10,86.029052734375,48.478126525878906,0,1,0,0,1,1,52538,443,non_streaming
1458,-1,52,1,52,1,1681,-1,1458,-1,1458,-1,1458,-1,2864,-1,0.392913818359375,0.1480579376220703,0.07390975952148438,0.029087066650390625,0.031948089599609375,0.1919269561767578,0.03719329833984375,28147,52,2864,11,21,12,16,7.1659088134765625,2.0780563354492188,0,1,0,0,1,1,52538,443,non_streaming
2864,-1,1458,-1,1458,-1,52,1,52,1,169,1,1242,-1,1458,-1,0.03504753112792969,0.03600120544433594,0.008821487426757812,0.36716461181640625,0.012874603271484375,0.03409385681152344,0.04100799560546875,30990,52,2864,10,22,11,17,3.1659603118896484,0.36716461181640625,0,1,0,0,0,1,52538,443,non_streaming
1458,-1,1458,-1,885,-1,52,1,403,1,1458,-1,2864,-1,1458,-1,0.0019073486328125,0.04506111145019531,0.41604042053222656,0.02193450927734375,0.1819133758544922,0.051021575927734375,0.052928924560546875,46220,52,2864,9,23,6,20,2.7539730072021484,0.41604042053222656,0,1,0,0,0,1,52538,443,non_streaming
1837,-1,52,1,637,1,52,-1,1577,-1,1458,-1,1458,-1,1458,-1,0.2219676971435547,0.186920166015625,0.5359649658203125,0.05412101745605469,0.0019073486328125,0.024080276489257812,0.02288818359375,41435,52,2864,9,23,9,21,2.621889114379883,0.5359649658203125,0,1,0,0,1,1,52538,443,non_streaming
1458,-1,2864,-1,2864,-1,52,1,2864,-1,2864,-1,2864,-1,169,1,0.04482269287109375,0.048160552978515625,0.018835067749023438,0.030040740966796875,0.051975250244140625,0.051975250244140625,0.0400543212890625,61502,52,4270,9,23,8,23,2.004861831665039,0.2579689025878906,0,1,0,0,0,1,52538,443,non_streaming
52,1,1458,-1,4270,-1,1458,-1,1458,-1,4270,-1,2864,-1,754,1,0.36907196044921875,0.06008148193359375,0.05984306335449219,0.00095367431640625,0.06103515625,0.06103515625,0.03600120544433594,68712,52,4270,7,25,5,24,3.020048141479492,0.47898292541503906,0,1,0,0,0,1,52538,443,non_streaming
2864,-1,4270,-1,2864,-1,2692,-1,1458,-1,4270,-1,2864,-1,4270,-1,0.06198883056640625,0.06103515625,0.06198883056640625,0.00095367431640625,0.06103515625,0.05984306335449219,0.06008148193359375,80345,52,4270,3,29,3,29,1.5799999237060547,0.17499923706054688,0,1,0,0,0,1,52538,443,non_streaming
4270,-1,52,1,2864,-1,4270,-1,52,1,497,-1,1458,-1,2864,-1,0.034809112548828125,0.026226043701171875,0.0629425048828125,0.028848648071289062,0.030040740966796875,0.19598007202148438,0.0400543212890625,71642,52,4270,7,25,6,25,1.5950202941894531,0.2110004425048828,0,1,0,0,0,1,52538,443,non_streaming
2864,1,4270,1,2864,1,1458,1,1458,1,1458,1,52,-1,52,-1,0.06198883056640625,0.06198883056640625,0.06008148193359375,0.06198883056640625,0.0,0.0591278076171875,0.02288818359375,60304,52,4270,23,9,8,23,1.5931129455566406,0.3719329833984375,0,1,0,0,0,1,443,52538,non_streaming
1458,1,2864,1,1458,1,52,-1,52,-1,52,-1,52,-1,1458,1,0.0,0.06103515625,0.05793571472167969,0.00095367431640625,0.00095367431640625,0.0021457672119140625,0.007867813110351562,71962,52,4270,24,8,7,25,1.238107681274414,0.06318092346191406,0,1,0,0,1,1,443,52538,non_streaming
1458,1,1458,1,1458,1,1458,1,1458,1,52,-1,52,-1,1456,-1,0.06079673767089844,0.06103515625,0.06198883056640625,0.0,0.1499652862548828,0.0021457672119140625,0.02288818359375,69150,52,7082,26,6,5,27,1.5788078308105469,0.1499652862548828,0,1,0,0,0,1,443,52538,non_streaming
2864,1,52,-1,52,-1,1458,1,4270,1,2864,1,52,-1,3591,1,0.11396408081054688,0.0591278076171875,0.012874603271484375,0.0629425048828125,0.06103515625,0.05507469177246094,0.0059604644775390625,77665,52,4270,24,8,7,24,1.7728805541992188,0.33402442932128906,0,1,0,0,1,1,443,52538,non_streaming
4270,1,2864,1,4270,1,4270,1,2864,1,4270,1,1458,1,1458,1,0.05984306335449219,0.06198883056640625,0.06222724914550781,0.06079673767089844,0.06198883056640625,0.06103515625,0.00095367431640625,78626,52,4270,26,6,6,25,1.4190673828125,0.064849853515625,0,1,0,0,0,1,443,52538,non_streaming
4270,1,1458,1,1458,1,4270,1,2864,1,4270,1,2864,1,52,-1,0.06079673767089844,0.0,0.06198883056640625,0.06222724914550781,0.06079673767089844,0.06318092346191406,0.010967254638671875,90123,52,7082,28,4,3,29,1.567840576171875,0.11587142944335938,0,1,0,0,0,1,443,52538,non_streaming
52,-1,52,-1,52,-1,1458,1,1458,1,4270,1,4270,1,7082,1,0.10991096496582031,0.01811981201171875,0.11801719665527344,0.06103515625,0.0629425048828125,0.0,0.06198883056640625,119413,52,8488,24,8,6,25,2.340078353881836,0.6189346313476562,0,1,0,0,0,1,443,52538,non_streaming
2864,1,4270,1,1458,1,52,-1,1458,1,52,-1,1458,1,52,-1,0.06222724914550781,0.06079673767089844,0.027179718017578125,0.03695487976074219,0.08392333984375,0.010967254638671875,0.048160552978515625,65095,52,5676,22,10,9,22,1.7201900482177734,0.42700767517089844,0,1,0,0,0,1,443,52538,non_streaming
2864,1,4270,1,2864,1,4270,1,1458,1,1458,1,4270,1,2864,1,0.06198883056640625,0.06198883056640625,0.06103515625,0.06103515625,0.0,0.06198883056640625,0.06198883056640625,61633,52,4270,21,11,10,22,5.773067474365234,3.119945526123047,0,1,0,0,0,1,443,52538,non_streaming
1458,1,4270,1,2864,1,4270,1,1458,1,1458,1,4270,1,2864,1,0.0629425048828125,0.06103515625,0.06103515625,0.06103515625,0.00095367431640625,0.06103515625,0.06103515625,88366,52,4270,27,5,4,27,1.4760494232177734,0.06318092346191406,0,1,0,0,0,1,443,52538,non_streaming
169,1,52,-1,169,-1,169,1,52,-1,681,1,52,-1,169,-1,0.308990478515625,3.5669803619384766,0.7829666137695312,0.30803680419921875,0.44798851013183594,0.32210350036621094,3.695964813232422,11150,52,1458,12,20,23,4,55.95707893371582,15.412092208862305,0,1,0,0,1,1,52538,443,non_streaming
169,1,52,-1,681,1,52,-1,169,-1,1458,-1,1458,-1,1458,-1,50.33683776855469,0.5211830139160156,0.2968311309814453,3.686189651489258,15.725851058959961,0.024080276489257812,0.024080276489257812,25635,52,2864,8,24,13,14,82.71288871765137,50.33683776855469,0,1,0,0,1,1,52538,443,non_streaming
1458,-1,1458,-1,52,1,169,1,52,-1,52,1,52,1,647,-1,0.03504753112792969,0.015020370483398438,0.13899803161621094,0.1289844512939453,0.010013580322265625,0.11992454528808594,0.03504753112792969,26996,52,1577,10,22,12,16,5.812883377075195,2.329111099243164,0,1,0,0,0,1,52538,443,non_streaming
647,-1,1458,-1,1458,-1,1458,-1,1458,-1,1458,-1,520,1,52,1,0.32401084899902344,0.024080276489257812,0.026941299438476562,0.029087066650390625,0.030040740966796875,0.1399517059326172,0.011920928955078125,33451,52,2864,9,23,8,18,5.34510612487793,0.8018016815185547,0,1,0,0,1,1,52538,443,non_streaming
169,1,647,-1,1458,-1,1458,-1,2864,-1,52,1,1458,-1,1458,-1,0.04696846008300781,0.025033950805664062,0.026941299438476562,0.027894973754882812,0.37097930908203125,0.0400543212890625,0.03409385681152344,43063,52,2864,8,24,6,22,2.689838409423828,0.37097930908203125,0,1,0,0,1,1,52538,443,non_streaming
52,1,52,1,52,1,1458,-1,2864,-1,1458,-1,3005,-1,52,1,0.07009506225585938,0.1289844512939453,0.10609626770019531,0.06198883056640625,0.16498565673828125,0.0629425048828125,0.24390220642089844,42962,52,4270,10,22,8,20,2.9020309448242188,0.34618377685546875,0,1,0,0,0,1,52538,443,non_streaming
52,1,1458,-1,1458,-1,647,-1,1458,-1,1458,-1,2864,-1,1458,-1,0.37598609924316406,0.03790855407714844,0.00095367431640625,0.0011920928955078125,0.03600120544433594,0.041961669921875,0.041961669921875,48929,52,2864,5,27,4,25,2.0978450775146484,0.37598609924316406,0,1,0,0,0,1,52538,443,non_streaming
1458,-1,1458,-1,2864,-1,2864,-1,1458,-1,52,1,52,1,1599,-1,0.03695487976074219,0.041961669921875,0.0438690185546875,0.04315376281738281,0.04291534423828125,0.09703636169433594,0.0629425048828125,58880,52,4270,8,24,6,23,2.9039382934570312,0.8640289306640625,0,1,0,0,0,1,52538,443,non_streaming
2670,-1,2864,-1,1458,-1,2864,-1,2864,-1,2864,-1,52,1,1458,-1,0.06103515625,0.05984306335449219,0.0021457672119140625,0.05888938903808594,0.06198883056640625,0.06008148193359375,0.00095367431640625,60082,52,4270,9,23,7,22,1.631021499633789,0.13113021850585938,0,1,0,0,1,1,52538,443,non_streaming
1458,-1,4270,-1,2864,-1,2864,-1,52,1,52,1,52,1,52,1,0.06198883056640625,0.06103515625,0.06198883056640625,0.00095367431640625,0.012159347534179688,0.04601478576660156,0.11587142944335938,71195,52,4270,9,23,9,23,1.64794921875,0.12612342834472656,0,1,0,0,0,1,52538,443,non_streaming
169,1,52,-1,169,-1,52,1,169,1,52,-1,681,1,52,-1,0.3619194030761719,3.715991973876953,0.4432201385498047,0.48279762268066406,42.79899597167969,0.5540847778320312,0.30612945556640625,10682,52,1577,15,17,23,4,78.28092575073242,42.79899597167969,0,1,0,0,1,1,52538,443,non_streaming
1458,-1,1458,-1,1458,-1,1458,-1,52,1,52,1,1681,-1,1458,-1,0.02384185791015625,0.027179718017578125,0.027894973754882812,0.30493736267089844,0.20503997802734375,0.05507469177246094,0.030994415283203125,28030,52,2864,10,22,11,16,5.846977233886719,1.9588470458984375,0,1,0,0,1,1,52538,443,non_streaming
1458,-1,1458,-1,169,1,52,1,52,1,52,-1,1458,-1,1458,-1,0.025987625122070312,0.017881393432617188,0.45013427734375,0.012874603271484375,0.08893013000488281,0.03600120544433594,0.014066696166992188,32739,52,2864,9,23,8,19,2.8018951416015625,0.45013427734375,0,1,0,0,0,1,52538,443,non_streaming
52,1,52,1,1004,-1,403,1,1458,-1,171,-1,520,1,52,-1,0.29587745666503906,0.08702278137207031,0.5500316619873047,0.13494491577148438,0.38504600524902344,0.3559589385986328,0.37598609924316406,36618,52,2864,10,22,9,18,4.513978958129883,0.5500316619873047,0,1,0,0,0,1,52538,443,non_streaming
1458,-1,2864,-1,52,1,52,1,169,1,1361,-1,52,-1,2864,-1,0.04792213439941406,0.012159347534179688,0.1728534698486328,0.18715858459472656,0.3688335418701172,0.0030994415283203125,0.04696846008300781,40959,52,4270,10,22,10,20,2.4390220642089844,0.3688335418701172,0,1,0,0,0,1,52538,443,non_streaming
1004,-1,52,1,52,1,871,1,1458,-1,2864,-1,1458,-1,1458,-1,0.3120899200439453,0.015020370483398438,0.29587745666503906,0.13208389282226562,0.028848648071289062,0.030994415283203125,0.03504753112792969,43648,52,2864,8,24,6,21,3.039121627807617,0.38313865661621094,0,1,0,0,1,1,52538,443,non_streaming
2864,-1,2864,-1,2864,-1,1458,-1,1458,-1,2864,-1,637,1,52,1,0.04982948303222656,0.050067901611328125,0.052928924560546875,0.0021457672119140625,0.053882598876953125,0.013113021850585938,0.00095367431640625,61145,52,4270,10,22,6,24,2.7990341186523438,0.3790855407714844,0,1,0,0,1,1,52538,443,non_streaming
1458,-1,1458,-1,1458,-1,2864,-1,1458,-1,2864,-1,1458,-1,2864,-1,0.027894973754882812,0.030994415283203125,0.03409385681152344,0.032901763916015625,0.04410743713378906,0.031948089599609375,0.04315376281738281,68165,52,4270,4,28,3,28,2.045869827270508,0.3790855407714844,0,1,0,0,0,1,52538,443,non_streaming
52,1,1458,-1,4270,-1,2864,-1,7082,-1,5676,-1,1427,-1,52,1,0.028848648071289062,0.06198883056640625,0.06103515625,0.06413459777832031,0.05984306335449219,0.0021457672119140625,0.11491775512695312,50724,52,7082,10,22,9,22,4.180908203125,1.0859966278076172,0,1,0,0,0,1,52538,443,non_streaming
169,1,52,-1,169,-1,169,1,52,-1,681,1,52,-1,169,-1,0.34999847412109375,3.6940574645996094,1.260995864868164,0.39505958557128906,0.6589889526367188,0.3159046173095703,3.777027130126953,11150,52,4270,13,19,25,2,66.37310981750488,22.341012954711914,0,1,0,0,1,1,52538,443,non_streaming
169,-1,169,1,52,-1,681,1,52,-1,169,-1,2864,-1,1458,-1,1.1551380157470703,41.69487953186035,0.5540847778320312,0.30303001403808594,3.718852996826172,14.65296745300293,0.06103515625,28681,52,4270,11,21,17,10,76.82013511657715,41.69487953186035,0,1,0,0,1,1,52538,443,non_streaming
52,1,52,1,647,-1,754,1,52,-1,169,1,52,-1,1577,-1,0.09202957153320312,0.3001689910888672,0.6539821624755859,0.4019737243652344,0.4730224609375,0.31685829162597656,1.9810199737548828,30637,52,2864,12,20,13,15,6.788015365600586,1.9810199737548828,0,1,0,0,0,1,52538,443,non_streaming
1458,-1,52,1,52,1,647,-1,2864,-1,1105,1,2864,-1,52,1,0.1621246337890625,0.33593177795410156,0.026941299438476562,0.21600723266601562,0.4291534423828125,0.1499652862548828,0.017881393432617188,34629,52,2864,11,21,10,16,5.329132080078125,0.6091594696044922,0,1,0,0,1,1,52538,443,non_streaming
52,1,1458,-1,1458,-1,169,1,1458,-1,2864,-1,52,1,52,1,0.04792213439941406,0.0591278076171875,0.14591217041015625,0.17404556274414062,0.06508827209472656,0.07581710815429688,0.25200843811035156,35325,52,2864,10,22,10,17,3.103971481323242,0.38313865661621094,0,1,0,0,0,1,52538,443,non_streaming
2864,-1,2864,-1,2864,-1,403,1,52,1,885,-1,52,1,1458,-1,0.04410743713378906,0.051975250244140625,0.1709461212158203,0.17595291137695312,0.0171661376953125,0.1690387725830078,0.13685226440429688,57373,52,4270,10,22,6,20,3.620147705078125,0.41103363037109375,0,1,0,0,0,1,52538,443,non_streaming
4270,-1,1458,-1,871,1,52,1,52,1,1242,-1,2864,-1,2864,-1,0.06008148193359375,0.247955322265625,0.00095367431640625,0.10800361633300781,0.17404556274414062,0.06198883056640625,0.05793571472167969,49746,52,4270,11,21,9,21,2.106904983520508,0.247955322265625,0,1,0,0,0,1,52538,443,non_streaming
4270,-1,4270,-1,2864,-1,1242,-1,2864,-1,4270,-1,2864,-1,4270,-1,0.12278556823730469,0.06604194641113281,0.00095367431640625,0.05817413330078125,0.05888938903808594,0.06103515625,0.06198883056640625,77489,52,4270,5,27,5,27,2.0608901977539062,0.4029273986816406,0,1,0,0,1,1,52538,443,non_streaming
52,1,52,1,3882,-1,4270,-1,1458,-1,2864,-1,2864,-1,8488,-1,0.09298324584960938,0.08988380432128906,0.06198883056640625,0.0591278076171875,0.06103515625,0.06079673767089844,0.06413459777832031,100996,52,8488,8,24,8,24,2.1669864654541016,0.2930164337158203,0,1,0,0,0,1,52538,443,non_streaming
52,1,52,1,52,1,52,1,52,1,52,1,52,1,52,1,0.17905235290527344,0.07414817810058594,0.05078315734863281,0.3790855407714844,0.00095367431640625,0.00095367431640625,0.048160552978515625,45030,52,4270,13,19,12,19,10.408163070678711,6.716012954711914,0,1,0,0,0,1,52538,443,non_streaming
1458,-1,1458,-1,1458,-1,169,1,52,-1,403,1,647,-1,286,1,0.00095367431640625,0.03600120544433594,0.015974044799804688,0.09799003601074219,0.3972053527832031,0.28395652770996094,0.49686431884765625,31099,52,1577,7,25,9,19,5.990028381347656,1.7490386962890625,0,1,0,0,1,1,52538,443,non_streaming
1458,-1,637,1,52,1,52,1,1458,-1,1458,-1,1123,-1,52,1,0.04601478576660156,0.00095367431640625,0.15306472778320312,0.0629425048828125,0.030040740966796875,0.030040740966796875,0.49304962158203125,24192,52,2864,13,19,14,12,4.00996208190918,0.49304962158203125,0,1,0,0,0,1,52538,443,non_streaming
1458,-1,1458,-1,169,1,52,1,1458,-1,2864,-1,1458,-1,1458,-1,0.025987625122070312,0.025033950805664062,0.3008842468261719,0.2911090850830078,0.017881393432617188,0.041961669921875,0.024080276489257812,35434,52,2864,9,23,9,21,2.246856689453125,0.3008842468261719,0,1,0,0,0,1,52538,443,non_streaming
1458,-1,1004,-1,52,1,52,1,52,-1,1458,-1,1458,-1,1458,-1,0.025987625122070312,0.38814544677734375,0.012874603271484375,0.26106834411621094,0.0400543212890625,0.014781951904296875,0.024080276489257812,40382,52,3816,9,23,7,21,3.1189918518066406,0.38814544677734375,0,1,0,0,0,1,52538,443,non_streaming
2864,-1,2864,-1,1458,-1,4270,-1,52,1,1123,-1,1458,-1,1458,-1,0.051021575927734375,0.2808570861816406,0.05602836608886719,0.051021575927734375,0.0050067901611328125,0.102996826171875,0.14901161193847656,60506,52,4270,6,26,5,23,3.342866897583008,0.5958080291748047,0,1,0,0,0,1,52538,443,non_streaming
52,1,52,1,2864,-1,52,1,169,1,74,-1,2864,-1,1458,-1,0.025033950805664062,0.0030994415283203125,0.42700767517089844,0.45680999755859375,0.11205673217773438,0.06103515625,0.016927719116210938,51628,52,4270,7,25,7,24,2.6781558990478516,0.45680999755859375,0,1,0,0,0,1,52538,443,non_streaming
2864,-1,2864,-1,2864,-1,52,1,907,-1,169,1,52,-1,52,1,0.0591278076171875,0.0629425048828125,0.00095367431640625,0.00095367431640625,0.0011920928955078125,0.11587142944335938,0.3230571746826172,28892,52,2864,13,19,14,14,3.7441253662109375,0.4520416259765625,0,1,0,0,0,1,52538,443,non_streaming
1458,-1,1458,-1,1458,-1,1458,-1,1458,-1,1458,-1,1458,-1,1458,-1,0.016927719116210938,0.019073486328125,0.0247955322265625,0.023126602172851562,0.025033950805664062,0.027894973754882812,0.026941299438476562,67455,52,4270,2,30,2,30,1.645803451538086,0.24819374084472656,0,1,0,0,0,1,52538,443,non_streaming
2864,-1,169,1,52,1,52,1,52,1,52,-1,2864,-1,1458,-1,0.003814697265625,0.029087066650390625,0.41294097900390625,0.028133392333984375,0.22292137145996094,0.05793571472167969,0.0171661376953125,45905,52,2864,7,25,7,24,1.5549659729003906,0.41294097900390625,0,1,0,0,1,1,52538,443,non_streaming
169,1,52,-1,169,-1,169,1,52,-1,681,1,52,-1,169,-1,0.3840923309326172,3.7698745727539062,1.0271072387695312,0.3509521484375,1.0979175567626953,0.3120899200439453,3.7980079650878906,11251,52,1458,12,20,21,4,136.10100746154785,49.55601692199707,0,1,0,0,1,1,52538,443,non_streaming
52,1,169,1,52,-1,681,1,52,-1,169,-1,52,1,1577,-1,0.6501674652099609,0.32782554626464844,0.5421638488769531,0.247955322265625,3.8449764251708984,0.5979537963867188,14.58597183227539,19771,52,4270,15,17,20,8,34.56616401672363,14.58597183227539,0,1,0,0,0,1,52538,443,non_streaming
52,1,52,-1,403,1,290,-1,52,-1,1458,-1,1458,-1,286,1,0.0050067901611328125,0.30612945556640625,0.4048347473144531,0.0011920928955078125,0.029802322387695312,0.049114227294921875,0.4220008850097656,18673,52,1458,13,19,13,10,6.004095077514648,0.5481243133544922,0,1,0,0,0,1,52538,443,non_streaming
286,1,171,-1,2864,-1,1458,-1,1458,-1,1458,-1,1458,-1,403,1,0.20599365234375,0.04601478576660156,0.041961669921875,0.17905235290527344,0.026941299438476562,0.028848648071289062,0.01621246337890625,32971,52,2864,12,20,9,17,2.724885940551758,0.22602081298828125,0,1,0,0,1,1,52538,443,non_streaming
403,1,885,-1,1458,-1,2864,-1,2864,-1,52,1,1458,-1,2864,-1,0.2090930938720703,0.2110004425048828,0.051021575927734375,0.052928924560546875,0.06103515625,0.052928924560546875,0.05698204040527344,44598,52,4270,11,21,7,19,3.8251876831054688,0.3910064697265625,0,1,0,0,1,1,52538,443,non_streaming
1458,-1,1458,-1,2864,-1,403,1,52,1,52,1,1123,-1,4270,-1,0.00095367431640625,0.05698204040527344,0.19288063049316406,0.16617774963378906,0.013828277587890625,0.18715858459472656,0.06079673767089844,51501,52,4270,10,22,6,19,2.9778480529785156,0.3008842468261719,0,1,0,0,1,1,52538,443,non_streaming
52,1,74,-1,2864,-1,1458,-1,1458,-1,1458,-1,1458,-1,1458,-1,0.030040740966796875,0.06318092346191406,0.02384185791015625,0.025987625122070312,0.023126602172851562,0.02384185791015625,0.025033950805664062,40162,52,2864,10,22,10,20,1.5361309051513672,0.2219676971435547,0,1,0,0,0,1,52538,443,non_streaming
1458,-1,2864,-1,2864,-1,1456,1,1458,-1,1458,-1,52,1,52,1,0.04982948303222656,0.051021575927734375,0.11301040649414062,0.010967254638671875,0.05507469177246094,0.06794929504394531,0.2491474151611328,76075,52,4270,6,26,4,26,2.5489330291748047,0.8380413055419922,0,1,0,0,0,1,52538,443,non_streaming
52,1,713,-1,286,1,1577,-1,2864,-1,1458,-1,1458,-1,2864,-1,0.02002716064453125,0.2200603485107422,0.7948875427246094,0.04696846008300781,0.0011920928955078125,0.0438690185546875,0.050067901611328125,61425,52,4270,8,24,4,23,3.0879974365234375,0.8170604705810547,0,1,0,0,0,1,52538,443,non_streaming
2864,-1,2864,-1,1458,-1,1105,1,52,1,52,1,1458,-1,4270,-1,0.049114227294921875,0.050067901611328125,0.06389617919921875,0.13303756713867188,0.015020370483398438,0.17189979553222656,0.05793571472167969,65587,52,4270,8,24,6,24,1.8639564514160156,0.31685829162597656,0,1,0,0,0,1,52538,443,non_streaming
169,1,52,-1,169,-1,52,1,169,1,52,-1,681,1,52,-1,0.3769397735595703,3.793001174926758,0.5929470062255859,0.7581710815429688,47.26886749267578,0.6661415100097656,0.3559589385986328,10666,52,2864,16,16,24,3,83.52994918823242,47.26886749267578,0,1,0,0,1,1,52538,443,non_streaming
169,1,52,-1,169,1,52,-1,169,-1,52,1,169,1,52,-1,0.28514862060546875,0.84686279296875,0.33402442932128906,3.695964813232422,0.5741119384765625,22.753000259399414,0.2110004425048828,13343,52,1458,12,20,22,6,65.58895111083984,22.753000259399414,0,1,0,0,1,1,52538,443,non_streaming
1458,-1,1458,-1,1458,-1,1458,-1,1458,-1,1458,-1,52,1,52,1,0.024080276489257812,0.026941299438476562,0.030040740966796875,0.028848648071289062,0.03314018249511719,0.3428459167480469,0.012159347534179688,35421,52,2864,8,24,6,21,6.943941116333008,3.579854965209961,0,1,0,0,0,1,52538,443,non_streaming
1458,-1,2864,-1,169,1,52,1,647,-1,637,1,1577,-1,2864,-1,0.03790855407714844,0.08893013000488281,0.22602081298828125,0.18715858459472656,0.4107952117919922,2.3331642150878906,0.017881393432617188,36376,52,2864,10,22,7,19,5.969047546386719,2.3331642150878906,0,1,0,0,0,1,52538,443,non_streaming
1458,-1,52,1,52,1,885,-1,1458,-1,1458,-1,1458,-1,1458,-1,0.09417533874511719,0.1418590545654297,0.013113021850585938,0.017881393432617188,0.0209808349609375,0.023126602172851562,0.02384185791015625,36973,52,2864,12,20,8,16,3.6520957946777344,0.49996376037597656,0,1,0,0,1,1,52538,443,non_streaming
1458,-1,2864,-1,1458,-1,2864,-1,2864,-1,2864,-1,1458,-1,169,1,0.053882598876953125,0.00095367431640625,0.050067901611328125,0.05507469177246094,0.05793571472167969,0.05793571472167969,0.28204917907714844,43662,52,2864,7,25,6,22,2.6938915252685547,0.3650188446044922,0,1,0,0,0,1,52538,443,non_streaming
52,1,520,1,1458,-1,1458,-1,1458,-1,52,1,1458,-1,1458,-1,0.11706352233886719,0.2639293670654297,0.0209808349609375,0.025033950805664062,0.015974044799804688,0.19598007202148438,0.027894973754882812,42121,52,4270,8,24,6,22,2.0799636840820312,0.3581047058105469,0,1,0,0,0,1,52538,443,non_streaming
2864,-1,52,1,52,1,1242,-1,2864,-1,1458,-1,1458,-1,1458,-1,0.1838207244873047,0.2090930938720703,0.5419254302978516,0.03600120544433594,0.03504753112792969,0.03910064697265625,0.00095367431640625,52572,52,4270,8,24,7,24,2.624988555908203,0.5419254302978516,0,1,0,0,1,1,52538,443,non_streaming
907,-1,52,1,1458,-1,1458,-1,52,1,1458,-1,1458,-1,528,-1,0.09894371032714844,0.20694732666015625,0.050067901611328125,0.26488304138183594,0.09202957153320312,0.05602836608886719,0.00095367431640625,43418,52,2864,7,25,4,23,6.252050399780273,2.974987030029297,0,1,0,0,1,1,52538,443,non_streaming
2864,-1,2864,-1,2864,-1,4270,-1,2864,-1,4270,-1,2864,-1,52,1,0.051021575927734375,0.052928924560546875,0.05698204040527344,0.05602836608886719,0.06008148193359375,0.06103515625,0.030994415283203125,75794,52,4270,6,26,6,25,1.2691020965576172,0.06389617919921875,0,1,0,0,0,1,52538,443,non_streaming
681,1,52,-1,169,-1,1458,-1,1458,-1,1458,-1,52,1,990,-1,0.4248619079589844,3.737926483154297,14.19210433959961,0.06198883056640625,0.06198883056640625,0.45299530029296875,0.370025634765625,30634,52,4270,12,20,16,11,78.9339542388916,48.75016212463379,0,1,0,0,1,1,52538,443,non_streaming
1458,-1,1458,-1,1458,-1,2291,-1,52,1,52,1,403,1,1458,-1,0.024080276489257812,0.1780986785888672,0.0247955322265625,0.09012222290039062,0.17189979553222656,0.025987625122070312,0.07605552673339844,35448,52,2864,9,23,8,19,2.541065216064453,0.3070831298828125,0,1,0,0,0,1,52538,443,non_streaming
4270,-1,169,1,1458,-1,52,1,52,-1,2864,-1,1458,-1,1458,-1,0.05602836608886719,0.003814697265625,0.08702278137207031,0.05412101745605469,0.06198883056640625,0.02002716064453125,0.02384185791015625,46603,52,4270,8,24,7,24,1.7359256744384766,0.2651214599609375,0,1,0,0,0,1,52538,443,non_streaming
2864,-1,286,1,431,-1,52,1,52,1,52,1,169,1,1458,1,0.025033950805664062,0.03409385681152344,0.03600120544433594,0.17404556274414062,0.015020370483398438,0.8678436279296875,0.2541542053222656,54315,52,4270,10,22,8,22,2.7341842651367188,0.8678436279296875,0,1,0,0,1,1,52538,443,non_streaming
2864,-1,4270,-1,52,1,52,1,2864,-1,4270,-1,52,1,1458,-1,0.06580352783203125,0.024080276489257812,0.014066696166992188,0.019073486328125,0.06079673767089844,0.05817413330078125,0.0019073486328125,63711,52,4270,7,25,8,24,1.416921615600586,0.1838207244873047,0,1,0,0,0,1,52538,443,non_streaming
1458,-1,2864,-1,1458,-1,1458,-1,1458,-1,1458,-1,2864,-1,1458,-1,0.03600120544433594,0.03695487976074219,0.03910064697265625,0.00095367431640625,0.03910064697265625,0.0438690185546875,0.04601478576660156,59136,52,4270,6,26,5,27,1.3680458068847656,0.10085105895996094,0,1,0,0,0,1,52538,443,non_streaming
169,1,52,-1,169,-1,169,1,52,-1,681,1,52,-1,169,-1,0.47707557678222656,3.6590099334716797,1.2400150299072266,0.3509521484375,0.5221366882324219,0.34499168395996094,3.7479400634765625,11362,52,1458,11,21,23,4,78.95112037658691,18.097877502441406,0,1,0,0,1,1,52538,443,non_streaming
169,1,52,-1,249,1,52,-1,361,1,52,-1,169,-1,4270,-1,0.3287792205810547,1.89208984375,0.34999847412109375,0.5381107330322266,0.3788471221923828,3.699064254760742,3.5359859466552734,34394,52,4270,11,21,15,13,17.453908920288086,3.699064254760742,0,1,0,0,1,1,52538,443,non_streaming
2864,-1,1458,-1,1458,-1,1458,-1,2864,-1,1458,-1,1458,-1,1458,-1,0.0019073486328125,0.05888938903808594,0.0011920928955078125,0.06198883056640625,0.20599365234375,0.09393692016601562,0.0629425048828125,42835,52,2864,8,24,8,22,5.190849304199219,1.0199546813964844,0,1,0,0,1,1,52538,443,non_streaming
52,1,52,1,647,-1,52,1,1577,-1,1458,-1,52,1,171,-1,0.20503997802734375,0.16188621520996094,0.4839897155761719,15.673160552978516,0.06198883056640625,0.5218982696533203,0.347137451171875,31187,52,2864,12,20,13,16,90.21496772766113,26.710033416748047,0,1,0,0,0,1,52538,443,non_streaming
1458,-1,52,1,734,-1,52,1,169,1,377,-1,169,1,52,-1,0.3209114074707031,0.30422210693359375,0.07891654968261719,43.06387901306152,0.3311634063720703,1.2018680572509766,44.41714286804199,23196,52,2864,12,20,17,13,471.6329574584961,191.7719841003418,0,1,0,0,0,1,52538,443,non_streaming
52,-1,1458,-1,1458,-1,1458,-1,1458,-1,1458,-1,1458,-1,871,1,0.03600120544433594,0.010013580322265625,0.024080276489257812,0.025033950805664062,0.02384185791015625,0.023126602172851562,0.26702880859375,38812,52,3563,8,24,7,21,2.8879642486572266,0.5090236663818359,0,1,0,0,0,1,52538,443,non_streaming
1458,-1,1458,-1,1458,-1,520,1,52,1,52,1,52,1,69,-1,0.023126602172851562,0.02384185791015625,0.2090930938720703,0.014066696166992188,0.12302398681640625,0.14495849609375,0.010967254638671875,18327,52,1577,15,17,17,10,6.806135177612305,0.4379749298095703,0,1,0,0,0,1,52538,443,non_streaming
1458,-1,2294,-1,52,1,403,1,52,1,52,1,52,-1,1577,-1,0.03409385681152344,0.13113021850585938,0.033855438232421875,0.009059906005859375,0.16689300537109375,0.32806396484375,0.04601478576660156,40476,52,2864,9,23,7,21,2.256155014038086,0.32806396484375,0,1,0,0,1,1,52538,443,non_streaming
169,1,52,-1,169,-1,169,1,52,-1,681,1,52,-1,169,-1,0.3681182861328125,3.7660598754882812,1.035928726196289,0.3609657287597656,0.4839897155761719,0.3390312194824219,3.735065460205078,11033,52,1458,12,20,23,4,41.33319854736328,14.68205451965332,0,1,0,0,1,1,52538,443,non_streaming
169,1,52,-1,169,-1,169,1,52,-1,681,1,52,-1,169,-1,0.3590583801269531,3.7429332733154297,1.074075698852539,0.13685226440429688,0.4820823669433594,0.26297569274902344,3.7550926208496094,23958,52,1458,9,23,15,13,75.25300979614258,40.785789489746094,0,1,0,0,1,1,52538,443,non_streaming
2864,-1,1458,-1,2276,-1,169,1,52,-1,52,1,520,1,52,-1,0.03314018249511719,0.03695487976074219,0.1380443572998047,0.38695335388183594,0.13899803161621094,0.23508071899414062,0.24080276489257812,33081,52,2864,9,23,11,19,6.409168243408203,2.566099166870117,0,1,0,0,1,1,52538,443,non_streaming
169,1,647,-1,52,1,52,1,52,-1,1458,-1,1458,-1,1458,-1,0.0019073486328125,0.37097930908203125,0.15997886657714844,0.15115737915039062,0.03790855407714844,0.011920928955078125,0.024080276489257812,25128,52,1577,11,21,13,14,4.516839981079102,0.6351470947265625,0,1,0,0,1,1,52538,443,non_streaming
1458,-1,1458,-1,1458,-1,1458,-1,52,1,1458,-1,52,1,52,1,0.02288818359375,0.023126602172851562,0.0247955322265625,0.12612342834472656,0.15807151794433594,0.010967254638671875,0.225067138671875,39432,52,2864,11,21,8,18,3.003835678100586,0.40793418884277344,0,1,0,0,0,1,52538,443,non_streaming
2864,-1,1458,-1,1105,1,52,1,52,1,528,-1,2864,-1,1458,-1,0.05793571472167969,0.07605552673339844,0.1571178436279297,0.09894371032714844,0.6339550018310547,0.0591278076171875,0.03981590270996094,69676,52,4270,4,28,3,26,9.174108505249023,7.113933563232422,0,1,0,0,0,1,52538,443,non_streaming
1458,1,401,1,52,1,52,1,1458,-1,4270,-1,1458,-1,1458,-1,0.18906593322753906,0.013828277587890625,0.0011920928955078125,0.1628398895263672,0.06318092346191406,0.05984306335449219,0.09799003601074219,70995,52,4270,8,24,6,25,2.109050750732422,0.24819374084472656,0,1,0,0,0,1,52538,443,non_streaming
2864,-1,5676,-1,1458,-1,7082,-1,8488,-1,7082,-1,4270,-1,52,1,0.0629425048828125,0.06008148193359375,0.06389617919921875,0.06198883056640625,0.0629425048828125,0.06508827209472656,0.025987625122070312,76171,52,8488,11,21,11,21,2.1209716796875,0.19884109497070312,0,1,0,0,0,1,52538,443,non_streaming
1339,1,52,1,1458,-1,2864,-1,52,1,2864,-1,2864,-1,4270,-1,0.011205673217773438,0.07581710815429688,0.06198883056640625,0.0050067901611328125,0.05698204040527344,0.06103515625,0.06198883056640625,75891,52,7082,7,25,6,26,1.7731189727783203,0.1308917999267578,0,1,0,0,1,1,52538,443,non_streaming
1456,1,1458,-1,1458,-1,52,1,1458,-1,52,1,52,1,52,1,0.048160552978515625,0.06198883056640625,0.032901763916015625,0.026941299438476562,0.08702278137207031,0.10013580322265625,0.1468658447265625,34518,52,4270,16,16,14,16,4.018068313598633,1.1792182922363281,0,1,0,0,1,1,52538,443,non_streaming
169,1,169,-1,52,1,681,-1,52,1,169,1,2864,1,1458,1,1.0528564453125,0.28014183044433594,0.37097930908203125,0.3368854522705078,3.6420822143554688,14.287948608398438,0.06103515625,12631,52,2864,21,11,22,4,102.17404365539551,57.166099548339844,0,1,0,0,1,1,443,52538,non_streaming
647,1,1458,1,2864,1,2864,1,169,-1,52,-1,52,-1,52,-1,0.22292137145996094,0.04315376281738281,0.04696846008300781,0.02193450927734375,0.03910064697265625,0.27179718017578125,0.15020370483398438,33685,52,2864,20,12,11,16,4.9610137939453125,0.8139610290527344,0,1,0,0,1,1,443,52538,non_streaming
169,-1,1458,1,1458,1,1458,1,1458,1,1458,1,766,1,52,-1,0.11301040649414062,0.012159347534179688,0.02288818359375,0.025033950805664062,0.024080276489257812,0.12993812561035156,0.17499923706054688,43533,52,3816,24,8,6,21,2.907991409301758,0.37407875061035156,0,1,0,0,1,1,443,52538,non_streaming
403,-1,52,-1,52,-1,647,1,2864,1,2864,1,2864,1,2864,1,0.012159347534179688,0.1709461212158203,0.5269050598144531,0.05316734313964844,0.04291534423828125,0.04506111145019531,0.04696846008300781,58069,52,4270,22,10,7,21,2.362966537475586,0.5269050598144531,0,1,0,0,1,1,443,52538,non_streaming
1458,1,52,-1,431,1,52,-1,52,-1,520,-1,1458,1,2864,1,0.08606910705566406,0.0040531158447265625,0.016927719116210938,0.21505355834960938,0.20194053649902344,0.050067901611328125,0.03600120544433594,47658,52,2864,23,9,7,20,2.012014389038086,0.23484230041503906,0,1,0,0,0,1,443,52538,non_streaming
169,-1,52,-1,52,-1,52,-1,1458,-1,1004,1,2864,1,1458,1,0.21314620971679688,0.1678466796875,0.011920928955078125,0.3120899200439453,0.04792213439941406,0.04410743713378906,0.04696846008300781,52695,52,4270,21,11,9,21,1.8949508666992188,0.3120899200439453,0,1,0,0,1,1,443,52538,non_streaming
52,-1,1458,1,4270,1,1458,1,1458,1,4270,1,2864,1,1458,1,0.3809928894042969,0.0629425048828125,0.06222724914550781,0.00095367431640625,0.05793571472167969,0.06103515625,0.06103515625,68244,52,4270,24,8,6,25,1.9800662994384766,0.3809928894042969,0,1,0,0,0,1,443,52538,non_streaming
4270,1,2864,1,52,-1,52,-1,52,-1,4270,1,2864,1,1458,1,0.06103515625,0.013828277587890625,0.00095367431640625,0.0011920928955078125,0.04601478576660156,0.06198883056640625,0.06103515625,69965,52,4270,21,11,8,23,5.028009414672852,3.8039684295654297,0,1,0,0,0,1,443,52538,non_streaming
4270,1,2864,1,4270,1,2864,1,4270,1,2864,1,52,-1,52,-1,0.06103515625,0.06198883056640625,0.06079673767089844,0.06103515625,0.06103515625,0.013113021850585938,0.00095367431640625,86024,52,4270,27,5,5,27,1.5368461608886719,0.0629425048828125,0,1,0,0,0,1,443,52538,non_streaming
169,1,52,-1,169,-1,169,1,52,-1,681,1,52,-1,169,-1,0.2999305725097656,3.7338733673095703,0.8780956268310547,0.30303001403808594,0.4038810729980469,0.32901763916015625,3.748178482055664,11150,52,1458,12,20,22,4,50.80986022949219,14.292001724243164,0,1,0,0,1,1,52538,443,non_streaming
169,-1,169,1,52,-1,681,1,52,-1,169,-1,1458,-1,1458,-1,0.9009838104248047,42.047977447509766,0.47898292541503906,0.27108192443847656,3.8139820098876953,14.047861099243164,0.028133392333984375,22940,52,2864,9,23,15,12,74.18394088745117,42.047977447509766,0,1,0,0,1,1,52538,443,non_streaming
1458,-1,1458,-1,1458,-1,1458,-1,520,1,52,1,1458,-1,1458,-1,0.024080276489257812,0.025033950805664062,0.22482872009277344,0.030994415283203125,0.09703636169433594,0.024080276489257812,0.029087066650390625,29465,52,2648,11,21,9,17,3.412961959838867,0.36907196044921875,0,1,0,0,0,1,52538,443,non_streaming
52,1,52,1,1004,-1,1458,-1,1458,-1,1458,-1,1458,-1,1458,-1,0.20194053649902344,0.5180835723876953,0.03910064697265625,0.02193450927734375,0.025987625122070312,0.025033950805664062,0.029087066650390625,46359,52,4270,9,23,6,21,3.170013427734375,0.5180835723876953,0,1,0,0,0,1,52538,443,non_streaming
2864,-1,2864,-1,1458,-1,1458,-1,2864,-1,1458,-1,403,1,52,1,0.06198883056640625,0.17714500427246094,0.0629425048828125,0.00095367431640625,0.05793571472167969,0.24318695068359375,0.011920928955078125,61208,52,4270,4,28,4,27,4.452943801879883,1.5637874603271484,0,1,0,0,0,1,52538,443,non_streaming
1577,-1,1458,-1,1458,-1,1458,-1,1458,-1,1458,-1,1458,-1,1458,-1,0.009059906005859375,0.025033950805664062,0.0247955322265625,0.023126602172851562,0.025033950805664062,0.02288818359375,0.1289844512939453,51245,52,4270,6,26,5,26,3.9708614349365234,2.1169185638427734,0,1,0,0,1,1,52538,443,non_streaming
2864,-1,1458,-1,4270,-1,2864,-1,1458,-1,2864,-1,2864,-1,2864,-1,0.050067901611328125,0.05602836608886719,0.053882598876953125,0.05793571472167969,0.0011920928955078125,0.05793571472167969,0.06103515625,69002,52,4790,7,25,7,24,2.104043960571289,0.4200935363769531,0,1,0,0,0,1,52538,443,non_streaming
1458,-1,2864,-1,1458,-1,2864,-1,1458,-1,2864,-1,2864,-1,1026,-1,0.05888938903808594,0.0011920928955078125,0.05698204040527344,0.06198883056640625,0.00095367431640625,0.06008148193359375,0.06079673767089844,74172,52,4270,4,28,4,27,1.8210411071777344,0.2751350402832031,0,1,0,0,0,1,52538,443,non_streaming
183,1,183,-1,167,1,1458,-1,1458,-1,1458,-1,52,1,1046,-1,3.8340091705322266,1.0709762573242188,67.10386276245117,0.023126602172851562,0.07891654968261719,0.2810955047607422,0.35190582275390625,26955,52,2864,11,21,14,14,97.00584411621094,67.10386276245117,0,1,0,0,1,1,47774,1194,non_streaming
52,1,1456,-1,52,1,1458,-1,1458,-1,1458,-1,282,1,52,1,0.1800060272216797,0.0,0.2601146697998047,0.04482269287109375,0.04696846008300781,0.2009868621826172,0.5140304565429688,41595,52,2864,10,22,7,20,6.551980972290039,3.582000732421875,0,1,0,0,0,1,47774,1194,non_streaming
1458,-1,4270,-1,1458,-1,52,1,1458,-1,52,1,4270,-1,1220,-1,0.06103515625,0.06008148193359375,0.1468658447265625,0.00095367431640625,0.027179718017578125,0.034809112548828125,0.06008148193359375,63490,52,4385,7,25,5,25,3.0040740966796875,0.4851818084716797,0,1,0,0,0,1,47774,1194,non_streaming
1458,-1,1458,-1,2864,-1,52,1,1458,-1,52,1,52,1,1458,-1,0.07319450378417969,0.0629425048828125,0.04601478576660156,0.012874603271484375,0.030994415283203125,0.0011920928955078125,0.06079673767089844,54580,52,4270,9,23,6,24,2.1162033081054688,0.34117698669433594,0,1,0,0,1,1,47774,1194,non_streaming
52,1,1458,-1,2864,-1,2864,-1,2864,-1,2864,-1,2864,-1,1458,-1,0.02193450927734375,0.05698204040527344,0.06008148193359375,0.06103515625,0.06198883056640625,0.06198883056640625,0.00095367431640625,61957,52,4270,8,24,6,23,2.2640228271484375,0.35381317138671875,0,1,0,0,0,1,47774,1194,non_streaming
2864,-1,4270,-1,1406,1,1458,-1,4270,-1,2864,-1,4270,-1,1458,-1,0.05984306335449219,0.1239776611328125,0.06699562072753906,0.06222724914550781,0.06079673767089844,0.06198883056640625,0.06103515625,70264,52,4270,7,25,6,26,1.6138553619384766,0.21600723266601562,0,1,0,0,0,1,47774,1194,non_streaming
52,1,1458,-1,4270,-1,2864,-1,2864,-1,1458,-1,2864,-1,2864,-1,0.1289844512939453,0.06198883056640625,0.06198883056640625,0.06103515625,0.00095367431640625,0.06008148193359375,0.06198883056640625,63286,52,4270,9,23,9,23,2.2928714752197266,0.42700767517089844,0,1,0,0,0,1,47774,1194,non_streaming
1458,-1,2864,-1,1458,-1,2864,-1,4270,-1,2864,-1,2864,-1,1458,-1,0.0629425048828125,0.0021457672119140625,0.05888938903808594,0.06198883056640625,0.06198883056640625,0.06103515625,0.00095367431640625,74183,52,4270,7,25,4,27,1.6970634460449219,0.31495094299316406,0,1,0,0,0,1,47774,1194,non_streaming
2864,-1,4270,-1,2864,-1,4270,-1,4270,-1,2864,-1,4270,-1,2864,-1,0.06198883056640625,0.06103515625,0.06198883056640625,0.06103515625,0.06079673767089844,0.06222724914550781,0.06079673767089844,83709,52,4270,5,27,4,26,1.9850730895996094,0.3039836883544922,0,1,0,0,0,1,47774,1194,non_streaming
4270,-1,4270,-1,1920,-1,1458,-1,2864,-1,2864,-1,4270,-1,52,1,0.0629425048828125,0.05888938903808594,0.17499923706054688,0.051975250244140625,0.05507469177246094,0.0591278076171875,0.030994415283203125,67853,52,4270,8,24,5,26,3.5219192504882812,0.8008480072021484,0,1,0,0,0,1,47774,1194,non_streaming
1458,-1,1458,-1,52,1,2864,-1,2864,-1,2864,-1,2864,-1,4270,-1,0.1399517059326172,0.0030994415283203125,0.05793571472167969,0.06604194641113281,0.06103515625,0.06103515625,0.0629425048828125,106872,52,8488,4,28,3,29,2.0329952239990234,0.331878662109375,0,1,0,0,1,1,47774,1194,non_streaming
183,1,167,-1,52,1,679,-1,52,1,167,1,1458,1,1458,1,1.0509490966796875,0.2651214599609375,0.49996376037597656,0.3490447998046875,3.763914108276367,13.934135437011719,0.019788742065429688,11500,52,1458,20,12,22,4,64.09907341003418,27.019977569580078,0,1,0,0,1,1,1194,47774,non_streaming
167,1,1458,1,1458,1,1458,1,52,-1,1046,1,167,-1,52,1,14.312982559204102,0.024080276489257812,0.025033950805664062,0.4458427429199219,0.3650188446044922,0.08296966552734375,0.5869865417480469,28558,52,2864,24,8,11,16,27.137041091918945,14.312982559204102,0,1,0,0,1,1,1194,47774,non_streaming
52,-1,52,1,742,-1,52,1,1575,1,1458,1,1458,1,52,-1,0.18787384033203125,0.3809928894042969,0.3750324249267578,3.0159950256347656,0.17905235290527344,0.029087066650390625,0.15687942504882812,32096,52,2864,22,10,10,18,6.613016128540039,3.0159950256347656,0,1,0,0,0,1,1194,47774,non_streaming
1458,1,1458,1,1458,1,1458,1,2864,1,52,-1,1458,1,2864,1,0.025033950805664062,0.026941299438476562,0.029087066650390625,0.030994415283203125,0.07510185241699219,0.04291534423828125,0.03695487976074219,38775,52,2864,22,10,8,19,2.73895263671875,0.308990478515625,0,1,0,0,1,1,1194,47774,non_streaming
2864,1,2864,1,4270,1,627,-1,52,-1,52,-1,871,1,1458,1,0.053882598876953125,0.05602836608886719,0.1430511474609375,0.09989738464355469,0.13303756713867188,0.15497207641601562,0.13494491577148438,50243,52,4270,20,12,8,17,2.9549598693847656,0.3578662872314453,0,1,0,0,0,1,1194,47774,non_streaming
2864,1,1458,1,2864,1,4270,1,52,-1,1458,1,1458,1,2864,1,0.0019073486328125,0.0591278076171875,0.06198883056640625,0.04601478576660156,0.013828277587890625,0.06222724914550781,0.0629425048828125,58344,52,4270,22,10,8,21,2.3620128631591797,0.2589225769042969,0,1,0,0,1,1,1194,47774,non_streaming
1458,1,1458,1,2864,1,52,-1,1458,1,4270,1,2864,1,4270,1,0.00095367431640625,0.06103515625,0.2307891845703125,0.15306472778320312,0.06413459777832031,0.05984306335449219,0.06198883056640625,70068,52,4270,26,6,5,26,2.1848678588867188,0.2739429473876953,0,1,0,0,0,1,1194,47774,non_streaming
52,-1,1458,1,1337,1,52,-1,52,-1,52,-1,1202,-1,1458,1,0.0069141387939453125,0.0019073486328125,0.01811981201171875,0.06389617919921875,0.3421306610107422,0.064849853515625,0.2219676971435547,55984,52,4270,21,11,8,22,2.424001693725586,0.3421306610107422,0,1,0,0,0,1,1194,47774,non_streaming
2864,1,946,-1,52,-1,1458,1,1458,1,2864,1,2864,1,4270,1,0.17595291137695312,0.10585784912109375,0.06508827209472656,0.0629425048828125,0.00095367431640625,0.06008148193359375,0.06198883056640625,76368,52,4270,26,6,5,25,1.7268657684326172,0.17595291137695312,0,1,0,0,1,1,1194,47774,non_streaming
4270,1,2864,1,4270,1,1327,1,1458,1,1458,1,1458,1,1458,1,0.06008148193359375,0.06198883056640625,0.06103515625,0.00095367431640625,0.06008148193359375,0.05888938903808594,0.13899803161621094,55189,52,8488,22,10,8,24,1.772165298461914,0.3509521484375,0,1,0,0,0,1,1194,47774,non_streaming
183,1,52,-1,183,-1,167,1,52,-1,679,1,52,-1,167,-1,0.30493736267089844,3.7200450897216797,0.8831024169921875,0.3349781036376953,0.45299530029296875,0.3209114074707031,3.737926483154297,11250,52,1458,12,20,24,4,52.10304260253906,14.664173126220703,0,1,0,0,1,1,47774,1194,non_streaming
183,-1,167,1,52,-1,679,1,52,-1,167,-1,1458,-1,1458,-1,0.8809566497802734,0.36597251892089844,0.4100799560546875,0.3528594970703125,3.760099411010742,14.322996139526367,0.010013580322265625,21701,52,1458,9,23,14,12,32.00101852416992,14.322996139526367,0,1,0,0,1,1,47774,1194,non_streaming
1458,-1,1458,-1,1458,-1,167,1,1458,-1,1458,-1,52,1,637,-1,0.028848648071289062,0.030040740966796875,0.07915496826171875,0.06198883056640625,0.03600120544433594,0.13685226440429688,0.13899803161621094,38781,52,4270,11,21,9,19,6.762027740478516,3.2520294189453125,0,1,0,0,0,1,47774,1194,non_streaming
2862,-1,52,1,52,1,167,1,1458,-1,4270,-1,1458,-1,1458,-1,0.00095367431640625,0.22792816162109375,0.17714500427246094,0.09489059448242188,0.06413459777832031,0.05984306335449219,0.0011920928955078125,51068,52,4270,11,21,8,19,3.9119720458984375,0.5979537963867188,0,1,0,0,1,1,47774,1194,non_streaming
1458,-1,2864,-1,1458,-1,2864,-1,1458,-1,2864,-1,2864,-1,1458,-1,0.033855438232421875,0.03409385681152344,0.03790855407714844,0.03814697265625,0.04100799560546875,0.04291534423828125,0.04601478576660156,59984,52,4270,7,25,6,26,1.9459724426269531,0.2448558807373047,0,1,0,0,0,1,47774,1194,non_streaming
2864,-1,1458,-1,1458,-1,1458,-1,2864,-1,1458,-1,2864,-1,1458,-1,0.06508827209472656,0.06103515625,0.3349781036376953,0.05793571472167969,0.2410411834716797,0.06008148193359375,0.30493736267089844,87525,52,4270,2,30,1,30,3.587961196899414,1.065969467163086,0,1,0,0,1,1,47774,1194,non_streaming
52,1,1458,-1,4270,-1,1458,-1,1458,-1,4270,-1,2864,-1,4270,-1,0.15783309936523438,0.0591278076171875,0.05984306335449219,0.0011920928955078125,0.05984306335449219,0.06008148193359375,0.06198883056640625,69263,52,4270,6,26,7,25,11.99793815612793,10.449886322021484,0,1,0,0,0,1,47774,1194,non_streaming
4270,-1,4270,-1,52,1,1458,-1,4270,-1,2864,-1,4270,-1,3913,-1,0.06103515625,0.029087066650390625,0.09989738464355469,0.06508827209472656,0.06198883056640625,0.06103515625,0.06079673767089844,83434,52,4270,4,28,4,28,2.5501251220703125,0.5528926849365234,0,1,0,0,0,1,47774,1194,non_streaming
4270,-1,2864,-1,1458,-1,2864,-1,2864,-1,4270,-1,52,1,2864,-1,0.06198883056640625,0.06103515625,0.00095367431640625,0.06103515625,0.06198883056640625,0.02002716064453125,0.03981590270996094,70429,52,4270,7,25,5,25,1.466989517211914,0.08797645568847656,0,1,0,0,1,1,47774,1194,non_streaming
183,1,52,-1,183,-1,52,1,167,1,52,-1,679,1,52,-1,0.3399848937988281,3.618955612182617,0.5440711975097656,0.6868839263916016,41.860103607177734,0.5979537963867188,0.28204917907714844,10905,52,1575,14,18,23,4,79.94198799133301,41.860103607177734,0,1,0,0,1,1,47774,1194,non_streaming
1458,-1,2864,-1,1458,-1,1458,-1,2264,-1,167,1,52,-1,52,1,0.03218650817871094,0.030994415283203125,0.034809112548828125,0.03719329833984375,0.07987022399902344,0.1900196075439453,0.21004676818847656,32563,52,2864,9,23,11,18,5.774021148681641,1.6319751739501953,0,1,0,0,0,1,47774,1194,non_streaming
1458,-1,1458,-1,1458,-1,1458,-1,1458,-1,167,1,1458,-1,52,1,0.030040740966796875,0.03695487976074219,0.1480579376220703,0.027894973754882812,0.05507469177246094,0.017881393432617188,0.0040531158447265625,38787,52,2864,9,23,8,23,2.6810169219970703,0.4382133483886719,0,1,0,0,0,1,47774,1194,non_streaming
1458,-1,52,1,1926,-1,2864,-1,2864,-1,1458,-1,1458,-1,1202,1,0.23603439331054688,0.08702278137207031,0.06198883056640625,0.05316734313964844,0.054836273193359375,0.11396408081054688,0.14400482177734375,45309,52,4270,10,22,7,24,3.383159637451172,0.3669261932373047,0,1,0,0,0,1,47774,1194,non_streaming
52,1,1458,-1,4270,-1,1105,-1,52,1,742,1,1458,-1,4270,-1,0.1819133758544922,0.0629425048828125,0.06008148193359375,0.06604194641113281,0.35190582275390625,0.09512901306152344,0.05888938903808594,49779,52,4270,10,22,7,20,3.0269622802734375,0.35190582275390625,0,1,0,0,0,1,47774,1194,non_streaming
1458,-1,4270,-1,2864,-1,2864,-1,2864,-1,1458,-1,2864,-1,4270,-1,0.05602836608886719,0.05698204040527344,0.06008148193359375,0.064849853515625,0.0021457672119140625,0.05793571472167969,0.06103515625,71472,52,4270,5,27,4,27,3.8909912109375,2.0868778228759766,0,1,0,0,0,1,47774,1194,non_streaming
2864,-1,4270,-1,2864,-1,4270,-1,1317,1,52,1,52,1,1458,-1,0.06198883056640625,0.05984306335449219,0.06413459777832031,0.050067901611328125,0.0019073486328125,0.04601478576660156,0.09894371032714844,90101,52,4270,5,27,4,28,1.981973648071289,0.225067138671875,0,1,0,0,0,1,47774,1194,non_streaming
1458,-1,1458,-1,1458,-1,1458,-1,1458,-1,1458,-1,1458,-1,2864,-1,0.02288818359375,0.025033950805664062,0.024080276489257812,0.024080276489257812,0.1628398895263672,0.025033950805664062,0.030040740966796875,53914,52,4270,6,26,6,26,3.712892532348633,1.567840576171875,0,1,0,0,1,1,47774,1194,non_streaming
2864,-1,2864,-1,2864,-1,1317,1,52,1,52,1,1458,-1,4270,-1,0.06103515625,0.06008148193359375,0.16689300537109375,0.0021457672119140625,0.024080276489257812,0.17976760864257812,0.06318092346191406,79783,52,4270,7,25,6,26,1.6570091247558594,0.17976760864257812,0,1,0,0,0,1,47774,1194,non_streaming
1458,1,2864,1,2864,1,1458,1,1458,1,2864,1,7082,1,8488,1,0.06389617919921875,0.06008148193359375,0.0629425048828125,0.0011920928955078125,0.00095367431640625,0.05888938903808594,0.06508827209472656,97258,52,8488,25,7,5,27,1.6551017761230469,0.22792816162109375,0,1,0,0,0,1,1194,47774,non_streaming
1458,1,2864,1,2864,1,1458,1,167,-1,1458,1,4270,1,2864,1,0.03814697265625,0.03886222839355469,0.0400543212890625,0.03695487976074219,0.0030994415283203125,0.04887580871582031,0.04506111145019531,81679,52,4270,27,5,4,28,1.5609264373779297,0.10991096496582031,0,1,0,0,1,1,1194,47774,non_streaming
1458,1,2864,1,2864,1,4270,1,1458,1,1406,-1,4270,1,52,-1,0.0019073486328125,0.06198883056640625,0.06103515625,0.05888938903808594,0.03695487976074219,0.025033950805664062,0.023126602172851562,70264,52,4270,25,7,6,25,3.5347938537597656,2.0449161529541016,0,1,0,0,1,1,1194,47774,non_streaming
2864,1,1458,1,4270,1,2864,1,2864,1,2864,1,4270,1,52,-1,0.04696846008300781,0.051021575927734375,0.051975250244140625,0.051975250244140625,0.05507469177246094,0.0591278076171875,0.04887580871582031,84543,52,4270,28,4,2,29,1.5799999237060547,0.19788742065429688,0,1,0,0,0,1,1194,47774,non_streaming
2864,1,1458,1,52,-1,2864,1,1458,1,1458,1,115,-1,52,-1,0.00095367431640625,0.012159347534179688,0.04792213439941406,0.06198883056640625,0.00095367431640625,0.0629425048828125,0.0011920928955078125,66161,52,4270,26,6,6,26,1.1861324310302734,0.06389617919921875,0,1,0,0,1,1,1194,47774,non_streaming
4270,1,52,-1,52,-1,1458,1,52,-1,869,1,52,-1,1575,1,0.0438690185546875,0.00095367431640625,0.015020370483398438,0.06604194641113281,0.06914138793945312,0.34880638122558594,1.0480880737304688,46061,52,4270,23,9,8,22,3.532886505126953,1.0480880737304688,0,1,0,0,0,1,1194,47774,non_streaming
2864,1,4270,1,2864,1,52,-1,1458,1,1458,1,4270,1,2864,1,0.05602836608886719,0.05698204040527344,0.055789947509765625,0.0021457672119140625,0.0019073486328125,0.06103515625,0.06103515625,78337,52,4270,25,7,6,24,1.4269351959228516,0.13208389282226562,0,1,0,0,0,1,1194,47774,non_streaming
52,-1,52,-1,167,-1,1458,-1,1575,1,1458,1,1458,1,1458,1,0.011920928955078125,2.714872360229492,0.08916854858398438,0.13685226440429688,0.0030994415283203125,0.04506111145019531,0.0019073486328125,75008,52,4270,28,4,3,29,4.152774810791016,2.714872360229492,0,1,0,0,0,1,1194,47774,non_streaming
371,-1,1458,1,1458,1,1458,1,2864,1,2864,1,4270,1,52,-1,0.018835067749023438,0.0021457672119140625,0.05793571472167969,0.0019073486328125,0.05698204040527344,0.06318092346191406,0.02288818359375,68406,52,4270,26,6,5,26,1.1589527130126953,0.06413459777832031,0,1,0,0,1,1,1194,47774,non_streaming
52,-1,1458,1,516,1,52,-1,52,-1,52,-1,167,-1,1458,-1,0.016927719116210938,0.0021457672119140625,0.04601478576660156,0.3409385681152344,0.014066696166992188,2.380847930908203,0.4360675811767578,68134,52,4270,23,9,6,24,4.489898681640625,2.380847930908203,0,1,0,0,0,1,1194,47774,non_streaming
2864,1,4270,1,52,-1,1458,1,1099,1,52,-1,52,-1,52,-1,0.06103515625,0.04887580871582031,0.015020370483398438,0.06008148193359375,0.25010108947753906,0.012874603271484375,0.13113021850585938,76168,52,4270,25,7,7,24,4.185914993286133,1.973867416381836,0,1,0,0,0,1,1194,47774,non_streaming
2864,-1,1458,-1,1458,-1,167,1,858,-1,52,-1,52,1,397,1,0.03409385681152344,0.03695487976074219,0.2560615539550781,0.07796287536621094,0.1709461212158203,0.0069141387939453125,0.492095947265625,32563,52,2864,8,24,10,18,6.7539215087890625,2.177000045776367,0,1,0,0,0,1,47774,1194,non_streaming
1458,-1,1458,-1,1458,-1,282,1,1222,-1,52,-1,1458,-1,52,1,0.024080276489257812,0.024080276489257812,0.031948089599609375,0.13589859008789062,0.04410743713378906,0.2689361572265625,0.07510185241699219,33750,52,2511,8,24,7,21,5.2490234375,2.950906753540039,0,1,0,0,0,1,47774,1194,non_streaming
52,1,627,1,1458,-1,2864,-1,2864,-1,2864,-1,1458,-1,988,-1,0.5328655242919922,0.080108642578125,0.04792213439941406,0.04887580871582031,0.051021575927734375,0.05316734313964844,0.00095367431640625,43439,52,4270,10,22,6,19,3.6208629608154297,0.5619525909423828,0,1,0,0,0,1,47774,1194,non_streaming
1458,-1,52,1,1458,-1,2864,-1,1458,-1,2864,-1,52,1,1458,-1,0.051975250244140625,0.24700164794921875,0.05793571472167969,0.0,0.0591278076171875,0.02002716064453125,0.15497207641601562,48286,52,4270,8,24,8,22,2.315998077392578,0.24700164794921875,0,1,0,0,1,1,47774,1194,non_streaming
1458,-1,1458,-1,1458,-1,1458,-1,1458,-1,1458,-1,1458,-1,1458,-1,0.023126602172851562,0.025033950805664062,0.04887580871582031,0.025987625122070312,0.029087066650390625,0.030994415283203125,0.07486343383789062,60339,52,4270,5,27,4,27,1.399993896484375,0.12993812561035156,0,1,0,0,1,1,47774,1194,non_streaming
2864,-1,52,1,52,1,1458,-1,2864,-1,52,1,1458,-1,4270,-1,0.0040531158447265625,0.014066696166992188,0.08988380432128906,0.06198883056640625,0.2009868621826172,0.10204315185546875,0.06198883056640625,74536,52,5676,7,25,7,25,1.638174057006836,0.2009868621826172,0,1,0,0,1,1,47774,1194,non_streaming
4270,-1,52,1,52,1,52,1,1458,-1,1337,-1,4270,-1,1458,-1,0.07796287536621094,0.21004676818847656,0.010967254638671875,0.1049041748046875,0.5450248718261719,0.06103515625,0.0591278076171875,65160,52,4270,8,24,8,23,2.5670528411865234,0.5450248718261719,0,1,0,0,1,1,47774,1194,non_streaming
2864,-1,4270,-1,2864,-1,4270,-1,1103,-1,1458,-1,1458,-1,4270,-1,0.06198883056640625,0.06103515625,0.06198883056640625,0.06103515625,0.0,0.15282630920410156,0.0591278076171875,67775,52,4270,7,25,5,25,2.2840499877929688,0.44608116149902344,0,1,0,0,0,1,47774,1194,non_streaming
1458,-1,1458,-1,1458,-1,1458,-1,1458,-1,1458,-1,1458,-1,1458,-1,0.02002716064453125,0.025033950805664062,0.023126602172851562,0.02384185791015625,0.025987625122070312,0.029087066650390625,0.030040740966796875,60714,52,4270,5,27,5,27,3.9801597595214844,1.9030570983886719,0,1,0,0,0,1,47774,1194,non_streaming
183,1,52,-1,183,-1,167,1,52,-1,679,1,52,-1,167,-1,0.2410411834716797,3.643035888671875,0.8709430694580078,0.18906593322753906,0.7150173187255859,0.2300739288330078,3.9207935333251953,21496,52,1458,9,23,16,12,35.19916534423828,14.141082763671875,0,1,0,0,1,1,47774,1194,non_streaming
52,1,52,1,52,1,1458,-1,2864,-1,1458,-1,2264,-1,167,1,0.04601478576660156,0.013113021850585938,0.40602684020996094,0.033855438232421875,0.03409385681152344,0.03790855407714844,0.027179718017578125,28575,52,2864,11,21,13,16,6.025075912475586,1.8820762634277344,0,1,0,0,0,1,47774,1194,non_streaming
52,1,52,1,1458,-1,1458,-1,637,-1,1458,-1,2864,-1,2864,-1,0.28395652770996094,0.049114227294921875,0.03886222839355469,0.00095367431640625,0.3859996795654297,0.04315376281738281,0.04601478576660156,35164,52,2864,7,25,8,20,4.311084747314453,0.8289813995361328,0,1,0,0,0,1,47774,1194,non_streaming
52,1,52,1,1458,-1,1458,-1,1458,-1,1458,-1,1458,-1,754,-1,0.17881393432617188,7.030963897705078,0.014066696166992188,0.02193450927734375,0.024080276489257812,0.03814697265625,0.0209808349609375,34809,52,2864,9,23,9,20,8.916854858398438,7.030963897705078,0,1,0,0,0,1,47774,1194,non_streaming
1458,-1,1458,-1,1458,-1,2864,-1,1458,-1,2864,-1,2864,-1,1458,-1,0.030040740966796875,0.032901763916015625,0.03504753112792969,0.03600120544433594,0.0400543212890625,0.04100799560546875,0.041961669921875,49797,52,4270,6,26,5,24,2.276897430419922,0.3390312194824219,0,1,0,0,0,1,47774,1194,non_streaming
1458,-1,1458,-1,1458,-1,2864,-1,1458,-1,1458,-1,52,1,401,-1,0.030994415283203125,0.11587142944335938,0.03504753112792969,0.03695487976074219,0.03910064697265625,0.008821487426757812,0.24509429931640625,52506,52,4270,6,26,6,25,9.011983871459961,7.441043853759766,0,1,0,0,0,1,47774,1194,non_streaming
52,1,52,1,871,-1,167,1,1458,-1,2864,-1,1458,-1,2864,-1,0.13899803161621094,0.011920928955078125,1.1420249938964844,0.21505355834960938,0.051975250244140625,0.052928924560546875,0.0,56369,52,4270,8,24,7,23,3.2279491424560547,1.1420249938964844,0,1,0,0,0,1,47774,1194,non_streaming
2864,-1,2864,-1,4270,-1,2864,-1,2864,-1,2864,-1,2864,-1,52,1,0.06103515625,0.06198883056640625,0.06103515625,0.06198883056640625,0.06103515625,0.06079673767089844,0.014066696166992188,96205,52,8488,4,28,4,28,1.5120506286621094,0.07700920104980469,0,1,0,0,0,1,47774,1194,non_streaming
52,1,1458,-1,52,1,52,1,52,1,510,-1,1458,-1,52,1,0.014066696166992188,0.11396408081054688,0.16808509826660156,0.1308917999267578,0.014066696166992188,0.3540515899658203,0.02288818359375,82958,52,7082,10,22,10,20,2.371072769165039,0.3540515899658203,0,1,0,0,0,1,47774,1194,non_streaming
1458,-1,1458,-1,1458,-1,1458,-1,1458,-1,2864,-1,1458,-1,52,1,0.030994415283203125,0.031948089599609375,0.03600120544433594,0.0,0.03719329833984375,0.03790855407714844,0.13589859008789062,49813,52,4270,7,25,7,24,3.826141357421875,1.962900161743164,0,1,0,0,0,1,47774,1194,non_streaming
1458,1,1458,1,1458,1,1458,1,1456,1,52,-1,1458,1,2864,1,0.024080276489257812,0.02288818359375,0.16498565673828125,0.022172927856445312,0.23603439331054688,0.12993812561035156,0.026941299438476562,39739,52,2864,24,8,8,22,3.679037094116211,0.41794776916503906,0,1,0,0,0,1,1194,47774,non_streaming
2864,1,1458,1,1339,1,52,-1,52,-1,1575,1,1458,1,1458,1,0.052928924560546875,0.048160552978515625,0.3108978271484375,0.17189979553222656,0.19216537475585938,0.06699562072753906,0.04887580871582031,40088,52,4270,23,9,9,20,3.6759376525878906,0.3769397735595703,0,1,0,0,1,1,1194,47774,non_streaming
1458,-1,52,-1,52,-1,52,-1,1406,-1,754,1,1458,1,1458,1,0.04291534423828125,0.15497207641601562,0.2200603485107422,0.26297569274902344,0.12993812561035156,0.05602836608886719,0.0011920928955078125,33946,52,2864,20,12,10,18,4.050016403198242,0.3960132598876953,0,1,0,0,0,1,1194,47774,non_streaming
2864,1,1458,1,52,-1,1458,1,1458,1,754,1,52,-1,1458,1,0.049114227294921875,0.051021575927734375,0.09298324584960938,0.052928924560546875,0.05602836608886719,0.07486343383789062,0.10013580322265625,35285,52,2864,21,11,11,17,3.152132034301758,0.2980232238769531,0,1,0,0,0,1,1194,47774,non_streaming
2864,1,2864,1,1458,1,1458,-1,1458,-1,1458,-1,52,1,52,-1,0.04696846008300781,0.050067901611328125,0.06389617919921875,0.12993812561035156,0.1621246337890625,0.025033950805664062,0.030994415283203125,40363,52,2864,20,12,10,19,3.5550594329833984,0.44417381286621094,0,1,0,0,0,1,1194,47774,non_streaming
754,1,1458,1,1458,1,1458,1,1458,1,1458,1,1458,1,52,-1,0.39696693420410156,0.014066696166992188,0.02288818359375,0.024080276489257812,0.025033950805664062,0.035762786865234375,0.2601146697998047,37161,52,2864,24,8,8,21,3.749847412109375,0.4100799560546875,0,1,0,0,1,1,1194,47774,non_streaming
4270,1,1458,1,1458,1,167,-1,1458,-1,1458,1,52,-1,1458,1,0.05698204040527344,0.00095367431640625,0.2849102020263672,0.26607513427734375,0.16498565673828125,0.051975250244140625,0.009059906005859375,46487,52,4270,22,10,8,21,3.787994384765625,0.43392181396484375,0,1,0,0,0,1,1194,47774,non_streaming
1458,1,1339,1,52,-1,52,-1,1458,1,1458,1,2864,1,52,-1,0.10395050048828125,0.08916854858398438,0.22101402282714844,0.4589557647705078,0.05888938903808594,0.0629425048828125,0.24199485778808594,33710,52,4270,20,12,11,19,3.4151077270507812,0.4589557647705078,0,1,0,0,1,1,1194,47774,non_streaming
988,1,282,-1,1458,1,2864,1,1458,1,52,-1,1458,1,52,-1,0.03409385681152344,0.14591217041015625,0.03314018249511719,0.03504753112792969,0.247955322265625,0.12087821960449219,0.06699562072753906,46870,52,4270,24,8,5,23,1.950979232788086,0.32806396484375,0,1,0,0,1,1,1194,47774,non_streaming
52,-1,52,-1,869,1,52,-1,1458,1,2864,1,4270,1,1458,1,0.1049041748046875,0.14495849609375,0.21409988403320312,0.027894973754882812,0.05316734313964844,0.053882598876953125,0.052928924560546875,58249,52,5676,23,9,9,21,2.106904983520508,0.2617835998535156,0,1,0,0,0,1,1194,47774,non_streaming
183,1,52,-1,183,-1,167,1,52,-1,679,1,52,-1,167,-1,0.3600120544433594,3.6890506744384766,1.2149810791015625,0.3638267517089844,0.6101131439208984,0.35691261291503906,3.756999969482422,11151,52,1458,12,20,23,4,66.21503829956055,19.117116928100586,0,1,0,0,1,1,47774,1194,non_streaming
183,-1,167,1,52,-1,679,1,52,-1,167,-1,1458,-1,1458,-1,1.2619495391845703,41.62096977233887,0.6480216979980469,0.30303001403808594,3.751993179321289,14.480113983154297,0.015974044799804688,21586,52,1458,9,23,15,12,76.16901397705078,41.62096977233887,0,1,0,0,1,1,47774,1194,non_streaming
1458,-1,1458,-1,1458,-1,52,1,1458,-1,1458,-1,167,1,52,1,0.07104873657226562,0.029802322387695312,0.012159347534179688,0.025033950805664062,0.08177757263183594,0.21910667419433594,0.26106834411621094,27297,52,1575,9,23,11,16,6.463050842285156,1.8498897552490234,0,1,0,0,0,1,47774,1194,non_streaming
1458,-1,1458,-1,1458,-1,282,1,52,1,52,1,52,-1,1458,-1,0.017881393432617188,0.02002716064453125,0.2751350402832031,0.14495849609375,0.17189979553222656,0.0171661376953125,0.041961669921875,29048,52,1575,11,21,10,17,3.1108856201171875,0.36597251892089844,0,1,0,0,0,1,47774,1194,non_streaming
169,-1,627,1,52,-1,1575,-1,1458,-1,1458,-1,1458,-1,1458,-1,0.5619525909423828,0.2830028533935547,0.03981590270996094,0.14901161193847656,0.027179718017578125,0.04696846008300781,0.017881393432617188,28584,52,1575,10,22,11,17,3.0357837677001953,0.5619525909423828,0,1,0,0,1,1,47774,1194,non_streaming
1458,-1,637,-1,2864,-1,1458,-1,1458,-1,52,1,52,1,1458,-1,0.03886222839355469,0.04220008850097656,0.041961669921875,0.04482269287109375,0.1780986785888672,0.13899803161621094,0.051975250244140625,48024,52,4270,8,24,6,21,2.864837646484375,0.3781318664550781,0,1,0,0,0,1,47774,1194,non_streaming
52,1,1458,-1,4270,-1,397,1,1458,-1,52,1,1458,-1,2864,-1,0.13303756713867188,0.0591278076171875,0.05698204040527344,0.0050067901611328125,0.15997886657714844,0.14901161193847656,0.0629425048828125,43921,52,4270,13,19,11,18,3.2269954681396484,0.3578662872314453,0,1,0,0,0,1,47774,1194,non_streaming
1458,-1,4270,-1,52,1,2864,-1,1458,-1,1458,-1,52,1,2864,-1,0.05698204040527344,0.016927719116210938,0.03910064697265625,0.06079673767089844,0.0011920928955078125,0.05698204040527344,0.0019073486328125,62576,52,4270,8,24,7,24,1.8749237060546875,0.26106834411621094,0,1,0,0,0,1,47774,1194,non_streaming
52,1,167,1,1458,1,1458,1,52,-1,1458,1,1458,1,1458,1,0.3571510314941406,0.27298927307128906,0.17499923706054688,0.08988380432128906,0.09298324584960938,0.2281665802001953,0.041961669921875,41082,52,2864,11,21,6,24,5.991220474243164,1.9240379333496094,0,1,0,0,0,1,47774,1194,non_streaming
2864,-1,2864,-1,2860,-1,2864,-1,2864,-1,1458,-1,2864,-1,2864,-1,0.04696846008300781,0.050067901611328125,0.051021575927734375,0.052928924560546875,0.05602836608886719,0.00095367431640625,0.05698204040527344,93050,52,4270,1,31,1,31,6.738901138305664,3.997802734375,0,1,0,0,0,1,47774,1194,non_streaming
183,1,52,-1,183,-1,167,1,52,-1,679,1,52,-1,167,-1,0.35500526428222656,3.7479400634765625,0.9319782257080078,0.3619194030761719,0.42510032653808594,0.26798248291015625,3.7050247192382812,11135,52,1458,12,20,23,4,41.93687438964844,14.919042587280273,0,1,0,0,1,1,47774,1194,non_streaming
183,1,183,-1,167,1,52,-1,679,1,52,-1,167,-1,1458,-1,4.106044769287109,0.8478164672851562,46.3101863861084,0.41794776916503906,0.3399848937988281,3.756999969482422,14.394044876098633,21611,52,1458,10,22,15,12,82.74292945861816,46.3101863861084,0,1,0,0,1,1,47774,1194,non_streaming
1458,-1,2864,-1,1458,-1,1458,-1,858,-1,167,1,52,-1,52,1,0.03504753112792969,0.032901763916015625,0.03695487976074219,0.0,0.08916854858398438,0.1838207244873047,0.2009868621826172,31972,52,2864,8,24,10,17,5.846977233886719,2.3679733276367188,0,1,0,0,0,1,47774,1194,non_streaming
52,1,52,1,988,-1,2864,-1,2864,-1,2864,-1,1458,-1,167,1,0.11801719665527344,0.3628730773925781,0.048160552978515625,0.04887580871582031,0.051021575927734375,0.052928924560546875,0.0021457672119140625,39338,52,2864,9,23,7,21,3.1180381774902344,0.3960132598876953,0,1,0,0,0,1,47774,1194,non_streaming
2511,-1,52,1,397,1,1458,-1,2864,-1,52,1,1458,-1,1458,-1,0.18286705017089844,0.164031982421875,0.011920928955078125,0.04696846008300781,0.07605552673339844,0.05602836608886719,0.07796287536621094,35378,52,2864,10,22,8,19,2.9859542846679688,0.43702125549316406,0,1,0,0,1,1,47774,1194,non_streaming
2864,-1,1458,-1,2864,-1,1458,-1,1458,-1,1458,-1,167,1,1458,-1,0.04291534423828125,0.04601478576660156,0.04601478576660156,0.050067901611328125,0.0,0.04601478576660156,0.003814697265625,45936,52,2864,6,26,6,25,1.6260147094726562,0.25200843811035156,0,1,0,0,0,1,47774,1194,non_streaming
52,1,52,-1,1458,-1,1458,-1,1458,-1,1458,-1,1458,-1,1458,-1,0.02002716064453125,0.03504753112792969,0.011920928955078125,0.025033950805664062,0.027894973754882812,0.03218650817871094,0.028848648071289062,37016,52,2864,9,23,9,23,1.338958740234375,0.2448558807373047,0,1,0,0,0,1,47774,1194,non_streaming
857,1,2394,-1,2864,-1,2864,-1,1458,-1,2864,-1,2864,-1,4270,-1,0.04887580871582031,0.05316734313964844,0.054836273193359375,0.0591278076171875,0.0019073486328125,0.06103515625,0.06103515625,58348,52,4270,8,24,7,23,1.3580322265625,0.2009868621826172,0,1,0,0,1,1,47774,1194,non_streaming
52,1,1458,-1,52,1,52,1,1458,-1,1458,-1,2864,-1,2864,-1,0.030994415283203125,0.1380443572998047,0.12803077697753906,0.06103515625,0.06198883056640625,0.0019073486328125,0.05698204040527344,43901,52,2864,8,24,6,24,2.3949146270751953,0.6639957427978516,0,1,0,0,0,1,47774,1194,non_streaming
2864,-1,2864,-1,2864,-1,1458,-1,52,1,52,1,52,1,52,1,0.04291534423828125,0.04506111145019531,0.04696846008300781,0.007867813110351562,0.0011920928955078125,0.09989738464355469,0.10204315185546875,78635,52,4270,5,27,5,26,1.5149116516113281,0.10204315185546875,0,1,0,0,0,1,47774,1194,non_streaming
183,1,52,-1,183,-1,167,1,52,-1,679,1,52,-1,167,-1,0.4088878631591797,3.612995147705078,0.7011890411376953,0.3399848937988281,0.4448890686035156,0.3559589385986328,3.6950111389160156,11266,52,1458,12,20,22,4,64.5298957824707,23.868083953857422,0,1,0,0,1,1,47774,1194,non_streaming
183,-1,167,1,52,-1,679,1,52,-1,167,-1,1458,-1,1458,-1,0.946044921875,47.564029693603516,0.4100799560546875,0.33402442932128906,3.7419795989990234,14.546871185302734,0.024080276489257812,24632,52,3319,9,23,15,13,80.06906509399414,47.564029693603516,0,1,0,0,1,1,47774,1194,non_streaming
1458,-1,2864,-1,167,1,52,-1,52,1,403,-1,52,1,282,1,0.03695487976074219,0.032901763916015625,0.10514259338378906,0.0438690185546875,0.11515617370605469,0.17786026000976562,0.015974044799804688,26484,52,2864,10,22,12,15,5.570888519287109,1.7371177673339844,0,1,0,0,0,1,47774,1194,non_streaming
1458,-1,637,-1,1458,-1,397,1,1458,-1,1458,-1,52,1,1458,-1,0.02002716064453125,0.23603439331054688,0.025987625122070312,0.1289844512939453,0.028848648071289062,0.047206878662109375,0.20599365234375,26472,52,1458,11,21,11,15,4.3239593505859375,0.9019374847412109,0,1,0,0,1,1,47774,1194,non_streaming
52,1,52,1,1458,-1,1458,-1,52,1,397,1,52,1,1458,-1,0.2110004425048828,0.14400482177734375,0.04482269287109375,0.013113021850585938,0.015974044799804688,0.29397010803222656,0.026941299438476562,43810,52,4270,12,20,8,18,3.1709671020507812,0.3399848937988281,0,1,0,0,0,1,47774,1194,non_streaming
1458,-1,4270,-1,1105,-1,52,1,52,1,52,1,1458,-1,1458,-1,0.0629425048828125,0.06008148193359375,0.06198883056640625,0.1399517059326172,0.013113021850585938,0.031948089599609375,0.05698204040527344,47923,52,4270,10,22,7,20,3.0870437622070312,0.5028247833251953,0,1,0,0,0,1,47774,1194,non_streaming
1103,-1,52,1,4270,-1,2864,-1,2864,-1,1458,-1,4270,-1,2864,-1,0.030994415283203125,0.030994415283203125,0.057220458984375,0.05984306335449219,0.06008148193359375,0.06389617919921875,0.06008148193359375,62935,52,4270,9,23,9,22,2.068042755126953,0.3650188446044922,0,1,0,0,1,1,47774,1194,non_streaming
1569,-1,52,1,1406,1,52,1,1458,-1,52,1,52,1,1458,-1,0.0069141387939453125,0.025033950805664062,0.011920928955078125,0.015020370483398438,0.0040531158447265625,0.011920928955078125,0.03409385681152344,36585,52,2864,13,19,11,20,3.2269954681396484,0.5049705505371094,0,1,0,0,1,1,47774,1194,non_streaming
52,1,52,1,1458,-1,2864,-1,2864,-1,1458,-1,2864,-1,1458,-1,0.11801719665527344,0.12803077697753906,0.0400543212890625,0.041961669921875,0.041961669921875,0.04506111145019531,0.04696846008300781,60922,52,4270,6,26,5,26,1.4901161193847656,0.12803077697753906,0,1,0,0,0,1,47774,1194,non_streaming
183,1,52,-1,183,-1,52,1,167,1,52,-1,679,1,52,-1,0.37217140197753906,3.755807876586914,0.44417381286621094,0.5118846893310547,0.3180503845214844,0.4119873046875,0.34499168395996094,11020,52,1458,13,19,23,4,40.29417037963867,14.38593864440918,0,1,0,0,1,1,47774,1194,non_streaming
183,1,52,-1,183,-1,167,1,52,-1,679,1,52,-1,167,-1,0.21195411682128906,3.656148910522461,0.7989406585693359,0.30303001403808594,0.34689903259277344,0.2911090850830078,3.7229061126708984,20090,52,1458,10,22,17,11,35.1409912109375,14.295101165771484,0,1,0,0,1,1,47774,1194,non_streaming
1679,-1,1458,-1,1458,-1,1458,-1,2864,-1,167,1,52,1,637,-1,0.029087066650390625,0.032901763916015625,0.141143798828125,0.03886222839355469,0.025987625122070312,0.2319812774658203,0.12612342834472656,39462,52,2864,11,21,8,19,6.721973419189453,3.2579898834228516,0,1,0,0,1,1,47774,1194,non_streaming
1458,-1,52,1,627,1,637,-1,1458,-1,1458,-1,1458,-1,282,1,0.23889541625976562,0.11897087097167969,0.3421306610107422,0.13685226440429688,0.06818771362304688,0.09393692016601562,0.16999244689941406,31743,52,2864,12,20,8,17,4.45103645324707,0.5130767822265625,0,1,0,0,0,1,47774,1194,non_streaming
1458,-1,1458,-1,4270,-1,512,1,52,1,52,1,1458,-1,4270,-1,0.2639293670654297,0.06198883056640625,0.05793571472167969,0.0021457672119140625,0.0019073486328125,0.0,0.06103515625,34680,52,4270,11,21,10,18,7.447957992553711,5.545854568481445,0,1,0,0,0,1,47774,1194,non_streaming
1458,-1,1458,-1,1458,-1,1458,-1,1458,-1,2864,-1,2864,-1,1458,-1,0.030994415283203125,0.03314018249511719,0.03600120544433594,0.03504753112792969,0.03981590270996094,0.0591278076171875,0.025987625122070312,51556,52,4270,8,24,6,25,1.6021728515625,0.19693374633789062,0,1,0,0,0,1,47774,1194,non_streaming
2864,-1,1458,-1,1458,-1,52,1,1458,-1,2864,-1,2864,-1,4270,-1,0.05793571472167969,0.00095367431640625,0.030994415283203125,0.030040740966796875,0.00095367431640625,0.06008148193359375,0.0629425048828125,58245,52,4270,9,23,10,22,1.233816146850586,0.20313262939453125,0,1,0,0,0,1,47774,1194,non_streaming
1458,-1,167,1,1458,1,1458,-1,1458,1,2864,-1,4270,-1,2864,-1,0.05507469177246094,0.09608268737792969,0.10895729064941406,0.009059906005859375,0.052928924560546875,0.06198883056640625,0.06103515625,74965,52,4270,11,21,5,27,1.661062240600586,0.1289844512939453,0,1,0,0,1,1,47774,1194,non_streaming
167,-1,282,1,167,-1,183,1,52,-1,183,1,52,-1,183,-1,0.3409385681152344,4.010915756225586,0.4990100860595703,48.65097999572754,1.199960708618164,0.2281665802001953,3.6530494689941406,17754,52,1458,10,22,18,9,94.65384483337402,48.65097999572754,0,1,0,0,1,1,47774,1194,non_streaming
1458,-1,2864,-1,52,1,1458,-1,3800,-1,52,1,397,1,1458,-1,0.050067901611328125,0.19598007202148438,0.07390975952148438,0.05602836608886719,0.22411346435546875,0.08392333984375,0.22411346435546875,39951,52,3800,9,23,7,21,2.524137496948242,0.23508071899414062,0,1,0,0,0,1,47774,1194,non_streaming
1458,-1,1458,-1,1458,-1,1458,-1,1458,-1,1458,-1,52,1,52,1,0.03314018249511719,0.033855438232421875,0.03814697265625,0.053882598876953125,0.04100799560546875,0.07796287536621094,0.06818771362304688,33038,52,2864,12,20,11,18,2.3441314697265625,0.49805641174316406,0,1,0,0,0,1,47774,1194,non_streaming
1458,-1,2864,-1,52,1,52,1,1458,-1,4270,-1,1458,-1,988,-1,0.05817413330078125,0.04482269287109375,0.013113021850585938,0.12493133544921875,0.06103515625,0.06008148193359375,0.0629425048828125,39604,52,4270,10,22,10,19,2.5110244750976562,0.4379749298095703,0,1,0,0,0,1,47774,1194,non_streaming
52,1,1317,1,52,1,754,-1,1458,-1,1458,-1,2864,-1,1458,-1,0.0209808349609375,0.15807151794433594,0.2300739288330078,0.09608268737792969,0.1068115234375,0.049114227294921875,0.051021575927734375,53055,52,4270,10,22,7,21,2.5980472564697266,0.3120899200439453,0,1,0,0,0,1,47774,1194,non_streaming
52,1,4270,-1,2864,-1,2864,-1,4270,-1,1454,-1,1458,-1,52,1,0.030994415283203125,0.06103515625,0.06198883056640625,0.06103515625,0.06103515625,0.00095367431640625,0.027894973754882812,63385,52,5676,8,24,8,22,1.9061565399169922,0.2849102020263672,0,1,0,0,0,1,47774,1194,non_streaming
2864,-1,1458,-1,52,1,52,1,52,1,1458,-1,2864,-1,2864,-1,0.03886222839355469,0.22602081298828125,0.11014938354492188,0.11086463928222656,0.012159347534179688,0.0438690185546875,0.04506111145019531,67153,52,4270,6,26,4,28,1.6369819641113281,0.22602081298828125,0,1,0,0,0,1,47774,1194,non_streaming
1458,-1,2864,-1,2864,-1,4270,-1,52,1,1458,-1,1458,-1,4270,-1,0.00095367431640625,0.06103515625,0.06103515625,0.04601478576660156,0.015020370483398438,0.00095367431640625,0.06198883056640625,61929,52,4270,8,24,7,25,1.4910697937011719,0.2410411834716797,0,1,0,0,1,1,47774,1194,non_streaming
2864,-1,1458,-1,2864,-1,2864,-1,1458,-1,1458,-1,4270,-1,2864,-1,0.05888938903808594,0.06103515625,0.06318092346191406,0.06079673767089844,0.0,0.06103515625,0.06198883056640625,67738,52,4270,6,26,6,26,2.3109912872314453,0.6821155548095703,0,1,0,0,1,1,47774,1194,non_streaming
183,1,52,-1,183,-1,167,1,52,-1,679,1,167,-1,1458,-1,0.3609657287597656,3.744840621948242,1.2941360473632812,0.32591819763183594,0.6959438323974609,4.065036773681641,14.892101287841797,13089,52,2864,13,19,23,3,165.3900146484375,49.12900924682617,0,1,0,0,1,1,47774,1194,non_streaming
52,1,52,1,52,1,520,-1,167,1,52,-1,742,1,52,-1,0.5362033843994141,0.012874603271484375,0.3509521484375,0.09608268737792969,0.5159378051757812,0.5979537963867188,0.3750324249267578,25895,52,2864,12,20,14,15,7.848978042602539,2.062082290649414,0,1,0,0,0,1,47774,1194,non_streaming
2864,-1,2864,-1,282,1,52,1,52,-1,1458,-1,1458,-1,1458,-1,0.04506111145019531,0.3819465637207031,0.14090538024902344,0.2040863037109375,0.050067901611328125,0.02288818359375,0.030040740966796875,30335,52,2864,9,23,10,16,3.8940906524658203,0.5130767822265625,0,1,0,0,0,1,47774,1194,non_streaming
1458,-1,52,1,52,1,167,1,754,-1,1458,-1,1458,-1,2864,-1,0.1800060272216797,0.19788742065429688,0.23603439331054688,0.04410743713378906,0.025987625122070312,0.025987625122070312,0.030994415283203125,35144,52,2864,10,22,9,19,2.911090850830078,0.40602684020996094,0,1,0,0,0,1,47774,1194,non_streaming
1458,-1,52,1,2864,-1,52,-1,52,1,871,-1,1458,-1,627,1,0.0021457672119140625,0.03981590270996094,0.04220008850097656,0.40793418884277344,0.1220703125,0.02288818359375,0.20003318786621094,33024,52,2864,11,21,9,16,2.9420852661132812,0.40793418884277344,0,1,0,0,1,1,47774,1194,non_streaming
1458,-1,1458,-1,2864,-1,1458,-1,1458,-1,1458,-1,397,1,52,1,0.08392333984375,0.04601478576660156,0.04696846008300781,0.00095367431640625,0.09799003601074219,0.15997886657714844,0.12302398681640625,56230,52,4270,8,24,5,23,3.1888484954833984,0.4260540008544922,0,1,0,0,0,1,47774,1194,non_streaming
1458,-1,2041,-1,1458,-1,2864,-1,1458,-1,2864,-1,4270,-1,2864,-1,0.06318092346191406,0.00095367431640625,0.06103515625,0.00095367431640625,0.054836273193359375,0.06008148193359375,0.06198883056640625,62467,52,4270,6,26,6,26,1.8301010131835938,0.2238750457763672,0,1,0,0,0,1,47774,1194,non_streaming
1458,-1,52,1,635,-1,4270,-1,1458,-1,52,1,1458,-1,2864,-1,0.29087066650390625,0.26416778564453125,0.06198883056640625,0.05793571472167969,0.19097328186035156,0.12111663818359375,0.04792213439941406,60004,52,4270,7,25,7,23,2.6259422302246094,0.3077983856201172,0,1,0,0,0,1,47774,1194,non_streaming
52,1,52,1,167,1,1458,1,52,-1,1458,1,1458,1,1458,1,0.4520416259765625,1.667022705078125,0.2391338348388672,0.08487701416015625,0.06604194641113281,0.15401840209960938,0.1659393310546875,40099,52,2864,10,22,10,22,7.538080215454102,2.424955368041992,0,1,0,0,0,1,47774,1194,non_streaming
2864,-1,2864,-1,2864,-1,282,-1,1458,-1,2864,-1,1458,-1,2864,-1,0.048160552978515625,0.051021575927734375,0.051975250244140625,0.13494491577148438,0.032901763916015625,0.5190372467041016,0.03695487976074219,66096,52,4270,4,28,4,27,2.701997756958008,0.5190372467041016,0,1,0,0,1,1,47774,1194,non_streaming
2864,-1,4270,-1,1458,-1,1458,-1,2864,-1,2864,-1,2864,-1,2864,-1,0.06198883056640625,0.06008148193359375,0.0019073486328125,0.06008148193359375,0.0629425048828125,0.06103515625,0.06103515625,70671,52,4270,5,27,5,27,1.8241405487060547,0.12683868408203125,0,1,0,0,0,1,47774,1194,non_streaming
183,1,52,-1,183,-1,52,1,167,1,52,-1,679,1,52,-1,0.3590583801269531,3.618955612182617,0.5390644073486328,0.6310939788818359,0.32401084899902344,0.6299018859863281,0.40602684020996094,10790,52,1575,16,16,23,4,36.379098892211914,14.013051986694336,0,1,0,0,1,1,47774,1194,non_streaming
52,-1,167,1,52,-1,167,1,52,-1,167,-1,52,1,183,1,0.5037784576416016,0.3361701965332031,0.8778572082519531,0.3180503845214844,3.7200450897216797,0.4639625549316406,16.325950622558594,10593,52,1575,13,19,24,4,105.59487342834473,46.885013580322266,0,1,0,0,0,1,47774,1194,non_streaming
1458,-1,1458,-1,1458,-1,1458,-1,1458,-1,52,1,52,1,52,1,0.08606910705566406,0.015974044799804688,0.02002716064453125,0.02288818359375,0.2300739288330078,0.28896331787109375,0.013113021850585938,21898,52,1458,11,21,15,13,4.483938217163086,0.5900859832763672,0,1,0,0,0,1,47774,1194,non_streaming
1575,-1,1458,-1,1458,-1,1458,-1,52,1,403,-1,1458,-1,1458,-1,0.010967254638671875,0.026941299438476562,0.02288818359375,0.4432201385498047,0.34689903259277344,0.029087066650390625,0.028848648071289062,31751,52,1575,9,23,8,19,2.7959346771240234,0.4432201385498047,0,1,0,0,1,1,47774,1194,non_streaming
52,-1,1458,-1,1458,-1,1458,-1,52,1,1458,-1,1458,-1,1458,-1,0.03814697265625,0.028848648071289062,0.029087066650390625,0.02193450927734375,0.2579689025878906,0.01811981201171875,0.0209808349609375,28471,52,1575,9,23,10,17,4.024982452392578,0.46181678771972656,0,1,0,0,0,1,47774,1194,non_streaming
52,1,52,1,52,-1,1458,-1,1458,-1,1458,-1,1458,-1,1458,-1,0.24008750915527344,0.18596649169921875,0.03790855407714844,0.013113021850585938,0.02288818359375,0.025033950805664062,0.024080276489257812,49109,52,2864,6,26,6,25,1.8820762634277344,0.24008750915527344,0,1,0,0,0,1,47774,1194,non_streaming
1458,-1,2864,-1,2864,-1,1922,-1,1458,-1,1458,-1,52,1,1458,-1,0.00095367431640625,0.06008148193359375,0.0629425048828125,0.00095367431640625,0.10991096496582031,0.03409385681152344,0.019073486328125,55645,52,4270,7,25,5,24,2.592802047729492,0.4420280456542969,0,1,0,0,1,1,47774,1194,non_streaming
1458,-1,1458,-1,1458,-1,1087,1,52,1,1458,-1,2864,-1,1458,-1,0.0019073486328125,0.05698204040527344,0.308990478515625,0.016927719116210938,0.0021457672119140625,0.06198883056640625,0.0019073486328125,56440,52,4270,8,24,5,25,2.8998851776123047,0.9241104125976562,0,1,0,0,1,1,47774,1194,non_streaming
52,1,1458,-1,2864,-1,4270,-1,2864,-1,2864,-1,2864,-1,2864,-1,0.025987625122070312,0.0629425048828125,0.06103515625,0.06103515625,0.06198883056640625,0.06198883056640625,0.06008148193359375,71135,52,4270,4,28,4,27,1.6019344329833984,0.1430511474609375,0,1,0,0,0,1,47774,1194,non_streaming
4270,-1,52,1,52,1,986,-1,1458,-1,52,1,52,1,1458,-1,0.017881393432617188,0.01811981201171875,0.0247955322265625,0.0011920928955078125,0.052928924560546875,0.3349781036376953,0.04291534423828125,67504,52,4270,8,24,8,22,2.0399093627929688,0.3349781036376953,0,1,0,0,1,1,47774,1194,non_streaming
183,1,52,-1,183,-1,167,1,52,-1,679,1,52,-1,167,-1,0.49591064453125,3.6830902099609375,1.249074935913086,0.32901763916015625,0.5388259887695312,0.35500526428222656,3.7012100219726562,12773,52,1458,11,21,22,5,97.47099876403809,50.38285255432129,0,1,0,0,1,1,47774,1194,non_streaming
1458,-1,1458,-1,1458,-1,1458,-1,1458,-1,1458,-1,52,1,1458,-1,0.01811981201171875,0.02288818359375,0.024080276489257812,0.02384185791015625,0.027179718017578125,0.43702125549316406,0.1728534698486328,33148,52,2864,8,24,12,19,6.4640045166015625,1.5950202941894531,0,1,0,0,0,1,47774,1194,non_streaming
167,1,52,1,988,-1,1458,-1,2864,-1,1458,-1,1458,-1,52,-1,0.011920928955078125,0.15091896057128906,0.03910064697265625,0.030994415283203125,0.03409385681152344,0.033855438232421875,0.00095367431640625,32685,52,2864,11,21,12,16,3.2379627227783203,0.3859996795654297,0,1,0,0,1,1,47774,1194,non_streaming
397,1,52,-1,52,1,169,-1,282,1,52,-1,167,1,52,-1,0.14090538024902344,0.03910064697265625,0.1609325408935547,0.1270771026611328,0.1327991485595703,0.3840923309326172,0.2970695495605469,26601,52,1575,10,22,13,17,3.348827362060547,0.3840923309326172,0,1,0,0,1,1,47774,1194,non_streaming
1105,-1,1458,-1,52,1,167,1,52,1,52,1,52,-1,1458,-1,0.05793571472167969,0.03695487976074219,0.027179718017578125,0.20194053649902344,0.3139972686767578,0.1900196075439453,0.026941299438476562,36306,52,2864,9,23,8,19,3.086090087890625,0.38695335388183594,0,1,0,0,1,1,47774,1194,non_streaming
2864,-1,1458,-1,1458,-1,1458,-1,2864,-1,4270,-1,2864,-1,2864,-1,0.050067901611328125,0.053882598876953125,0.1361370086669922,0.05888938903808594,0.06008148193359375,0.06103515625,0.06198883056640625,60117,52,5676,8,24,7,23,1.850128173828125,0.16689300537109375,0,1,0,0,0,1,47774,1194,non_streaming
1458,-1,52,1,52,1,52,-1,752,-1,52,1,52,1,1458,-1,0.049114227294921875,0.0019073486328125,0.011920928955078125,0.06008148193359375,0.16188621520996094,0.14519691467285156,0.22101402282714844,37040,52,2864,8,24,9,21,1.5149116516113281,0.22101402282714844,0,1,0,0,1,1,47774,1194,non_streaming
2864,-1,2864,-1,52,1,986,-1,52,1,1458,-1,4270,-1,2864,-1,0.04291534423828125,0.04315376281738281,0.00095367431640625,0.10204315185546875,0.06794929504394531,0.051021575927734375,0.050067901611328125,80144,52,4270,5,27,4,26,1.505136489868164,0.10204315185546875,0,1,0,0,0,1,47774,1194,non_streaming
1458,-1,1458,1,1458,-1,4270,-1,4270,-1,2864,-1,4270,-1,2864,-1,0.07891654968261719,0.009059906005859375,0.06413459777832031,0.06079673767089844,0.06103515625,0.0629425048828125,0.06008148193359375,81290,52,4270,6,26,4,27,1.50299072265625,0.07891654968261719,0,1,0,0,1,1,47774,1194,non_streaming
183,1,52,-1,183,-1,167,1,52,-1,679,1,52,-1,167,-1,0.39005279541015625,3.732919692993164,0.8640289306640625,0.31304359436035156,0.4260540008544922,0.30303001403808594,3.7620067596435547,11512,52,1458,12,20,21,4,83.08696746826172,41.71609878540039,0,1,0,0,1,1,47774,1194,non_streaming
679,1,52,-1,167,-1,1458,-1,1458,-1,1458,-1,52,1,1046,-1,0.3228187561035156,3.715991973876953,14.867067337036133,0.024080276489257812,0.02384185791015625,0.3941059112548828,0.3159046173095703,25673,52,1458,8,24,11,15,30.412912368774414,14.867067337036133,0,1,0,0,1,1,47774,1194,non_streaming
2864,-1,167,1,52,-1,52,1,512,1,637,-1,52,-1,512,1,0.030994415283203125,0.12493133544921875,0.19598007202148438,0.06008148193359375,0.06389617919921875,0.1010894775390625,0.36907196044921875,27063,52,2864,10,22,13,15,5.606889724731445,2.061128616333008,0,1,0,0,1,1,47774,1194,non_streaming
637,-1,1458,-1,512,1,1458,-1,1458,-1,52,1,52,1,52,1,0.12302398681640625,0.04792213439941406,0.10585784912109375,0.030040740966796875,0.0209808349609375,0.09608268737792969,0.013113021850585938,26472,52,2864,13,19,13,13,3.490924835205078,0.4019737243652344,0,1,0,0,1,1,47774,1194,non_streaming
1458,-1,52,1,286,-1,52,-1,282,1,52,-1,1575,-1,1458,-1,0.3440380096435547,0.15687942504882812,0.00095367431640625,0.33402442932128906,0.3299713134765625,0.048160552978515625,0.07200241088867188,32116,52,2864,9,23,11,19,2.635955810546875,0.3440380096435547,0,1,0,0,0,1,47774,1194,non_streaming
1458,-1,2864,-1,988,-1,52,1,52,1,52,1,52,-1,2864,-1,0.04601478576660156,0.048160552978515625,0.14591217041015625,0.2460479736328125,0.017881393432617188,0.08511543273925781,0.053882598876953125,34444,52,2864,9,23,9,19,2.3550987243652344,0.3390312194824219,0,1,0,0,0,1,47774,1194,non_streaming
1458,-1,1458,-1,2864,-1,1458,-1,1458,-1,284,-1,52,1,627,1,0.2028942108154297,0.03600120544433594,0.03504753112792969,0.0400543212890625,0.00095367431640625,0.010967254638671875,0.2460479736328125,31162,52,2864,11,21,9,19,2.368927001953125,0.3120899200439453,0,1,0,0,1,1,47774,1194,non_streaming
286,-1,282,1,1458,-1,1458,-1,1458,-1,1458,-1,1458,-1,2864,-1,0.36597251892089844,0.24199485778808594,0.031948089599609375,0.00095367431640625,0.030994415283203125,0.03314018249511719,0.03790855407714844,48873,52,4270,8,24,7,23,1.811981201171875,0.36597251892089844,0,1,0,0,1,1,47774,1194,non_streaming
4270,-1,1458,-1,1458,-1,52,-1,871,-1,2864,-1,2864,-1,2864,-1,0.15687942504882812,0.06198883056640625,0.0011920928955078125,0.31280517578125,0.049114227294921875,0.051021575927734375,0.04792213439941406,74284,52,4270,5,27,5,25,1.8620491027832031,0.31280517578125,0,1,0,0,1,1,47774,1194,non_streaming
52,1,52,1,52,1,1458,-1,1458,-1,1458,-1,1458,-1,52,1,0.00095367431640625,0.07009506225585938,0.030994415283203125,0.05698204040527344,0.12087821960449219,0.06318092346191406,0.02288818359375,51776,52,4385,10,22,8,21,2.6509761810302734,0.2918243408203125,0,1,0,0,0,1,47774,1194,non_streaming
183,1,52,-1,183,-1,52,1,167,1,52,-1,679,1,52,-1,0.38504600524902344,3.774881362915039,0.4391670227050781,0.3178119659423828,0.13899803161621094,0.4181861877441406,0.3578662872314453,10905,52,1575,14,18,23,4,37.071943283081055,14.053106307983398,0,1,0,0,1,1,47774,1194,non_streaming
52,1,397,1,52,1,1575,-1,2864,-1,1458,-1,2864,-1,4270,-1,0.10919570922851562,0.13184547424316406,0.22411346435546875,0.05793571472167969,0.2079010009765625,0.05316734313964844,0.052928924560546875,64545,52,4270,10,22,7,22,2.309083938598633,0.2689361572265625,0,1,0,0,0,1,47774,1194,non_streaming
52,1,4270,-1,1458,-1,1458,1,52,1,52,1,831,1,1458,-1,0.04792213439941406,0.06008148193359375,0.013828277587890625,0.03314018249511719,0.37598609924316406,0.05698204040527344,0.1850128173828125,56567,52,4270,8,24,7,24,1.9190311431884766,0.37598609924316406,0,1,0,0,0,1,47774,1194,non_streaming
1432,1,2864,-1,52,1,2864,-1,52,1,1458,-1,2864,-1,1458,-1,0.0,0.012159347534179688,0.04887580871582031,0.1971721649169922,0.13899803161621094,0.0629425048828125,0.00095367431640625,62643,52,4270,9,23,7,24,1.7380714416503906,0.31280517578125,0,1,0,0,1,1,47774,1194,non_streaming
52,1,52,1,1458,-1,4270,-1,2864,-1,4270,-1,2864,-1,4270,-1,0.015974044799804688,0.10514259338378906,0.06198883056640625,0.06103515625,0.0629425048828125,0.05984306335449219,0.06198883056640625,83997,52,4270,5,27,4,27,1.5749931335449219,0.10514259338378906,0,1,0,0,0,1,47774,1194,non_streaming
52,1,52,1,52,1,1458,-1,4270,-1,2864,-1,2864,-1,1458,-1,0.0,0.00095367431640625,0.06508827209472656,0.0629425048828125,0.06008148193359375,0.06198883056640625,0.00095367431640625,66449,52,4270,9,23,10,22,1.847982406616211,0.24509429931640625,0,1,0,0,0,1,47774,1194,non_streaming
2864,-1,2864,-1,2864,-1,2864,-1,4270,-1,52,1,867,-1,52,1,0.06103515625,0.0629425048828125,0.06008148193359375,0.06198883056640625,0.051975250244140625,0.009059906005859375,0.015974044799804688,65864,52,4270,7,25,6,25,1.6009807586669922,0.09703636169433594,0,1,0,0,0,1,47774,1194,non_streaming
52,1,52,1,52,1,52,1,52,1,52,1,52,1,167,1,0.016927719116210938,0.2930164337158203,0.1590251922607422,0.1239776611328125,0.0021457672119140625,0.051975250244140625,0.5869865417480469,48483,52,4270,17,15,10,21,2.9630661010742188,0.5869865417480469,0,1,0,0,0,1,47774,1194,non_streaming
1458,-1,2864,-1,2864,-1,2864,-1,1458,-1,2864,-1,4270,-1,2864,-1,0.00095367431640625,0.06103515625,0.06103515625,0.00095367431640625,0.06008148193359375,0.06198883056640625,0.06103515625,90579,52,4270,2,30,1,30,1.4729499816894531,0.0629425048828125,0,1,0,0,1,1,47774,1194,non_streaming
4270,-1,2864,-1,52,1,52,1,52,1,4270,-1,2864,-1,4270,-1,0.06103515625,0.02002716064453125,0.0019073486328125,0.00095367431640625,0.0400543212890625,0.06008148193359375,0.0629425048828125,75002,52,4270,7,25,7,25,1.2180805206298828,0.0629425048828125,0,1,0,0,0,1,47774,1194,non_streaming
183,1,52,-1,1458,-1,1458,-1,1458,-1,52,1,1046,-1,167,1,0.3559589385986328,27.441024780273438,0.019073486328125,0.041961669921875,0.5099773406982422,0.3209114074707031,0.2779960632324219,18155,52,1458,11,21,18,9,144.29092407226562,88.01603317260742,0,1,0,0,1,1,47774,1194,non_streaming
1458,-1,1458,-1,1458,-1,1458,-1,1458,-1,1458,-1,52,1,52,1,0.02193450927734375,0.024080276489257812,0.025033950805664062,0.024080276489257812,0.026941299438476562,0.47206878662109375,0.015974044799804688,30687,52,2864,9,23,10,18,6.30497932434082,2.1669864654541016,0,1,0,0,0,1,47774,1194,non_streaming
52,1,1458,-1,1458,-1,1458,-1,1458,-1,2864,-1,1458,-1,52,1,0.11920928955078125,0.028848648071289062,0.00095367431640625,0.030040740966796875,0.03314018249511719,0.033855438232421875,0.080108642578125,29647,52,2864,10,22,11,18,2.7070045471191406,0.3459453582763672,0,1,0,0,0,1,47774,1194,non_streaming
52,1,52,1,637,-1,1458,-1,2864,-1,1458,-1,742,1,52,1,0.0629425048828125,0.3170967102050781,0.032901763916015625,0.03504753112792969,0.03600120544433594,0.43892860412597656,0.011920928955078125,45571,52,4270,10,22,8,20,3.9288997650146484,1.0268688201904297,0,1,0,0,0,1,47774,1194,non_streaming
52,-1,52,1,512,1,1458,-1,1458,-1,1458,-1,1458,-1,1458,-1,0.32210350036621094,0.011920928955078125,0.05412101745605469,0.03981590270996094,0.012159347534179688,0.015974044799804688,0.019073486328125,43816,52,4270,9,23,9,21,2.8231143951416016,0.6399154663085938,0,1,0,0,0,1,47774,1194,non_streaming
52,1,1458,-1,4270,-1,1458,-1,52,1,1458,-1,4270,-1,2864,-1,0.24700164794921875,0.0591278076171875,0.055789947509765625,0.09799003601074219,0.06008148193359375,0.06198883056640625,0.06008148193359375,61277,52,4270,8,24,7,24,2.165079116821289,0.24700164794921875,0,1,0,0,0,1,47774,1194,non_streaming
1458,-1,1458,-1,52,1,1087,1,52,1,1458,-1,4270,-1,52,1,0.06604194641113281,0.07605552673339844,0.012874603271484375,0.00095367431640625,0.010967254638671875,0.06318092346191406,0.2880096435546875,70633,52,4270,7,25,5,23,2.156972885131836,0.2880096435546875,0,1,0,0,0,1,47774,1194,non_streaming
2864,-1,52,1,52,1,1458,-1,1458,-1,1458,-1,2864,-1,1458,-1,0.007867813110351562,0.012159347534179688,0.010967254638671875,0.033855438232421875,0.0011920928955078125,0.033855438232421875,0.03600120544433594,55744,52,4270,10,22,6,22,2.332925796508789,0.47707557678222656,0,1,0,0,1,1,47774,1194,non_streaming
4270,-1,4270,-1,4270,-1,1458,-1,1458,-1,4270,-1,4270,-1,2864,-1,0.06103515625,0.06103515625,0.06008148193359375,0.00095367431640625,0.06103515625,0.06103515625,0.06103515625,76291,52,4270,5,27,5,27,1.425027847290039,0.10800361633300781,0,1,0,0,0,1,47774,1194,non_streaming
1458,-1,1458,-1,52,1,1458,-1,52,1,52,1,4270,-1,52,1,0.00095367431640625,0.08988380432128906,0.08702278137207031,0.03409385681152344,0.025987625122070312,0.0059604644775390625,0.01811981201171875,77697,52,5676,7,25,7,25,1.5790462493896484,0.08988380432128906,0,1,0,0,1,1,47774,1194,non_streaming
52,1,52,1,52,1,1458,-1,4270,-1,1458,-1,52,1,1458,-1,0.06508827209472656,0.00095367431640625,0.011920928955078125,0.0629425048828125,0.06103515625,0.08893013000488281,0.012159347534179688,56607,52,4270,12,20,9,23,1.483917236328125,0.1800060272216797,0,1,0,0,0,1,47774,1194,non_streaming
183,1,52,-1,183,-1,52,1,167,1,52,-1,679,1,52,-1,0.3731250762939453,3.720998764038086,0.4658699035644531,0.40721893310546875,43.36881637573242,0.4971027374267578,0.2899169921875,10774,52,1575,15,17,23,4,78.48405838012695,43.36881637573242,0,1,0,0,1,1,47774,1194,non_streaming
52,1,167,1,52,-1,167,1,52,-1,167,-1,52,1,183,1,0.492095947265625,0.308990478515625,1.0128021240234375,0.17118453979492188,3.7050247192382812,0.4048347473144531,21.226167678833008,10692,52,1575,15,17,23,4,110.75091361999512,47.460079193115234,0,1,0,0,0,1,47774,1194,non_streaming
1458,-1,1458,-1,1458,-1,1458,-1,1458,-1,1458,-1,1458,-1,1458,-1,0.0209808349609375,0.025033950805664062,0.02288818359375,0.025033950805664062,0.024080276489257812,0.027894973754882812,0.028133392333984375,27754,52,1575,9,23,11,17,5.268096923828125,1.5468597412109375,0,1,0,0,0,1,47774,1194,non_streaming
52,1,1458,-1,1458,-1,1458,-1,1458,-1,1458,-1,988,-1,167,1,0.24890899658203125,0.019073486328125,0.02288818359375,0.025987625122070312,0.028133392333984375,0.029087066650390625,0.22792816162109375,29887,52,2864,9,23,11,17,2.7489662170410156,0.3781318664550781,0,1,0,0,0,1,47774,1194,non_streaming
1458,-1,512,1,1458,-1,2864,-1,1458,-1,52,1,754,-1,52,1,0.09679794311523438,0.05412101745605469,0.03600120544433594,0.03504753112792969,0.24700164794921875,0.125885009765625,0.0050067901611328125,36427,52,2864,10,22,8,20,4.026889801025391,0.8230209350585938,0,1,0,0,0,1,47774,1194,non_streaming
52,1,637,-1,1458,-1,2864,-1,2864,-1,742,1,1458,-1,2864,-1,0.05793571472167969,0.41794776916503906,0.04100799560546875,0.04410743713378906,0.03504753112792969,0.025033950805664062,0.04982948303222656,41583,52,4270,12,20,9,16,2.9458999633789062,0.4901885986328125,0,1,0,0,0,1,47774,1194,non_streaming
52,1,52,1,52,1,1458,-1,4270,-1,2864,-1,2864,-1,1220,-1,0.07700920104980469,0.08606910705566406,0.03790855407714844,0.06318092346191406,0.06198883056640625,0.06198883056640625,0.05793571472167969,57067,52,4270,7,25,6,24,2.1419525146484375,0.5180835723876953,0,1,0,0,0,1,47774,1194,non_streaming
1458,-1,1458,-1,1458,-1,1458,-1,1458,-1,1458,-1,1458,-1,1458,-1,0.012874603271484375,0.02193450927734375,0.025033950805664062,0.023126602172851562,0.025987625122070312,0.02384185791015625,0.025987625122070312,67861,52,4270,4,28,4,28,1.1138916015625,0.06198883056640625,0,1,0,0,0,1,47774,1194,non_streaming
1458,1,1458,1,2864,1,1458,1,1458,1,5676,1,2864,1,5676,1,0.06389617919921875,0.0011920928955078125,0.05984306335449219,0.00095367431640625,0.06103515625,0.06198883056640625,0.0011920928955078125,63894,52,5676,26,6,5,25,1.3129711151123047,0.14901161193847656,0,1,0,0,0,1,1194,47774,non_streaming
52,-1,631,1,52,-1,52,-1,1458,1,1458,1,167,-1,1458,-1,0.00095367431640625,0.010013580322265625,0.0021457672119140625,0.10991096496582031,0.06008148193359375,0.0040531158447265625,0.051975250244140625,62578,52,4270,21,11,7,24,1.7809867858886719,0.26416778564453125,0,1,0,0,0,1,1194,47774,non_streaming
52,-1,4270,1,2864,1,4270,1,1458,1,1458,1,4270,1,408,-1,0.0591278076171875,0.05984306335449219,0.06008148193359375,0.06103515625,0.0019073486328125,0.06198883056640625,0.041961669921875,70914,52,4270,26,6,5,26,1.3489723205566406,0.11897087097167969,0,1,0,0,0,1,1194,47774,non_streaming
52,-1,52,-1,52,-1,2864,1,1458,1,4270,1,2864,1,4270,1,0.053882598876953125,0.0019073486328125,0.0021457672119140625,0.2028942108154297,0.06318092346191406,0.06079673767089844,0.06198883056640625,72426,52,4270,24,8,8,23,1.4319419860839844,0.2028942108154297,0,1,0,0,0,1,1194,47774,non_streaming
1458,-1,399,1,52,1,1458,-1,52,-1,1458,-1,1458,-1,52,-1,0.07104873657226562,0.19478797912597656,0.025033950805664062,0.0021457672119140625,0.06794929504394531,0.04100799560546875,0.00095367431640625,49917,52,4270,24,8,5,26,2.9098987579345703,1.4271736145019531,0,1,0,0,0,1,1194,47774,non_streaming
2864,1,52,-1,1458,1,2864,1,4270,1,2864,1,4270,1,2864,1,0.051021575927734375,0.0030994415283203125,0.06198883056640625,0.05698204040527344,0.06008148193359375,0.0629425048828125,0.06008148193359375,76878,52,4270,26,6,6,26,1.3420581817626953,0.06413459777832031,0,1,0,0,0,1,1194,47774,non_streaming
2864,1,1458,1,1458,1,1458,1,1458,1,4270,1,4270,1,52,-1,0.06103515625,0.00095367431640625,0.09202957153320312,0.06198883056640625,0.06198883056640625,0.06103515625,0.010967254638671875,48047,52,4270,22,10,6,26,0.9191036224365234,0.09202957153320312,0,1,0,0,0,1,1194,47774,non_streaming
1458,1,52,-1,1458,1,2864,1,1458,1,2864,1,2864,1,1458,1,0.014066696166992188,0.019073486328125,0.03504753112792969,0.03695487976074219,0.03886222839355469,0.04315376281738281,0.04100799560546875,66919,52,4270,27,5,5,26,1.257181167602539,0.0629425048828125,0,1,0,0,1,1,1194,47774,non_streaming
1458,1,52,-1,1458,1,2864,1,2864,1,1458,1,1458,1,4270,1,0.19812583923339844,0.11396408081054688,0.06198883056640625,0.06103515625,0.06198883056640625,0.00095367431640625,0.06198883056640625,57543,52,4270,22,10,9,22,2.6390552520751953,0.4298686981201172,0,1,0,0,0,1,1194,47774,non_streaming
2864,1,4270,1,2864,1,4270,1,1458,1,1291,-1,52,-1,52,-1,0.06198883056640625,0.05984306335449219,0.06198883056640625,0.06103515625,0.015974044799804688,0.0030994415283203125,0.0019073486328125,60190,52,4270,23,9,8,23,1.708984375,0.28204917907714844,0,1,0,0,0,1,1194,47774,non_streaming
1458,1,4270,1,4270,1,1458,1,1458,1,4270,1,2864,1,4270,1,0.0629425048828125,0.06103515625,0.06198883056640625,0.00095367431640625,0.06008148193359375,0.06103515625,0.06198883056640625,74651,52,4270,25,7,6,26,1.9419193267822266,0.41604042053222656,0,1,0,0,1,1,1194,47774,non_streaming
4270,1,2864,1,601,-1,52,-1,3796,1,52,-1,2864,1,4270,1,0.05984306335449219,0.022172927856445312,0.0019073486328125,0.04410743713378906,0.030994415283203125,0.0247955322265625,0.0591278076171875,66645,52,4270,23,9,8,22,1.4579296112060547,0.11897087097167969,0,1,0,0,0,1,1194,47774,non_streaming
2864,-1,2864,-1,2864,-1,2864,-1,1458,-1,52,1,2864,-1,2864,-1,0.06103515625,0.06198883056640625,0.06198883056640625,0.06008148193359375,0.05793571472167969,0.0040531158447265625,0.06198883056640625,67746,52,7082,6,26,6,26,9.016036987304688,7.630825042724609,0,1,0,0,0,1,47774,1194,non_streaming
1458,-1,1458,-1,52,1,1458,-1,52,1,1458,-1,1458,-1,2864,-1,0.0011920928955078125,0.028848648071289062,0.030994415283203125,0.06103515625,0.00095367431640625,0.1621246337890625,0.06103515625,73370,52,7082,6,26,6,26,1.6791820526123047,0.1621246337890625,0,1,0,0,0,1,47774,1194,non_streaming
7082,-1,5676,-1,1458,-1,52,1,52,1,863,-1,1458,-1,1458,-1,0.06198883056640625,0.0,0.08106231689453125,0.015974044799804688,0.23603439331054688,0.06604194641113281,0.05078315734863281,64454,52,7082,8,24,6,25,1.7619132995605469,0.23603439331054688,0,1,0,0,0,1,47774,1194,non_streaming
52,1,52,1,2864,-1,4270,-1,4270,-1,52,1,52,1,52,1,0.01811981201171875,0.017881393432617188,0.06198883056640625,0.06103515625,0.0820159912109375,0.13494491577148438,0.01621246337890625,72142,52,8488,13,19,12,19,1.917123794555664,0.3840923309326172,0,1,0,0,0,1,47774,1194,non_streaming
1458,-1,52,1,1458,-1,1458,-1,1458,-1,1458,-1,1458,-1,52,1,0.04100799560546875,0.026941299438476562,0.06103515625,0.06198883056640625,0.06103515625,0.06198883056640625,0.08392333984375,42771,52,4270,13,19,11,20,12.344121932983398,10.46609878540039,0,1,0,0,0,1,47774,1194,non_streaming
52,1,2864,-1,1458,-1,2864,-1,2864,-1,2864,-1,1458,-1,4270,-1,0.04696846008300781,0.0629425048828125,0.0,0.06008148193359375,0.0629425048828125,0.00095367431640625,0.06103515625,58639,52,4270,8,24,8,22,2.068042755126953,0.3268718719482422,0,1,0,0,0,1,47774,1194,non_streaming
1458,-1,1458,-1,4270,-1,2864,-1,2864,-1,3309,-1,52,1,167,1,0.0,0.06008148193359375,0.06198883056640625,0.06079673767089844,0.06103515625,0.028133392333984375,0.04601478576660156,32712,52,4270,14,18,14,15,4.44793701171875,0.8680820465087891,0,1,0,0,1,1,47774,1194,non_streaming
1458,-1,1458,-1,1458,-1,1458,-1,1458,-1,1458,-1,1458,-1,1458,-1,0.022172927856445312,0.025987625122070312,0.02288818359375,0.024080276489257812,0.02384185791015625,0.028133392333984375,0.027894973754882812,67746,52,4270,3,29,3,29,1.1980533599853516,0.07510185241699219,0,1,0,0,1,1,47774,1194,non_streaming
2864,-1,3806,-1,4270,-1,2864,-1,4270,-1,2864,-1,4270,-1,2864,-1,0.06103515625,0.06198883056640625,0.05888938903808594,0.06198883056640625,0.06103515625,0.06198883056640625,0.06103515625,74108,52,4270,5,27,5,27,1.6109943389892578,0.06508827209472656,0,1,0,0,0,1,47774,1194,non_streaming
1458,1,1458,1,1458,1,52,-1,1046,1,167,-1,52,-1,695,1,0.025033950805664062,0.03409385681152344,0.6477832794189453,0.3440380096435547,0.23508071899414062,42.053937911987305,0.33211708068847656,13957,52,1575,16,16,20,5,156.14700317382812,45.03798484802246,0,1,0,0,0,1,1194,47774,non_streaming
1458,1,1458,1,1458,1,52,-1,1458,1,52,-1,1458,1,2864,1,0.024080276489257812,0.026941299438476562,0.017881393432617188,0.025033950805664062,0.015020370483398438,0.019073486328125,0.032901763916015625,35267,52,2864,23,9,8,20,2.886056900024414,0.5939006805419922,0,1,0,0,0,1,1194,47774,non_streaming
52,-1,52,1,1458,1,397,-1,169,1,167,-1,52,1,1575,1,0.15115737915039062,0.0438690185546875,0.23794174194335938,0.2551078796386719,0.3440380096435547,0.34689903259277344,0.2281665802001953,32112,52,2864,22,10,12,17,6.203174591064453,2.2389888763427734,0,1,0,0,0,1,1194,47774,non_streaming
1458,1,857,-1,52,-1,52,-1,871,1,1458,1,1458,1,1458,1,0.08296966552734375,0.15401840209960938,0.21719932556152344,0.09894371032714844,0.05602836608886719,0.051021575927734375,0.06699562072753906,55417,52,4270,25,7,5,23,3.9091110229492188,0.9810924530029297,0,1,0,0,1,1,1194,47774,non_streaming
1458,1,742,-1,52,-1,52,-1,1458,1,2864,1,2864,1,2864,1,0.2319812774658203,0.00095367431640625,0.0,0.3681182861328125,0.06389617919921875,0.06103515625,0.06198883056640625,55167,52,4270,22,10,8,22,2.429962158203125,0.3681182861328125,0,1,0,0,1,1,1194,47774,non_streaming
2864,1,2864,1,1458,1,2864,1,4270,1,2864,1,4270,1,1458,1,0.05698204040527344,0.00095367431640625,0.05817413330078125,0.06198883056640625,0.06198883056640625,0.06103515625,0.08702278137207031,46967,52,4270,25,7,7,22,2.2449493408203125,0.43201446533203125,0,1,0,0,0,1,1194,47774,non_streaming
1458,1,2864,1,2864,1,1458,1,52,-1,52,-1,52,-1,1458,1,0.03600120544433594,0.03600120544433594,0.03910064697265625,0.015020370483398438,0.013828277587890625,0.1239776611328125,0.18405914306640625,55189,52,4270,23,9,8,22,1.5010833740234375,0.18405914306640625,0,1,0,0,1,1,1194,47774,non_streaming
52,-1,2864,1,2864,1,2864,1,2864,1,1458,1,399,1,2864,1,0.01811981201171875,0.0438690185546875,0.06008148193359375,0.0629425048828125,0.0021457672119140625,0.0,0.05888938903808594,65830,52,4270,24,8,6,24,1.3289451599121094,0.08296966552734375,0,1,0,0,0,1,1194,47774,non_streaming
1458,1,4270,1,2864,1,4270,1,2864,1,4270,1,1458,1,1450,1,0.0629425048828125,0.06103515625,0.06389617919921875,0.06198883056640625,0.06222724914550781,0.06079673767089844,0.0021457672119140625,72620,52,4270,24,8,5,26,1.6989707946777344,0.2460479736328125,0,1,0,0,0,1,1194,47774,non_streaming
1458,1,2864,1,2864,1,4270,1,4270,1,2864,1,1458,1,865,1,0.00095367431640625,0.06008148193359375,0.06198883056640625,0.06198883056640625,0.06008148193359375,0.06198883056640625,0.00095367431640625,58564,52,4270,23,9,8,21,1.1610984802246094,0.12111663818359375,0,1,0,0,1,1,1194,47774,non_streaming
183,1,52,-1,183,-1,167,1,52,-1,679,1,52,-1,167,-1,0.370025634765625,3.7419795989990234,0.9441375732421875,0.3008842468261719,0.370025634765625,0.3230571746826172,3.712892532348633,11151,52,1458,12,20,23,4,62.207937240600586,20.496845245361328,0,1,0,0,1,1,47774,1194,non_streaming
52,-1,247,1,52,-1,359,1,52,-1,167,-1,1458,-1,1458,-1,1.9588470458984375,0.3840923309326172,0.3230571746826172,0.3440380096435547,3.674030303955078,3.304004669189453,0.013828277587890625,28970,52,2864,7,25,11,16,17.5020694732666,4.782199859619141,0,1,0,0,0,1,47774,1194,non_streaming
1458,-1,637,-1,1458,-1,627,1,1458,-1,1458,-1,52,1,403,-1,0.0011920928955078125,0.26988983154296875,0.06008148193359375,0.05793571472167969,0.026941299438476562,0.049114227294921875,0.33092498779296875,27640,52,2864,11,21,11,15,4.121065139770508,0.7011890411376953,0,1,0,0,1,1,47774,1194,non_streaming
52,1,637,-1,167,1,1458,-1,1458,-1,1458,-1,2864,-1,1458,-1,0.09298324584960938,0.2589225769042969,0.11897087097167969,0.025987625122070312,0.028133392333984375,0.030994415283203125,0.06985664367675781,43812,52,4270,9,23,7,21,2.4678707122802734,0.2701282501220703,0,1,0,0,0,1,47774,1194,non_streaming
52,1,52,1,1458,-1,1458,-1,2864,-1,397,1,52,1,52,1,0.024080276489257812,0.19097328186035156,0.05698204040527344,0.06008148193359375,0.06198883056640625,0.2899169921875,0.1220703125,52839,52,4502,10,22,7,21,2.955913543701172,0.40602684020996094,0,1,0,0,0,1,47774,1194,non_streaming
1458,-1,169,-1,2864,-1,1458,-1,972,1,52,1,1458,-1,2864,-1,0.06008148193359375,0.06198883056640625,0.030040740966796875,0.29397010803222656,0.0,0.17595291137695312,0.023126602172851562,61507,52,4270,6,26,5,25,1.7921924591064453,0.29397010803222656,0,1,0,0,0,1,47774,1194,non_streaming
4270,-1,52,1,4270,-1,3211,-1,52,1,52,1,627,1,52,-1,0.0247955322265625,0.03600120544433594,0.06318092346191406,0.10395050048828125,0.011920928955078125,0.17714500427246094,0.16689300537109375,70280,52,4270,7,25,5,24,3.573894500732422,1.5780925750732422,0,1,0,0,1,1,47774,1194,non_streaming
1458,-1,2864,-1,2864,-1,52,1,1458,-1,1458,-1,4270,-1,2864,-1,0.0,0.06103515625,0.033855438232421875,0.028133392333984375,0.00095367431640625,0.06008148193359375,0.06198883056640625,66098,52,4270,7,25,7,25,1.4240741729736328,0.12087821960449219,0,1,0,0,1,1,47774,1194,non_streaming
1458,-1,4270,-1,4270,-1,2864,-1,4270,-1,2864,-1,167,1,4270,-1,0.06198883056640625,0.06198883056640625,0.06079673767089844,0.06222724914550781,0.06079673767089844,0.027179718017578125,0.034809112548828125,85897,52,4270,3,29,3,29,1.6148090362548828,0.07295608520507812,0,1,0,0,0,1,47774,1194,non_streaming
1458,-1,52,1,1087,1,52,1,1216,-1,52,1,52,1,52,1,0.014066696166992188,0.09894371032714844,0.00095367431640625,0.06604194641113281,0.026941299438476562,0.10609626770019531,0.041961669921875,56934,52,4270,13,19,9,22,2.032041549682617,0.2989768981933594,0,1,0,0,1,1,47774,1194,non_streaming
183,1,52,-1,183,-1,167,1,52,-1,679,1,52,-1,167,-1,0.2911090850830078,3.7729740142822266,1.2729167938232422,44.70515251159668,0.5729198455810547,0.3578662872314453,3.765106201171875,11282,52,2864,12,20,24,3,99.00808334350586,44.70515251159668,0,1,0,0,1,1,47774,1194,non_streaming
167,1,52,-1,679,1,52,-1,167,-1,1458,-1,1458,-1,1458,-1,0.25391578674316406,0.5059242248535156,0.3399848937988281,3.7500858306884766,14.262914657592773,0.0209808349609375,0.04506111145019531,28759,52,2864,9,23,13,15,79.56099510192871,49.95584487915039,0,1,0,0,1,1,47774,1194,non_streaming
1458,-1,52,-1,52,1,169,-1,397,1,52,-1,397,1,52,-1,0.0030994415283203125,0.017881393432617188,0.18215179443359375,0.39005279541015625,0.3209114074707031,0.4448890686035156,0.3261566162109375,31053,52,2864,10,22,13,16,6.42704963684082,2.135038375854492,0,1,0,0,0,1,47774,1194,non_streaming
52,1,167,1,1458,-1,1458,-1,2864,-1,1458,-1,1458,-1,52,1,0.2110004425048828,0.05507469177246094,0.1819133758544922,0.029087066650390625,0.030994415283203125,0.031948089599609375,0.08702278137207031,34446,52,2864,9,23,9,19,2.701997756958008,0.3139972686767578,0,1,0,0,0,1,47774,1194,non_streaming
2864,-1,52,1,1458,-1,2864,-1,988,-1,52,1,52,1,742,1,0.008106231689453125,0.18286705017089844,0.04696846008300781,0.00095367431640625,0.0782012939453125,0.3008842468261719,0.06008148193359375,43925,52,4270,11,21,8,19,2.7980804443359375,0.3159046173095703,0,1,0,0,1,1,47774,1194,non_streaming
1458,-1,52,1,1105,-1,1458,-1,4270,-1,857,1,1458,-1,637,-1,0.04291534423828125,0.06604194641113281,0.4029273986816406,0.0591278076171875,0.04076957702636719,0.18405914306640625,0.06198883056640625,48383,52,4270,8,24,7,21,2.2017955780029297,0.4029273986816406,0,1,0,0,0,1,47774,1194,non_streaming
52,1,52,1,1458,-1,1456,-1,1458,-1,2864,-1,2864,-1,1458,-1,0.1327991485595703,0.14901161193847656,0.03814697265625,0.00095367431640625,0.03790855407714844,0.04100799560546875,0.041961669921875,58102,52,4270,8,24,6,24,2.0627975463867188,0.3509521484375,0,1,0,0,0,1,47774,1194,non_streaming
52,1,52,1,52,1,1454,-1,1458,-1,52,1,282,1,1458,-1,0.10418891906738281,0.012874603271484375,0.026941299438476562,0.12612342834472656,0.13899803161621094,0.07486343383789062,0.2532005310058594,51431,52,4270,11,21,9,20,2.2521018981933594,0.28896331787109375,0,1,0,0,0,1,47774,1194,non_streaming
2864,-1,52,1,1458,-1,4270,-1,4270,-1,2741,-1,52,1,2864,-1,0.010967254638671875,0.050067901611328125,0.06389617919921875,0.0629425048828125,0.05817413330078125,0.04887580871582031,0.011920928955078125,69792,52,4270,8,24,6,25,2.3658275604248047,0.431060791015625,0,1,0,0,1,1,47774,1194,non_streaming
4270,-1,2864,-1,52,1,1458,-1,1218,-1,52,1,2864,-1,2864,-1,0.06079673767089844,0.05507469177246094,0.0069141387939453125,0.0011920928955078125,0.003814697265625,0.05602836608886719,0.0591278076171875,67617,52,5676,9,23,10,22,1.584768295288086,0.2779960632324219,0,1,0,0,1,1,47774,1194,non_streaming
1458,-1,2864,-1,2864,-1,1458,-1,1458,-1,1458,-1,1458,-1,2864,-1,0.02193450927734375,0.04696846008300781,0.025987625122070312,0.029087066650390625,0.029802322387695312,0.03314018249511719,0.03504753112792969,70669,52,4381,2,30,2,30,1.1708736419677734,0.06604194641113281,0,1,0,0,0,1,47774,1194,non_streaming
4270,1,1458,1,1458,1,4270,1,2864,1,1458,1,2864,1,2864,1,0.052928924560546875,0.0021457672119140625,0.06103515625,0.05984306335449219,0.06103515625,0.00095367431640625,0.06008148193359375,92457,167,5676,28,4,1,31,1.5420913696289062,0.06508827209472656,0,1,0,0,0,1,1194,47774,non_streaming
52,1,1458,-1,52,-1,1458,1,52,-1,52,-1,638,-1,1458,1,0.07700920104980469,0.00095367431640625,0.02384185791015625,0.2791881561279297,0.02193450927734375,0.02288818359375,0.013113021850585938,45007,52,2864,25,7,6,24,1.4808177947998047,0.2791881561279297,0,1,0,0,0,1,1194,47774,non_streaming
1458,1,1458,1,2864,1,2864,1,52,-1,52,-1,752,1,52,-1,0.00095367431640625,0.05793571472167969,0.0629425048828125,0.06699562072753906,0.13399124145507812,0.15616416931152344,0.1590251922607422,65634,52,4270,29,3,3,28,4.5719146728515625,1.6949176788330078,0,1,0,0,1,1,1194,47774,non_streaming
4270,1,2864,1,4270,1,4270,1,52,-1,52,-1,1458,1,4270,1,0.06079673767089844,0.06198883056640625,0.06103515625,0.05698204040527344,0.0011920928955078125,0.0019073486328125,0.06890296936035156,59918,52,4270,21,11,10,21,2.089977264404297,0.23508071899414062,0,1,0,0,0,1,1194,47774,non_streaming
2864,1,4270,1,2864,1,4270,1,2864,1,1458,1,2864,1,2864,1,0.06103515625,0.06008148193359375,0.0629425048828125,0.06008148193359375,0.0629425048828125,0.00095367431640625,0.0591278076171875,77984,52,4270,26,6,5,25,5.479097366333008,2.9358863830566406,0,1,0,0,1,1,1194,47774,non_streaming
1458,1,1458,1,1458,1,1458,1,1458,1,1458,1,1458,1,1458,1,0.0247955322265625,0.023126602172851562,0.025033950805664062,0.025033950805664062,0.025987625122070312,0.028848648071289062,0.030994415283203125,64934,52,4270,30,2,2,30,1.0797977447509766,0.0629425048828125,0,1,0,0,0,1,1194,47774,non_streaming
1458,1,1216,1,52,-1,52,-1,4270,1,2864,1,4270,1,52,-1,0.00095367431640625,0.0050067901611328125,0.00095367431640625,0.05698204040527344,0.05698204040527344,0.0629425048828125,0.030040740966796875,73243,52,4270,26,6,6,26,1.405954360961914,0.1850128173828125,0,1,0,0,1,1,1194,47774,non_streaming
1216,1,52,1,1458,-1,52,-1,1458,-1,52,-1,460,-1,52,1,0.0021457672119140625,0.11587142944335938,0.0021457672119140625,0.2338886260986328,0.0021457672119140625,0.013828277587890625,0.308990478515625,55375,52,2864,27,5,4,27,4.845142364501953,3.3380985260009766,0,1,0,0,1,1,1194,47774,non_streaming
52,-1,52,-1,2864,1,1458,1,4270,1,2864,1,4270,1,2864,1,0.047206878662109375,0.00476837158203125,0.07915496826171875,0.06389617919921875,0.0591278076171875,0.06198883056640625,0.06103515625,84255,52,4270,27,5,5,27,1.4820098876953125,0.07915496826171875,0,1,0,0,0,1,1194,47774,non_streaming
1458,1,1458,1,1458,1,2864,1,397,-1,1458,1,52,-1,52,-1,0.03695487976074219,0.03790855407714844,0.04315376281738281,0.23484230041503906,0.029087066650390625,0.23603439331054688,0.015974044799804688,31045,52,2864,21,11,10,17,12.774944305419922,9.596824645996094,0,1,0,0,0,1,1194,47774,non_streaming
2864,1,52,-1,1458,1,1458,1,4270,1,1688,1,52,-1,52,-1,0.04601478576660156,0.015020370483398438,0.14901161193847656,0.0629425048828125,0.06103515625,0.164031982421875,0.26798248291015625,41364,52,4270,21,11,8,22,8.308887481689453,2.8510093688964844,0,1,0,0,0,1,1194,47774,non_streaming
1458,1,1458,1,4270,1,2864,1,4270,1,2864,1,4270,1,2864,1,0.1010894775390625,0.0629425048828125,0.06198883056640625,0.06103515625,0.06103515625,0.06198883056640625,0.05984306335449219,80043,52,4270,27,5,5,27,1.547098159790039,0.1010894775390625,0,1,0,0,1,1,1194,47774,non_streaming
2864,1,4270,1,52,-1,1458,1,1458,1,1458,-1,1458,-1,1458,-1,0.06198883056640625,0.04291534423828125,0.01811981201171875,0.00095367431640625,1.8110275268554688,0.031948089599609375,0.04506111145019531,41523,52,4270,23,9,7,23,6.773948669433594,2.6941299438476562,0,1,0,0,0,1,1194,47774,non_streaming
1458,1,2864,1,1458,1,1458,1,2864,1,2864,1,2864,1,1458,1,0.04601478576660156,0.04601478576660156,0.0040531158447265625,0.04601478576660156,0.050067901611328125,0.052928924560546875,0.05888938903808594,74651,52,5676,28,4,4,28,1.650094985961914,0.18286705017089844,0,1,0,0,0,1,1194,47774,non_streaming
183,-1,167,1,1575,-1,1458,-1,1458,-1,1458,-1,397,1,52,1,1.1751651763916016,36.54193878173828,0.2560615539550781,0.032901763916015625,0.32806396484375,0.0400543212890625,0.11992454528808594,34579,52,2864,10,22,8,19,40.8329963684082,36.54193878173828,0,1,0,0,1,1,47774,1194,non_streaming
972,1,52,1,1458,-1,403,-1,397,1,1575,-1,1458,-1,52,1,0.3020763397216797,0.1819133758544922,0.00095367431640625,0.5481243133544922,0.5328655242919922,0.04696846008300781,0.38814544677734375,36659,52,4270,11,21,8,18,4.628896713256836,0.5481243133544922,0,1,0,0,1,1,47774,1194,non_streaming
742,1,1458,-1,1458,-1,2864,-1,2864,-1,52,1,52,1,1458,-1,0.03790855407714844,0.06008148193359375,0.00095367431640625,0.05793571472167969,0.049114227294921875,0.0030994415283203125,0.007867813110351562,37942,52,2864,12,20,8,17,4.884958267211914,1.7750263214111328,0,1,0,0,1,1,47774,1194,non_streaming
1458,-1,2864,-1,2864,-1,1458,-1,52,1,1458,-1,1456,-1,52,1,0.06103515625,0.06103515625,0.06103515625,0.102996826171875,0.027894973754882812,0.06198883056640625,0.04100799560546875,54021,52,4270,8,24,6,24,2.1631717681884766,0.18596649169921875,0,1,0,0,0,1,47774,1194,non_streaming
2864,-1,4270,-1,2864,-1,2864,-1,2864,-1,2864,-1,52,1,1458,1,0.06318092346191406,0.05984306335449219,0.06198883056640625,0.06103515625,0.06103515625,0.1499652862548828,0.07295608520507812,61735,52,4270,8,24,5,25,1.9981861114501953,0.25391578674316406,0,1,0,0,1,1,47774,1194,non_streaming
1458,-1,1458,-1,3328,-1,52,1,1458,-1,371,1,52,1,52,1,0.00095367431640625,0.06103515625,0.2620220184326172,0.11801719665527344,0.08893013000488281,0.00095367431640625,0.00095367431640625,60083,52,4270,9,23,8,22,9.207963943481445,7.39598274230957,0,1,0,0,1,1,47774,1194,non_streaming
52,1,1575,-1,1458,-1,1458,-1,1458,-1,52,1,52,1,403,-1,2.1691322326660156,0.011920928955078125,0.024080276489257812,0.08678436279296875,0.20599365234375,0.3440380096435547,0.08106231689453125,59778,52,4270,5,27,5,26,4.241943359375,2.1691322326660156,0,1,0,0,0,1,47774,1194,non_streaming
4270,-1,2864,-1,52,1,4270,-1,2864,-1,4028,-1,52,1,2864,-1,0.05984306335449219,0.013113021850585938,0.051021575927734375,0.05888938903808594,0.06198883056640625,0.023126602172851562,0.03790855407714844,78625,52,5549,5,27,5,27,1.5828609466552734,0.11301040649414062,0,1,0,0,0,1,47774,1194,non_streaming
2864,-1,1265,1,859,-1,52,1,52,1,52,1,1575,-1,2864,-1,0.05793571472167969,0.00095367431640625,0.00095367431640625,0.05316734313964844,0.5679130554199219,2.980947494506836,0.049114227294921875,77960,52,4270,5,27,4,27,5.264997482299805,2.980947494506836,0,1,0,0,0,1,47774,1194,non_streaming
183,1,52,-1,183,-1,52,1,167,1,52,-1,679,1,52,-1,0.347137451171875,3.6840438842773438,0.6148815155029297,0.6949901580810547,0.3509521484375,0.4169940948486328,0.3101825714111328,10790,52,1575,16,16,22,4,35.958051681518555,13.647079467773438,0,1,0,0,1,1,47774,1194,non_streaming
167,1,52,-1,167,1,52,-1,167,1,52,-1,167,-1,52,1,0.32782554626464844,0.41103363037109375,0.2751350402832031,0.8459091186523438,0.3490447998046875,3.782033920288086,0.3948211669921875,10823,52,1458,13,19,23,4,114.56179618835449,49.13902282714844,0,1,0,0,1,1,47774,1194,non_streaming
1458,-1,1458,-1,1458,-1,1458,-1,1458,-1,1458,-1,1458,-1,1458,-1,0.015974044799804688,0.0209808349609375,0.02288818359375,0.03695487976074219,0.024080276489257812,0.026941299438476562,0.029087066650390625,28930,52,1575,9,23,11,18,6.295919418334961,2.541065216064453,0,1,0,0,0,1,47774,1194,non_streaming
1458,-1,1458,-1,1458,-1,1458,-1,988,-1,167,1,52,1,52,-1,0.023126602172851562,0.025033950805664062,0.026941299438476562,0.030040740966796875,0.07796287536621094,0.29206275939941406,0.18596649169921875,30460,52,1575,9,23,9,18,2.7861595153808594,0.32711029052734375,0,1,0,0,0,1,47774,1194,non_streaming
1458,-1,1458,-1,1458,-1,52,1,1458,-1,52,1,52,1,52,-1,0.028848648071289062,0.026941299438476562,0.06198883056640625,0.13208389282226562,0.1480579376220703,0.21600723266601562,0.014066696166992188,23906,52,1575,10,22,15,14,3.5009384155273438,0.34689903259277344,0,1,0,0,0,1,47774,1194,non_streaming
1458,-1,1458,-1,1222,-1,52,1,52,1,742,1,52,-1,1458,-1,0.03600120544433594,0.0019073486328125,0.06413459777832031,0.027894973754882812,0.29015541076660156,0.5500316619873047,0.04291534423828125,37016,52,2864,10,22,9,21,2.635955810546875,0.5500316619873047,0,1,0,0,0,1,47774,1194,non_streaming
2864,-1,2864,-1,1105,-1,857,1,52,1,1458,-1,4270,-1,1458,-1,0.050067901611328125,0.04982948303222656,0.3681182861328125,0.09989738464355469,0.027179718017578125,0.05698204040527344,0.054836273193359375,52708,52,4270,9,23,6,19,2.791881561279297,0.3681182861328125,0,1,0,0,0,1,47774,1194,non_streaming
52,1,1458,-1,1458,-1,52,1,52,1,52,1,230,1,1458,-1,0.10204315185546875,0.05793571472167969,0.07605552673339844,0.017881393432617188,0.06103515625,0.2281665802001953,0.04482269287109375,52063,52,4270,10,22,7,22,15.813112258911133,14.11890983581543,0,1,0,0,0,1,47774,1194,non_streaming
1458,-1,2864,-1,2864,-1,2864,-1,2864,-1,2864,-1,2864,-1,2864,-1,0.04100799560546875,0.04291534423828125,0.04601478576660156,0.04696846008300781,0.049114227294921875,0.051975250244140625,0.051975250244140625,86016,52,8488,2,30,2,30,1.4889240264892578,0.06389617919921875,0,1,0,0,0,1,47774,1194,non_streaming
1458,-1,52,1,857,1,52,1,1458,-1,4270,-1,1458,-1,1458,-1,0.0050067901611328125,0.1761913299560547,0.00095367431640625,0.011920928955078125,0.0629425048828125,0.06103515625,0.00095367431640625,74516,52,8829,12,20,11,20,2.1011829376220703,0.3600120544433594,0,1,0,0,1,1,47774,1194,non_streaming
1458,-1,52,1,1458,-1,1458,-1,1458,-1,1458,-1,52,1,1458,-1,0.2009868621826172,0.21195411682128906,0.014066696166992188,0.024080276489257812,0.02384185791015625,0.3631114959716797,0.016927719116210938,36691,52,2864,9,23,9,20,2.6090145111083984,0.3631114959716797,0,1,0,0,0,1,47774,1194,non_streaming
2864,-1,1458,-1,1458,-1,2864,-1,1458,-1,52,1,1458,-1,2864,-1,0.030040740966796875,0.03314018249511719,0.03600120544433594,0.03600120544433594,0.1049041748046875,0.1049041748046875,0.04100799560546875,55905,52,4270,9,23,9,22,2.5000572204589844,0.4019737243652344,0,1,0,0,0,1,47774,1194,non_streaming
1458,-1,4270,-1,1458,-1,1458,-1,3800,-1,4270,-1,2864,-1,1458,-1,0.0591278076171875,0.0629425048828125,0.00095367431640625,0.06008148193359375,0.06103515625,0.05793571472167969,0.06103515625,54445,52,4270,8,24,7,24,1.9521713256835938,0.23484230041503906,0,1,0,0,0,1,47774,1194,non_streaming
1458,-1,1458,-1,2864,-1,2864,-1,1458,-1,1458,-1,52,1,1458,-1,0.03409385681152344,0.03695487976074219,0.03910064697265625,0.03981590270996094,0.04315376281738281,0.0,0.07581710815429688,58340,52,4270,6,26,6,26,3.0670166015625,1.363992691040039,0,1,0,0,1,1,47774,1194,non_streaming
2864,-1,4270,-1,2864,-1,4270,-1,2864,-1,163,-1,4270,-1,2864,-1,0.06413459777832031,0.05888938903808594,0.0629425048828125,0.06103515625,0.0021457672119140625,0.05888938903808594,0.05507469177246094,76864,52,4270,6,26,6,25,1.4510154724121094,0.09107589721679688,0,1,0,0,0,1,47774,1194,non_streaming
52,1,52,1,1458,-1,4270,-1,2864,-1,1458,-1,284,-1,1458,-1,0.0011920928955078125,0.10585784912109375,0.06198883056640625,0.06103515625,0.06198883056640625,0.0021457672119140625,0.0019073486328125,53914,52,4270,8,24,8,23,3.2651424407958984,1.3439655303955078,0,1,0,0,0,1,47774,1194,non_streaming
2864,-1,2864,-1,4270,-1,2864,-1,4270,-1,4270,-1,2864,-1,52,1,0.05793571472167969,0.06222724914550781,0.06198883056640625,0.05984306335449219,0.06198883056640625,0.06103515625,0.03695487976074219,85552,52,4270,6,26,6,25,1.6040802001953125,0.10800361633300781,0,1,0,0,1,1,47774,1194,non_streaming
1458,-1,4270,-1,2864,-1,52,1,1099,-1,1458,-1,167,1,1458,1,0.0591278076171875,0.06103515625,0.05984306335449219,0.0011920928955078125,0.00286102294921875,0.13399124145507812,0.09202957153320312,36763,52,4270,11,21,10,21,5.295038223266602,1.9309520721435547,0,1,0,0,0,1,47774,1194,non_streaming
183,1,52,-1,183,-1,52,1,167,1,52,-1,679,1,52,-1,0.25582313537597656,3.734111785888672,0.6148815155029297,0.5559921264648438,0.2491474151611328,0.6079673767089844,0.3409385681152344,10905,52,1575,14,18,23,4,38.825035095214844,13.60011100769043,0,1,0,0,1,1,47774,1194,non_streaming
167,-1,183,1,52,-1,183,-1,167,1,52,-1,679,1,52,-1,13.70692253112793,0.30803680419921875,3.674030303955078,1.2929439544677734,0.3180503845214844,0.7739067077636719,0.18405914306640625,24231,52,1575,10,22,15,13,96.35186195373535,44.61312294006348,0,1,0,0,1,1,47774,1194,non_streaming
2864,-1,1458,-1,2147,-1,167,1,1458,-1,52,1,169,-1,742,1,0.031948089599609375,0.03719329833984375,0.02384185791015625,0.06008148193359375,0.49805641174316406,0.6039142608642578,0.7159709930419922,37713,52,2864,10,22,10,18,7.600069046020508,2.421140670776367,0,1,0,0,0,1,47774,1194,non_streaming
52,1,282,1,52,1,1458,-1,1458,-1,1458,-1,754,-1,52,1,0.0209808349609375,0.15401840209960938,0.10704994201660156,0.05793571472167969,0.17714500427246094,0.05888938903808594,0.36597251892089844,39342,52,3683,13,19,8,16,5.227088928222656,0.5300045013427734,0,1,0,0,0,1,47774,1194,non_streaming
1458,-1,1458,-1,1458,-1,857,1,52,1,52,1,1458,-1,4270,-1,0.2799034118652344,0.05793571472167969,0.13494491577148438,0.0021457672119140625,0.25200843811035156,0.09202957153320312,0.0629425048828125,49549,52,4270,9,23,6,21,2.8867721557617188,0.4150867462158203,0,1,0,0,0,1,47774,1194,non_streaming
52,1,52,1,1458,-1,4270,-1,52,1,1458,-1,4270,-1,1220,-1,0.010013580322265625,0.17404556274414062,0.0629425048828125,0.028133392333984375,0.3800392150878906,0.06389617919921875,0.05793571472167969,59409,52,4270,10,22,9,22,8.845090866088867,6.363153457641602,0,1,0,0,0,1,47774,1194,non_streaming
1458,1,1458,1,1458,1,1458,1,52,-1,1458,1,1072,1,52,-1,0.20313262939453125,0.102996826171875,0.09703636169433594,0.11992454528808594,0.0019073486328125,0.5002021789550781,0.17189979553222656,40021,52,2864,10,22,5,25,5.465984344482422,1.5759468078613281,0,1,0,0,0,1,47774,1194,non_streaming
52,1,167,1,1458,-1,2864,-1,2864,-1,1458,-1,1458,-1,2864,-1,0.017881393432617188,0.07009506225585938,0.051021575927734375,0.053882598876953125,0.05412101745605469,0.09989738464355469,0.06008148193359375,74651,52,4270,7,25,7,25,1.561880111694336,0.09989738464355469,0,1,0,0,0,1,47774,1194,non_streaming
1458,-1,1458,-1,4270,-1,1458,-1,1458,-1,4270,-1,2864,-1,1458,-1,0.09894371032714844,0.0629425048828125,0.06008148193359375,0.00095367431640625,0.06103515625,0.06103515625,0.0629425048828125,72656,52,4270,6,26,6,25,1.6689300537109375,0.13184547424316406,0,1,0,0,1,1,47774,1194,non_streaming
52,1,52,1,2864,-1,2864,-1,4270,-1,4270,-1,2864,-1,52,1,0.0030994415283203125,0.03695487976074219,0.05984306335449219,0.06222724914550781,0.06079673767089844,0.06103515625,0.008106231689453125,86365,52,4270,6,26,6,25,1.4469623565673828,0.0629425048828125,0,1,0,0,0,1,47774,1194,non_streaming
104,1,104,-1,96,1,613,1,96,-1,1494,-1,1494,-1,1494,-1,3.9758682250976562,1.0828971862792969,1.009225845336914,3.966808319091797,14.12200927734375,0.010967254638671875,0.011205673217773438,15598,96,1494,14,18,19,7,90.27385711669922,17.60411262512207,0,0,0,0,0,0,0,0,non_streaming
1494,-1,668,-1,1494,-1,1494,-1,1494,-1,1494,-1,1494,-1,1494,-1,0.0030994415283203125,0.010013580322265625,0.02288818359375,0.015020370483398438,0.015974044799804688,0.024080276489257812,0.0209808349609375,41582,96,2988,6,26,6,25,7.194042205810547,3.2939910888671875,0,0,0,0,0,0,0,0,non_streaming
1494,-1,2988,-1,96,1,96,1,1494,-1,1494,-1,2988,-1,1494,-1,0.0011920928955078125,0.5228519439697266,0.6821155548095703,2.0170211791992188,0.06079673767089844,0.0011920928955078125,0.00095367431640625,51372,96,2988,6,26,6,26,6.374120712280273,2.0170211791992188,0,0,0,0,0,0,0,0,non_streaming
1494,-1,2988,-1,1494,-1,1494,-1,1494,-1,1494,-1,1494,-1,1494,-1,0.0011920928955078125,0.0629425048828125,0.00095367431640625,0.00095367431640625,0.05698204040527344,0.00095367431640625,0.0011920928955078125,54360,96,2988,6,26,6,26,2.0170211791992188,0.3809928894042969,0,0,0,0,0,0,0,0,non_streaming
2988,-1,2988,-1,1494,-1,1494,-1,1494,-1,2988,-1,1494,-1,1494,-1,0.06103515625,0.00095367431640625,0.06103515625,0.26297569274902344,0.06103515625,0.00095367431640625,1.3098716735839844,55950,96,2988,7,25,7,25,2.902984619140625,1.3098716735839844,0,0,0,0,0,0,0,0,non_streaming
96,1,96,1,96,1,1494,-1,1494,-1,4482,-1,1494,-1,2988,-1,0.029087066650390625,0.16498565673828125,0.6208419799804688,0.0591278076171875,0.00095367431640625,0.06008148193359375,0.00095367431640625,55758,96,4482,5,27,5,27,2.0110607147216797,0.6208419799804688,0,0,0,0,0,0,0,0,non_streaming
2988,-1,1494,-1,2988,-1,1494,-1,2988,-1,1494,-1,1494,-1,2988,-1,0.06198883056640625,0.00095367431640625,0.06604194641113281,0.00095367431640625,0.00095367431640625,0.05817413330078125,0.00095367431640625,62940,96,2988,2,30,2,30,2.190113067626953,0.5419254302978516,0,0,0,0,0,0,0,0,non_streaming
4482,-1,2988,-1,2988,-1,1494,-1,4482,-1,1494,-1,2988,-1,1494,-1,0.06389617919921875,0.0011920928955078125,0.05984306335449219,0.0011920928955078125,0.0629425048828125,0.00095367431640625,0.00095367431640625,80676,1494,4482,0,32,0,32,0.9369850158691406,0.07796287536621094,0,0,0,0,0,0,0,0,non_streaming
1494,-1,2988,-1,1494,-1,2988,-1,1494,-1,2988,-1,1494,-1,2988,-1,0.0011920928955078125,0.05984306335449219,0.00095367431640625,0.06103515625,0.00095367431640625,0.06008148193359375,0.00095367431640625,73398,96,4482,2,30,2,30,1.6779899597167969,0.6320476531982422,0,0,0,0,0,0,0,0,non_streaming
2988,-1,1494,-1,2988,-1,1494,-1,1494,-1,2988,-1,2988,-1,1494,-1,0.06079673767089844,0.0011920928955078125,0.00095367431640625,0.05888938903808594,0.00095367431640625,0.06318092346191406,0.00095367431640625,63324,96,4482,5,27,5,27,3.8149356842041016,2.846956253051758,0,0,0,0,0,0,0,0,non_streaming
1494,1,1494,1,1494,1,1494,1,1494,1,1494,1,1494,1,1494,1,0.00095367431640625,0.06318092346191406,0.00095367431640625,0.00095367431640625,0.00095367431640625,0.00095367431640625,0.06604194641113281,46410,96,1494,31,1,1,31,0.7791519165039062,0.19478797912597656,0,0,0,0,0,0,0,0,non_streaming
1494,1,1494,1,1494,1,1494,1,1494,1,96,-1,1494,1,1494,1,0.00095367431640625,0.10395050048828125,0.12993812561035156,0.06198883056640625,0.012159347534179688,0.04792213439941406,0.06413459777832031,40914,96,2988,26,6,6,26,1.5039443969726562,0.23698806762695312,0,0,0,0,0,0,0,0,non_streaming
1494,1,1494,1,1494,1,1494,1,1494,1,2988,1,1494,1,1494,1,0.00095367431640625,0.0011920928955078125,0.05984306335449219,0.00095367431640625,0.0011920928955078125,0.00095367431640625,0.0629425048828125,45204,96,2988,28,4,4,28,1.6641616821289062,0.5669593811035156,0,0,0,0,0,0,0,0,non_streaming
1494,1,1494,1,1494,1,1494,1,2988,1,1494,1,1494,1,1494,1,0.00095367431640625,0.00095367431640625,0.06413459777832031,0.00095367431640625,0.05888938903808594,0.06222724914550781,0.07987022399902344,45400,108,2988,27,5,5,27,2.3479461669921875,0.8220672607421875,0,0,0,0,0,0,0,0,non_streaming
1494,1,1494,1,1494,1,1494,1,1494,1,1494,1,1494,1,1494,1,0.0011920928955078125,0.00095367431640625,0.00095367431640625,0.05602836608886719,0.06389617919921875,0.0021457672119140625,0.06103515625,35478,124,1494,23,9,9,23,1.7499923706054688,0.3681182861328125,0,0,0,0,0,0,0,0,non_streaming
1494,1,1494,1,1494,1,1494,1,1494,1,1494,1,1494,1,1494,1,0.0011920928955078125,0.00095367431640625,0.05793571472167969,0.00095367431640625,0.06198883056640625,0.0011920928955078125,0.05984306335449219,49302,1494,2988,32,0,0,32,0.8101463317871094,0.19097328186035156,0,0,0,0,0,0,0,0,non_streaming
1494,1,1494,1,1494,1,1494,1,1494,1,124,-1,124,-1,124,-1,0.00095367431640625,0.00095367431640625,0.06008148193359375,0.00095367431640625,0.14710426330566406,0.14090538024902344,0.00095367431640625,43946,124,2988,27,5,5,27,1.1489391326904297,0.14710426330566406,0,0,0,0,0,0,0,0,non_streaming
124,-1,124,-1,1494,1,124,-1,1494,1,1494,1,1494,1,1494,1,0.3311634063720703,0.23102760314941406,0.3399848937988281,0.08296966552734375,0.00095367431640625,0.00095367431640625,0.06103515625,42452,124,2988,27,5,5,27,1.538991928100586,0.3399848937988281,0,0,0,0,0,0,0,0,non_streaming
1494,1,1494,1,1494,1,1494,1,1494,1,1494,1,1494,1,1494,1,0.0591278076171875,0.00095367431640625,0.00095367431640625,0.06008148193359375,0.00095367431640625,0.00095367431640625,0.00095367431640625,35478,124,1494,23,9,9,23,0.6320476531982422,0.0629425048828125,0,0,0,0,0,0,0,0,non_streaming
1494,1,1494,1,1494,1,1494,1,1494,1,124,-1,1494,1,1494,1,0.00095367431640625,0.06103515625,0.00095367431640625,0.00095367431640625,0.05698204040527344,0.0030994415283203125,0.06103515625,45068,124,1494,30,2,2,30,1.1758804321289062,0.1900196075439453,0,0,0,0,0,0,0,0,non_streaming
96,-1,96,-1,1494,1,1494,1,1494,1,1494,1,1494,1,1494,1,0.11706352233886719,0.2079010009765625,0.06008148193359375,0.0019073486328125,0.0021457672119140625,0.00095367431640625,0.054836273193359375,38022,96,1494,25,7,7,25,1.5718936920166016,0.3800392150878906,0,0,0,0,0,0,0,0,non_streaming
96,-1,96,-1,1494,1,1494,1,1494,1,1494,1,1494,1,1494,1,0.0591278076171875,0.15306472778320312,0.0629425048828125,0.0019073486328125,0.00095367431640625,0.05817413330078125,0.0019073486328125,45012,96,1494,30,2,2,30,0.8380413055419922,0.15306472778320312,0,0,0,0,0,0,0,0,non_streaming
1494,1,1494,1,1494,1,1494,1,1494,1,1494,1,1494,1,1494,1,0.0021457672119140625,0.00095367431640625,0.054836273193359375,0.0011920928955078125,0.00095367431640625,0.00095367431640625,0.05888938903808594,46410,96,1494,31,1,1,31,0.6899833679199219,0.07104873657226562,0,0,0,0,0,0,0,0,non_streaming
1494,1,1494,1,1494,1,1494,1,1494,1,1494,1,1494,1,1494,1,0.0021457672119140625,0.05698204040527344,0.00095367431640625,0.00095367431640625,0.06103515625,0.00095367431640625,0.00095367431640625,45012,96,1494,30,2,2,30,0.7569789886474609,0.10800361633300781,0,0,0,0,0,0,0,0,non_streaming
1494,1,1494,1,96,-1,1494,1,1494,1,1494,1,1494,1,1494,1,0.00095367431640625,0.06008148193359375,0.0019073486328125,0.0021457672119140625,0.00095367431640625,0.06103515625,0.00095367431640625,42216,96,1494,28,4,4,28,2.321004867553711,1.1379718780517578,0,0,0,0,0,0,0,0,non_streaming
96,-1,96,-1,96,-1,96,-1,96,-1,96,-1,1494,1,1494,1,0.4088878631591797,0.0011920928955078125,0.029802322387695312,0.027179718017578125,0.00095367431640625,0.21886825561523438,0.03314018249511719,38022,96,1494,25,7,7,25,1.386880874633789,0.4088878631591797,0,0,0,0,0,0,0,0,non_streaming
1494,1,1494,1,1494,1,1494,1,1494,1,1494,1,96,-1,96,-1,0.052928924560546875,0.00095367431640625,0.00095367431640625,0.0011920928955078125,0.053882598876953125,0.12803077697753906,0.015020370483398438,35226,96,1494,23,9,9,23,0.9059906005859375,0.26297569274902344,0,0,0,0,0,0,0,0,non_streaming
1494,1,1494,1,1494,1,1494,1,1494,1,1494,1,1494,1,1494,1,0.00095367431640625,0.00095367431640625,0.06318092346191406,0.00095367431640625,0.00095367431640625,0.00095367431640625,0.00095367431640625,40818,96,1494,27,5,5,27,1.363992691040039,0.6499290466308594,0,0,0,0,0,0,0,0,non_streaming
96,-1,96,-1,96,-1,96,-1,96,-1,96,-1,96,-1,1494,1,0.40912628173828125,0.0019073486328125,0.0019073486328125,0.408172607421875,0.00095367431640625,0.027894973754882812,0.00095367431640625,32430,96,1494,21,11,11,21,1.9500255584716797,0.40912628173828125,0,0,0,0,0,0,0,0,non_streaming
96,1,1494,1,1494,1,1494,1,621,1,96,-1,176,-1,274,-1,14.223814010620117,0.06198883056640625,0.0011920928955078125,0.00095367431640625,1.5239715576171875,2.585887908935547,0.010967254638671875,20376,96,1494,19,13,17,11,94.16890144348145,26.82805061340332,0,0,0,0,0,0,0,0,non_streaming
1494,1,1494,1,1494,1,1494,1,1494,1,96,-1,96,-1,1494,1,0.06413459777832031,0.00095367431640625,0.00095367431640625,0.05698204040527344,0.7650852203369141,0.014066696166992188,0.05984306335449219,36624,96,1494,24,8,8,24,6.368160247802734,2.871990203857422,0,0,0,0,0,0,0,0,non_streaming
96,-1,1494,1,1494,1,1494,1,1494,1,1494,1,1494,1,1494,1,0.9870529174804688,0.0629425048828125,0.0011920928955078125,0.00095367431640625,0.00095367431640625,0.05698204040527344,0.00095367431640625,45204,96,2988,28,4,4,28,3.51715087890625,0.9870529174804688,0,0,0,0,0,0,0,0,non_streaming
1494,1,1494,1,1494,1,1494,1,1494,1,1494,1,1494,1,1494,1,0.06318092346191406,0.00095367431640625,0.00095367431640625,0.00095367431640625,0.05793571472167969,0.0011920928955078125,0.00095367431640625,43710,96,2988,28,4,4,28,1.692056655883789,0.34999847412109375,0,0,0,0,0,0,0,0,non_streaming
1494,1,96,-1,96,-1,1494,1,1494,1,1494,1,1494,1,1494,1,0.23984909057617188,0.013113021850585938,0.34689903259277344,0.00095367431640625,0.06103515625,0.00095367431640625,0.0011920928955078125,38022,96,1494,25,7,7,25,1.828908920288086,0.4169940948486328,0,0,0,0,0,0,0,0,non_streaming
1494,1,1494,1,1494,1,1494,1,96,-1,96,-1,96,-1,96,-1,0.00095367431640625,0.00095367431640625,0.05817413330078125,0.12087821960449219,0.015020370483398438,0.00095367431640625,0.08511543273925781,38118,96,2988,24,8,8,24,1.3968944549560547,0.23698806762695312,0,0,0,0,0,0,0,0,non_streaming
1494,1,96,-1,96,-1,1494,1,1494,1,1494,1,1494,1,1494,1,0.11301040649414062,0.013828277587890625,0.12612342834472656,0.0629425048828125,0.00095367431640625,0.00095367431640625,0.0011920928955078125,36624,96,1494,24,8,8,24,1.6908645629882812,0.2961158752441406,0,0,0,0,0,0,0,0,non_streaming
1494,1,1494,1,1494,1,1494,1,1494,1,1494,1,1494,1,1494,1,0.0011920928955078125,0.00095367431640625,0.05698204040527344,0.00095367431640625,0.00095367431640625,0.06103515625,0.00095367431640625,46506,96,2988,30,2,2,30,1.2760162353515625,0.2598762512207031,0,0,0,0,0,0,0,0,non_streaming
2988,1,1494,1,1494,1,1494,1,1494,1,1494,1,1494,1,1494,1,0.05984306335449219,0.00095367431640625,0.0011920928955078125,0.05984306335449219,0.00095367431640625,0.0011920928955078125,0.00095367431640625,41106,96,2988,24,8,8,24,1.0738372802734375,0.1010894775390625,0,0,0,0,0,0,0,0,non_streaming
1494,1,1494,1,1494,1,1494,1,1494,1,96,-1,1494,1,96,-1,0.00095367431640625,0.00095367431640625,0.06103515625,0.00095367431640625,0.1201629638671875,0.0019073486328125,0.023126602172851562,42216,96,1494,28,4,4,28,0.6818771362304688,0.1201629638671875,0,0,0,0,0,0,0,0,non_streaming
1494,1,1494,1,1494,1,1494,1,1494,1,1494,1,1494,1,1494,1,0.06198883056640625,0.0019073486328125,0.0019073486328125,0.0011920928955078125,0.05602836608886719,0.0019073486328125,0.00095367431640625,39420,96,1494,26,6,6,26,0.9729862213134766,0.15592575073242188,0,0,0,0,0,0,0,0,non_streaming
1494,1,1494,1,1494,1,1494,1,1494,1,1494,1,1494,1,96,-1,0.0019073486328125,0.0011920928955078125,0.00095367431640625,0.054836273193359375,0.0030994415283203125,0.00095367431640625,0.04506111145019531,42216,96,1494,28,4,4,28,0.6558895111083984,0.10395050048828125,0,0,0,0,0,0,0,0,non_streaming
1494,1,1494,1,1494,1,1494,1,1494,1,96,-1,1494,1,96,-1,0.0011920928955078125,0.00095367431640625,0.05698204040527344,0.00095367431640625,0.43201446533203125,0.09298324584960938,0.32806396484375,39420,96,1494,26,6,6,26,2.6531219482421875,0.4630088806152344,0,0,0,0,0,0,0,0,non_streaming
1494,1,1494,1,96,-1,96,-1,96,-1,96,-1,96,-1,1494,1,0.05698204040527344,0.0400543212890625,0.21791458129882812,0.014066696166992188,0.4119873046875,0.19812583923339844,0.14090538024902344,36624,96,1494,24,8,8,24,2.7120113372802734,0.7069110870361328,0,0,0,0,0,0,0,0,non_streaming
1494,1,1494,1,1494,1,1494,1,1494,1,1494,1,1494,1,96,-1,0.0021457672119140625,0.00095367431640625,0.0629425048828125,0.00095367431640625,0.0011920928955078125,0.05888938903808594,0.1239776611328125,42216,96,1494,28,4,4,28,1.4870166778564453,0.5440711975097656,0,0,0,0,0,0,0,0,non_streaming
96,-1,1494,1,1494,1,1494,1,1494,1,1494,1,1494,1,1494,1,0.11992454528808594,0.06318092346191406,0.00095367431640625,0.0019073486328125,0.00095367431640625,0.05817413330078125,0.00095367431640625,40818,96,1494,27,5,5,27,1.3740062713623047,0.49805641174316406,0,0,0,0,0,0,0,0,non_streaming
1494,1,1494,1,1494,1,1494,1,1494,1,1494,1,1494,1,1494,1,0.00095367431640625,0.05817413330078125,0.00095367431640625,0.0019073486328125,0.0591278076171875,0.00095367431640625,0.00095367431640625,42216,96,1494,28,4,4,28,1.3079643249511719,0.26297569274902344,0,0,0,0,0,0,0,0,non_streaming
1494,1,1494,1,1494,1,1494,1,1494,1,1494,1,1494,1,1494,1,0.0011920928955078125,0.06103515625,0.0019073486328125,0.00095367431640625,0.0591278076171875,0.00095367431640625,0.00095367431640625,40818,96,1494,27,5,5,27,0.7441043853759766,0.09489059448242188,0,0,0,0,0,0,0,0,non_streaming
1494,1,1494,1,1494,1,1494,1,1494,1,1494,1,1494,1,1494,1,0.00095367431640625,0.00095367431640625,0.06008148193359375,0.00095367431640625,0.00095367431640625,0.06008148193359375,0.00095367431640625,42216,96,1494,28,4,4,28,0.9198188781738281,0.18405914306640625,0,0,0,0,0,0,0,0,non_streaming
1494,-1,1494,-1,1494,-1,1494,-1,1494,-1,1494,-1,1494,-1,1494,-1,0.00095367431640625,0.07605552673339844,0.4868507385253906,0.049114227294921875,0.06389617919921875,0.00095367431640625,0.0011920928955078125,39420,96,1494,6,26,6,26,2.2339820861816406,0.5750656127929688,0,0,0,0,0,0,0,0,non_streaming
96,1,96,1,96,1,1494,-1,1494,-1,1494,-1,1494,-1,1494,-1,0.5640983581542969,0.14591217041015625,0.2810955047607422,0.06103515625,0.0019073486328125,0.0021457672119140625,0.05793571472167969,38022,96,1494,7,25,7,25,3.1900405883789062,0.5640983581542969,0,0,0,0,0,0,0,0,non_streaming
1494,-1,1494,-1,1494,-1,1494,-1,1494,-1,1494,-1,1494,-1,1494,-1,0.0021457672119140625,0.054836273193359375,0.10609626770019531,0.06198883056640625,0.0019073486328125,0.0011920928955078125,0.05888938903808594,40818,96,1494,5,27,5,27,1.8620491027832031,0.43010711669921875,0,0,0,0,0,0,0,0,non_streaming
1494,-1,1494,-1,1494,-1,1494,-1,1494,-1,1494,-1,1494,-1,1494,-1,0.0021457672119140625,0.00095367431640625,0.05602836608886719,0.00095367431640625,0.0019073486328125,0.06008148193359375,0.0019073486328125,40818,96,1494,5,27,5,27,1.1970996856689453,0.5002021789550781,0,0,0,0,0,0,0,0,non_streaming
1494,-1,1494,-1,1494,-1,1494,-1,1494,-1,1494,-1,96,1,96,1,0.00095367431640625,0.05698204040527344,0.00095367431640625,0.0011920928955078125,0.00095367431640625,0.026941299438476562,0.09489059448242188,32430,96,1494,11,21,11,21,1.9609928131103516,0.45990943908691406,0,0,0,0,0,0,0,0,non_streaming
1494,-1,1494,-1,1494,-1,1494,-1,2988,-1,96,1,96,1,96,1,0.00095367431640625,0.0011920928955078125,0.05984306335449219,0.00095367431640625,0.013113021850585938,0.014066696166992188,0.00095367431640625,38118,96,2988,8,24,8,24,0.8280277252197266,0.19812583923339844,0,0,0,0,0,0,0,0,non_streaming
96,1,96,1,96,1,96,1,96,1,96,1,96,1,1494,-1,0.014066696166992188,0.26988983154296875,0.015020370483398438,0.013113021850585938,0.17189979553222656,0.13899803161621094,0.030994415283203125,36624,96,1494,8,24,8,24,1.3680458068847656,0.26988983154296875,0,0,0,0,0,0,0,0,non_streaming
1494,-1,1494,-1,1494,-1,1494,-1,1494,-1,1494,-1,1494,-1,1494,-1,0.05793571472167969,0.0011920928955078125,0.00095367431640625,0.05984306335449219,0.0021457672119140625,0.00095367431640625,0.0019073486328125,43614,96,1494,3,29,3,29,0.6349086761474609,0.07796287536621094,0,0,0,0,0,0,0,0,non_streaming
96,1,1494,-1,1494,-1,1494,-1,1494,-1,1494,-1,1494,-1,2988,-1,0.15997886657714844,0.06198883056640625,0.00095367431640625,0.0011920928955078125,0.05984306335449219,0.0030994415283203125,0.00095367431640625,48000,96,2988,2,30,2,30,0.9050369262695312,0.15997886657714844,0,0,0,0,0,0,0,0,non_streaming
1494,-1,1494,-1,1494,-1,2988,-1,1494,-1,1494,-1,96,1,96,1,0.0629425048828125,0.00095367431640625,0.00095367431640625,0.05817413330078125,0.00095367431640625,0.06794929504394531,0.00095367431640625,35322,96,2988,10,22,10,22,1.0960102081298828,0.15616416931152344,0,0,0,0,0,0,0,0,non_streaming
1494,-1,1494,-1,96,1,96,1,1494,-1,1494,-1,1494,-1,1494,-1,0.00095367431640625,0.1399517059326172,0.06222724914550781,0.125885009765625,0.06103515625,0.00095367431640625,0.06103515625,48000,96,2988,2,30,2,30,0.9520053863525391,0.1399517059326172,0,0,0,0,0,0,0,0,non_streaming
2988,-1,1494,-1,1494,-1,1494,-1,1494,-1,1494,-1,1494,-1,1494,-1,0.05817413330078125,0.00095367431640625,0.00095367431640625,0.06103515625,0.00095367431640625,0.00095367431640625,0.0591278076171875,43806,96,2988,4,28,4,28,0.7369518280029297,0.06198883056640625,0,0,0,0,0,0,0,0,non_streaming
1494,-1,1494,-1,1494,-1,1494,-1,1494,-1,1494,-1,1494,-1,1494,-1,0.00095367431640625,0.05698204040527344,0.00095367431640625,0.06008148193359375,0.06198883056640625,0.00095367431640625,0.00095367431640625,32526,96,1494,11,21,11,21,1.750946044921875,0.2009868621826172,0,0,0,0,0,0,0,0,non_streaming
2988,-1,1494,-1,1494,-1,1494,-1,1494,-1,2988,-1,1494,-1,1494,-1,0.06008148193359375,0.00095367431640625,0.00095367431640625,0.06008148193359375,0.00095367431640625,0.06008148193359375,0.00095367431640625,49494,96,2988,2,30,2,30,1.1091232299804688,0.18477439880371094,0,0,0,0,0,0,0,0,non_streaming
1494,-1,192,1,1494,-1,96,1,96,1,1494,-1,1494,-1,1494,-1,0.052928924560546875,0.0059604644775390625,0.0209808349609375,0.028133392333984375,0.07390975952148438,0.06198883056640625,0.00095367431640625,33924,96,1494,10,22,10,22,1.188039779663086,0.1728534698486328,0,0,0,0,0,0,0,0,non_streaming
1494,-1,1494,-1,1494,-1,2988,-1,1494,-1,1494,-1,1494,-1,1494,-1,0.06318092346191406,0.0019073486328125,0.00095367431640625,0.05817413330078125,0.00095367431640625,0.00095367431640625,0.06103515625,48096,96,2988,2,30,2,30,0.6229877471923828,0.06318092346191406,0,0,0,0,0,0,0,0,non_streaming
96,1,96,1,96,1,1494,-1,1494,-1,1494,-1,1494,-1,1494,-1,0.00095367431640625,0.027894973754882812,0.008106231689453125,0.07104873657226562,0.06389617919921875,0.00095367431640625,0.0011920928955078125,43710,96,2988,4,28,4,28,0.7278919219970703,0.07104873657226562,0,0,0,0,0,0,0,0,non_streaming
1494,-1,1494,-1,1494,-1,1494,-1,1494,-1,1494,-1,1494,-1,96,1,0.0011920928955078125,0.05698204040527344,0.00095367431640625,0.06389617919921875,0.00095367431640625,0.0011920928955078125,0.06389617919921875,40818,96,1494,5,27,5,27,0.8590221405029297,0.06389617919921875,0,0,0,0,0,0,0,0,non_streaming
96,1,1494,-1,2988,-1,1494,-1,1494,-1,1494,-1,1494,-1,1494,-1,0.0030994415283203125,0.00095367431640625,0.05888938903808594,0.00095367431640625,0.06103515625,0.00095367431640625,0.06103515625,42312,96,2988,5,27,5,27,0.9639263153076172,0.15807151794433594,0,0,0,0,0,0,0,0,non_streaming
1494,-1,1494,-1,1494,-1,1494,-1,1494,-1,96,1,96,1,96,1,0.027894973754882812,0.0019073486328125,0.030994415283203125,0.0021457672119140625,0.3609657287597656,0.012874603271484375,0.3070831298828125,36624,96,1494,8,24,8,24,6.719827651977539,3.175020217895508,0,0,0,0,0,0,0,0,non_streaming
1494,-1,96,1,96,1,1494,-1,1494,-1,96,1,96,1,1494,-1,0.032901763916015625,0.19693374633789062,0.36907196044921875,0.050067901611328125,0.08392333984375,0.37598609924316406,0.15592575073242188,38022,96,1494,7,25,7,25,3.8080215454101562,0.8699893951416016,0,0,0,0,0,0,0,0,non_streaming
96,1,1494,-1,1494,-1,1494,-1,1494,-1,1494,-1,1494,-1,1494,-1,0.35691261291503906,0.028133392333984375,0.0019073486328125,0.030994415283203125,0.0021457672119140625,0.032901763916015625,0.0019073486328125,39516,96,2988,7,25,7,25,2.9189586639404297,0.5350112915039062,0,0,0,0,0,0,0,0,non_streaming
1494,-1,2988,-1,1494,-1,1494,-1,96,1,1494,-1,1494,-1,1494,-1,0.05602836608886719,0.06103515625,0.00095367431640625,0.013113021850585938,0.43892860412597656,0.06198883056640625,0.00095367431640625,46794,96,2988,5,27,5,27,2.5141239166259766,0.45299530029296875,0,0,0,0,0,0,0,0,non_streaming
1494,-1,1494,-1,96,1,1494,-1,1494,-1,2988,-1,96,1,2988,-1,0.0591278076171875,0.05078315734863281,0.09107589721679688,0.06103515625,0.00095367431640625,0.3459453582763672,0.080108642578125,48384,96,2988,6,26,6,26,2.170085906982422,0.3669261932373047,0,0,0,0,0,0,0,0,non_streaming
1494,-1,2988,-1,1494,-1,2988,-1,1494,-1,96,1,2988,-1,1494,-1,0.0011920928955078125,0.00095367431640625,0.05984306335449219,0.0011920928955078125,0.02002716064453125,0.041961669921875,0.06103515625,64338,96,2988,1,31,1,31,1.5931129455566406,0.3731250762939453,0,0,0,0,0,0,0,0,non_streaming
96,1,96,1,96,1,96,1,96,1,96,1,96,1,96,1,0.22983551025390625,0.2460479736328125,0.014066696166992188,0.014066696166992188,0.1537799835205078,0.014066696166992188,0.014066696166992188,36816,96,2988,10,22,10,22,1.622915267944336,0.26702880859375,0,0,0,0,0,0,0,0,non_streaming
1494,-1,96,1,1494,-1,1494,-1,1494,-1,2988,-1,1494,-1,1494,-1,0.04696846008300781,0.014066696166992188,0.3979206085205078,0.06198883056640625,0.00095367431640625,0.0011920928955078125,0.05793571472167969,57060,96,2988,3,29,3,29,1.2879371643066406,0.3979206085205078,0,0,0,0,0,0,0,0,non_streaming
2988,-1,2988,-1,1494,-1,1494,-1,2988,-1,1494,-1,1494,-1,2988,-1,0.0629425048828125,0.0011920928955078125,0.05984306335449219,0.0011920928955078125,0.06079673767089844,0.0011920928955078125,0.00095367431640625,51564,96,2988,8,24,8,24,1.065969467163086,0.11110305786132812,0,0,0,0,0,0,0,0,non_streaming
104,1,104,-1,96,1,613,1,96,-1,1494,-1,2988,-1,622,-1,4.1370391845703125,1.135110855102539,0.43582916259765625,3.8270950317382812,14.216899871826172,0.049114227294921875,0.00095367431640625,17187,96,2988,15,17,18,7,84.04803276062012,14.216899871826172,0,0,0,0,0,0,0,0,non_streaming
1494,-1,2988,-1,1494,-1,96,1,1494,-1,1494,-1,1494,-1,96,1,0.00095367431640625,0.0591278076171875,0.13589859008789062,0.4010200500488281,0.09918212890625,0.05888938903808594,0.26702880859375,42600,96,2988,8,24,8,24,4.230976104736328,0.7178783416748047,0,0,0,0,0,0,0,0,non_streaming
2988,-1,1494,-1,2988,-1,2988,-1,1494,-1,1494,-1,96,1,96,1,0.4229545593261719,0.03719329833984375,0.04100799560546875,0.04291534423828125,0.00095367431640625,0.28705596923828125,0.00286102294921875,42888,96,2988,11,21,11,21,2.928018569946289,0.4229545593261719,0,0,0,0,0,0,0,0,non_streaming
2988,-1,1494,-1,96,1,1494,-1,1494,-1,1494,-1,2988,-1,1494,-1,0.00095367431640625,0.04506111145019531,0.016927719116210938,0.3788471221923828,0.06222724914550781,0.00095367431640625,0.00095367431640625,41202,96,2988,9,23,9,23,2.6738643646240234,0.3788471221923828,0,0,0,0,0,0,0,0,non_streaming
2988,-1,2988,-1,1494,-1,1494,-1,1494,-1,1494,-1,1494,-1,2988,-1,0.06198883056640625,0.0011920928955078125,0.05888938903808594,0.06198883056640625,0.00095367431640625,0.00095367431640625,0.06318092346191406,51180,96,2988,4,28,4,28,1.3701915740966797,0.2219676971435547,0,0,0,0,0,0,0,0,non_streaming
96,1,96,1,96,1,96,1,1494,-1,2988,-1,1494,-1,1494,-1,0.16498565673828125,0.16188621520996094,0.21910667419433594,0.10204315185546875,0.06198883056640625,0.00095367431640625,0.00095367431640625,52866,96,2988,6,26,6,26,1.4748573303222656,0.21910667419433594,0,0,0,0,0,0,0,0,non_streaming
1494,-1,96,1,96,1,96,1,96,1,96,1,1494,-1,2988,-1,0.5290508270263672,0.15282630920410156,0.2200603485107422,0.014066696166992188,0.015020370483398438,0.1690387725830078,0.06198883056640625,54264,96,2988,5,27,5,27,1.7800331115722656,0.5290508270263672,0,0,0,0,0,0,0,0,non_streaming
1494,-1,1494,-1,2988,-1,2988,-1,1494,-1,1494,-1,2988,-1,1494,-1,0.06103515625,0.00095367431640625,0.06008148193359375,0.00095367431640625,0.06008148193359375,0.00095367431640625,0.05984306335449219,57060,96,2988,3,29,3,29,1.1470317840576172,0.164031982421875,0,0,0,0,0,0,0,0,non_streaming
1494,-1,1494,-1,1494,-1,1494,-1,1494,-1,1494,-1,1494,-1,1494,-1,0.00095367431640625,0.0011920928955078125,0.05793571472167969,0.00095367431640625,0.00095367431640625,0.06008148193359375,0.00095367431640625,34212,96,2988,14,18,14,18,1.1601448059082031,0.49996376037597656,0,0,0,0,0,0,0,0,non_streaming
96,1,96,1,1494,-1,1494,-1,1494,-1,1494,-1,1494,-1,1494,-1,0.013828277587890625,0.09107589721679688,0.0629425048828125,0.00095367431640625,0.0021457672119140625,0.05888938903808594,0.00095367431640625,39516,96,1494,6,26,6,26,1.447916030883789,0.30493736267089844,0,0,0,0,0,0,0,0,non_streaming
1494,-1,1494,-1,1494,-1,1494,-1,1494,-1,1494,-1,1494,-1,96,1,0.0019073486328125,0.00095367431640625,0.0591278076171875,0.00095367431640625,0.00095367431640625,0.00095367431640625,0.024080276489257812,43614,96,1494,3,29,3,29,0.7147789001464844,0.12302398681640625,0,0,0,0,0,0,0,0,non_streaming
1494,-1,1494,-1,1494,-1,1494,-1,1494,-1,1494,-1,1494,-1,1494,-1,0.0019073486328125,0.00095367431640625,0.05793571472167969,0.0021457672119140625,0.00095367431640625,0.00095367431640625,0.05793571472167969,40818,96,1494,5,27,5,27,1.4429092407226562,0.31113624572753906,0,0,0,0,0,0,0,0,non_streaming
1494,-1,1494,-1,1494,-1,1494,-1,1494,-1,1494,-1,1494,-1,1494,-1,0.186920166015625,0.00095367431640625,0.06008148193359375,0.00095367431640625,0.00095367431640625,0.0011920928955078125,0.05698204040527344,43710,96,1494,3,29,3,29,1.3420581817626953,0.5810260772705078,0,0,0,0,0,0,0,0,non_streaming
192,1,1494,-1,1494,-1,1494,-1,1494,-1,1494,-1,1494,-1,1494,-1,0.014066696166992188,0.00095367431640625,0.00095367431640625,0.05793571472167969,0.0629425048828125,0.0011920928955078125,0.00095367431640625,40914,96,1494,5,27,5,27,0.8120536804199219,0.0629425048828125,0,0,0,0,0,0,0,0,non_streaming
1494,-1,1494,-1,1494,-1,1494,-1,1494,-1,1494,-1,1494,-1,1494,-1,0.00095367431640625,0.05888938903808594,0.0021457672119140625,0.06008148193359375,0.00095367431640625,0.05984306335449219,0.0011920928955078125,38118,96,1494,7,25,7,25,0.7359981536865234,0.06103515625,0,0,0,0,0,0,0,0,non_streaming
1494,-1,1494,-1,1494,-1,1494,-1,1494,-1,1494,-1,1494,-1,96,1,0.06103515625,0.06103515625,0.0019073486328125,0.00095367431640625,0.05817413330078125,0.0019073486328125,0.010967254638671875,39516,96,1494,6,26,6,26,0.9200572967529297,0.10895729064941406,0,0,0,0,0,0,0,0,non_streaming
1494,-1,1494,-1,1494,-1,1494,-1,1494,-1,1494,-1,1494,-1,1494,-1,0.00095367431640625,0.00095367431640625,0.05817413330078125,0.00095367431640625,0.00095367431640625,0.06198883056640625,0.00095367431640625,47808,1494,1494,0,32,0,32,1.4309883117675781,0.5371570587158203,0,0,0,0,0,0,0,0,non_streaming
1494,-1,1494,-1,96,1,96,1,96,1,96,1,1494,-1,1494,-1,0.00095367431640625,0.6871223449707031,0.024080276489257812,0.0209808349609375,0.00095367431640625,0.025033950805664062,0.06198883056640625,42216,96,1494,4,28,4,28,1.3151168823242188,0.6871223449707031,0,0,0,0,0,0,0,0,non_streaming
1494,-1,1494,-1,1494,-1,1494,-1,1494,-1,1494,-1,1494,-1,1494,-1,0.00095367431640625,0.00095367431640625,0.05817413330078125,0.00095367431640625,0.0629425048828125,0.2639293670654297,0.06198883056640625,43614,96,1494,3,29,3,29,0.8869171142578125,0.2639293670654297,0,0,0,0,0,0,0,0,non_streaming
1494,-1,1494,-1,1494,-1,1494,-1,1494,-1,96,1,192,1,1494,-1,0.12421607971191406,0.05888938903808594,0.00095367431640625,0.00095367431640625,0.19407272338867188,0.015020370483398438,0.36406517028808594,42368,96,1494,4,28,4,28,2.6710033416748047,0.5400180816650391,0,0,0,0,0,0,0,0,non_streaming
108,1,116,1,116,1,124,1,1494,-1,128,-1,124,1,124,1,0.27179718017578125,0.015974044799804688,0.3821849822998047,0.45800209045410156,0.00095367431640625,0.3380775451660156,0.5269050598144531,33306,108,1494,7,25,9,20,2.930879592895508,0.5269050598144531,0,0,0,0,0,0,0,0,non_streaming
1494,-1,1494,-1,1494,-1,1494,-1,1494,-1,1494,-1,1494,-1,1494,-1,0.03910064697265625,0.00095367431640625,0.041961669921875,0.00095367431640625,0.0011920928955078125,0.04291534423828125,0.00095367431640625,45908,124,2988,2,30,2,29,0.7259845733642578,0.1571178436279297,0,0,0,0,0,0,0,0,non_streaming
1494,-1,1494,-1,1494,-1,1494,-1,1494,-1,1494,-1,1494,-1,1494,-1,0.06222724914550781,0.0019073486328125,0.00095367431640625,0.00095367431640625,0.05698204040527344,0.0011920928955078125,0.00095367431640625,49302,1494,2988,0,32,0,32,0.6232261657714844,0.0629425048828125,0,0,0,0,0,0,0,0,non_streaming
1494,-1,1494,-1,1494,-1,1494,-1,1494,-1,1494,-1,2988,-1,1494,-1,0.00095367431640625,0.05888938903808594,0.0011920928955078125,0.00095367431640625,0.06103515625,0.00095367431640625,0.00095367431640625,47932,124,2988,1,31,1,31,0.5600452423095703,0.06198883056640625,0,0,0,0,0,0,0,0,non_streaming
1494,-1,1494,-1,1494,-1,1494,-1,1494,-1,1494,-1,1494,-1,2988,-1,0.00095367431640625,0.00095367431640625,0.06008148193359375,0.00095367431640625,0.0629425048828125,0.00095367431640625,0.0011920928955078125,47932,124,2988,1,31,1,31,0.7460117340087891,0.064849853515625,0,0,0,0,0,0,0,0,non_streaming
1494,-1,1494,-1,1494,-1,1494,-1,1494,-1,1494,-1,1494,-1,1494,-1,0.00095367431640625,0.0011920928955078125,0.06198883056640625,0.00095367431640625,0.00095367431640625,0.06008148193359375,0.00095367431640625,41330,124,2988,8,24,8,24,3.361940383911133,1.2178421020507812,0,0,0,0,0,0,0,0,non_streaming
124,1,124,1,124,1,1494,-1,1494,-1,1494,-1,1494,-1,1494,-1,0.00095367431640625,0.00095367431640625,0.17499923706054688,0.06413459777832031,0.00095367431640625,0.00095367431640625,0.05793571472167969,36848,124,1494,8,24,8,24,0.7338523864746094,0.17499923706054688,0,0,0,0,0,0,0,0,non_streaming
1494,-1,1494,-1,1494,-1,1494,-1,1494,-1,1494,-1,1494,-1,1494,-1,0.00095367431640625,0.05817413330078125,0.00095367431640625,0.00095367431640625,0.05793571472167969,0.00095367431640625,0.06103515625,45192,124,2988,3,29,3,29,0.7710456848144531,0.18787384033203125,0,0,0,0,0,0,0,0,non_streaming
1494,1,1494,1,1494,1,1494,1,2988,1,2988,1,1494,1,1494,1,0.0011920928955078125,0.00095367431640625,0.05888938903808594,0.00095367431640625,0.06103515625,0.0011920928955078125,0.05984306335449219,62748,1494,2988,32,0,0,32,0.8029937744140625,0.06198883056640625,0,0,0,0,0,0,0,0,non_streaming
1494,1,1494,1,1494,1,1494,1,2988,1,1494,1,1494,1,1494,1,0.0591278076171875,0.06198883056640625,0.00095367431640625,0.06103515625,0.06103515625,0.00095367431640625,0.06008148193359375,49686,96,2988,28,4,4,28,1.0440349578857422,0.06198883056640625,0,0,0,0,0,0,0,0,non_streaming
96,-1,2988,1,96,-1,96,-1,1494,1,96,-1,96,-1,96,-1,0.06008148193359375,0.04792213439941406,0.012159347534179688,0.00095367431640625,0.015020370483398438,0.247955322265625,0.0019073486328125,14544,96,4482,5,27,27,5,3.1599998474121094,0.4849433898925781,0,0,0,0,0,0,0,0,non_streaming
1494,1,1494,1,1494,1,96,-1,1494,1,1494,1,96,-1,1494,1,0.00095367431640625,0.0011920928955078125,0.031948089599609375,0.028848648071289062,0.0011920928955078125,0.033855438232421875,0.028133392333984375,41298,96,2988,22,10,10,22,1.3670921325683594,0.34499168395996094,0,0,0,0,0,0,0,0,non_streaming
96,-1,1494,1,1494,1,1346,1,96,-1,1494,1,2988,1,2988,1,0.1900196075439453,0.06008148193359375,0.00095367431640625,0.14495849609375,0.247955322265625,0.06008148193359375,0.00095367431640625,48524,96,2988,23,9,9,23,1.9350051879882812,0.247955322265625,0,0,0,0,0,0,0,0,non_streaming
1494,1,1494,1,2988,1,1494,1,2988,1,1494,1,1494,1,2988,1,0.05793571472167969,0.00095367431640625,0.00095367431640625,0.06008148193359375,0.00095367431640625,0.06103515625,0.00095367431640625,58650,96,2988,28,4,4,28,1.0619163513183594,0.22292137145996094,0,0,0,0,0,0,0,0,non_streaming
2988,1,1494,1,1494,1,2988,1,1494,1,1494,1,2988,1,2988,1,0.06699562072753906,0.00095367431640625,0.0011920928955078125,0.053882598876953125,0.00095367431640625,0.06318092346191406,0.00095367431640625,51468,96,2988,25,7,7,25,0.6990432739257812,0.06699562072753906,0,0,0,0,0,0,0,0,non_streaming
2988,1,1494,1,1494,1,1494,1,2988,1,96,-1,96,-1,96,-1,0.00095367431640625,0.00095367431640625,0.0591278076171875,0.00095367431640625,0.010013580322265625,0.1220703125,0.027894973754882812,52578,96,2988,29,3,3,29,0.7200241088867188,0.1220703125,0,0,0,0,0,0,0,0,non_streaming
1494,1,1494,1,1494,1,1494,1,2988,1,1494,1,1494,1,1494,1,0.0011920928955078125,0.00095367431640625,0.06198883056640625,0.00095367431640625,0.00095367431640625,0.0591278076171875,0.00095367431640625,54072,96,2988,29,3,3,29,0.6830692291259766,0.0629425048828125,0,0,0,0,0,0,0,0,non_streaming
1494,-1,1494,-1,1494,-1,1494,-1,1494,-1,1494,-1,1494,-1,1494,-1,0.05793571472167969,0.0011920928955078125,0.6039142608642578,0.06198883056640625,0.00095367431640625,0.00095367431640625,0.0591278076171875,39420,96,1494,6,26,6,26,2.8569698333740234,0.6039142608642578,0,0,0,0,0,0,0,0,non_streaming
96,1,96,1,1494,-1,1494,-1,1494,-1,1494,-1,1494,-1,1494,-1,0.0021457672119140625,0.1499652862548828,0.051021575927734375,0.00095367431640625,0.00095367431640625,0.049114227294921875,0.00095367431640625,39420,96,1494,6,26,6,26,2.485990524291992,0.7460117340087891,0,0,0,0,0,0,0,0,non_streaming
1494,-1,1494,-1,1494,-1,1494,-1,1494,-1,1494,-1,1494,-1,1494,-1,0.06198883056640625,0.00095367431640625,0.00095367431640625,0.22912025451660156,0.06198883056640625,0.00095367431640625,0.00095367431640625,43614,96,1494,3,29,3,29,2.3899078369140625,0.7309913635253906,0,0,0,0,0,0,0,0,non_streaming
1494,-1,1494,-1,1494,-1,1494,-1,1494,-1,1494,-1,1494,-1,1494,-1,0.0011920928955078125,0.05888938903808594,0.00095367431640625,0.00095367431640625,0.06198883056640625,0.0011920928955078125,0.00095367431640625,43806,96,2988,5,27,5,27,1.4770030975341797,0.6139278411865234,0,0,0,0,0,0,0,0,non_streaming
1494,-1,1494,-1,1494,-1,1494,-1,1494,-1,1494,-1,1494,-1,96,1,0.06079673767089844,0.0011920928955078125,0.00095367431640625,0.06103515625,0.00095367431640625,0.00095367431640625,0.12993812561035156,40818,96,1494,5,27,5,27,1.2488365173339844,0.2739429473876953,0,0,0,0,0,0,0,0,non_streaming
1494,-1,1494,-1,1494,-1,1494,-1,1494,-1,96,1,96,1,96,1,0.0400543212890625,0.00095367431640625,0.04100799560546875,0.0011920928955078125,0.06580352783203125,0.027179718017578125,0.3399848937988281,39516,96,2988,7,25,7,25,2.0570755004882812,0.3399848937988281,0,0,0,0,0,0,0,0,non_streaming
1494,-1,1494,-1,1494,-1,1494,-1,1494,-1,96,1,1494,-1,1494,-1,0.06008148193359375,0.00095367431640625,0.00095367431640625,0.0591278076171875,0.1239776611328125,0.012874603271484375,0.06318092346191406,45204,96,2988,4,28,4,28,1.0180473327636719,0.20194053649902344,0,0,0,0,0,0,0,0,non_streaming
96,1,1494,-1,1494,-1,1494,-1,1494,-1,96,1,96,1,96,1,0.12612342834472656,0.0019073486328125,0.05316734313964844,0.00095367431640625,0.26488304138183594,0.013113021850585938,0.013828277587890625,40818,96,1494,5,27,5,27,1.2581348419189453,0.26488304138183594,0,0,0,0,0,0,0,0,non_streaming
1494,-1,1494,-1,1494,-1,1494,-1,1494,-1,1494,-1,1494,-1,1494,-1,0.00095367431640625,0.00095367431640625,0.05817413330078125,0.00095367431640625,0.00095367431640625,0.06103515625,0.00095367431640625,46410,96,1494,1,31,1,31,0.9009838104248047,0.2892017364501953,0,0,0,0,0,0,0,0,non_streaming
1494,-1,1494,-1,1494,-1,96,1,1494,-1,1494,-1,1494,-1,1494,-1,0.05602836608886719,0.0021457672119140625,0.064849853515625,0.05793571472167969,0.06604194641113281,0.00095367431640625,0.0011920928955078125,42408,96,2988,5,27,5,27,0.7779598236083984,0.09799003601074219,0,0,0,0,0,0,0,0,non_streaming
1494,-1,1494,-1,1494,-1,1494,-1,1494,-1,1494,-1,1494,-1,1494,-1,0.00095367431640625,0.05698204040527344,0.00095367431640625,0.00095367431640625,0.06198883056640625,0.00095367431640625,0.0011920928955078125,43614,96,1494,3,29,3,29,1.1048316955566406,0.2830028533935547,0,0,0,0,0,0,0,0,non_streaming
1494,1,1494,1,1494,1,1494,1,1494,1,1494,1,1494,1,1494,1,0.05888938903808594,0.00095367431640625,0.00095367431640625,0.0011920928955078125,0.05888938903808594,0.00095367431640625,0.00095367431640625,47924,116,2988,31,1,1,31,0.7138252258300781,0.15401840209960938,0,0,0,0,0,0,0,0,non_streaming
1494,1,1494,1,1494,1,116,-1,1494,1,1494,1,1494,1,1494,1,0.00095367431640625,0.00095367431640625,0.04887580871582031,0.008106231689453125,0.2779960632324219,0.0629425048828125,0.0021457672119140625,46430,116,1494,31,1,1,31,0.8368492126464844,0.2779960632324219,0,0,0,0,0,0,0,0,non_streaming
1494,1,116,-1,124,-1,1494,1,1494,1,1494,1,1494,1,1494,1,0.6649494171142578,0.019073486328125,0.04601478576660156,0.06389617919921875,0.0021457672119140625,0.00095367431640625,0.0019073486328125,45060,116,1494,30,2,2,30,1.2319087982177734,0.6649494171142578,0,0,0,0,0,0,0,0,non_streaming
810,1,1494,1,1494,1,1494,1,1494,1,1494,1,1494,1,1494,1,0.05984306335449219,0.0011920928955078125,0.00095367431640625,0.06389617919921875,0.00095367431640625,0.0011920928955078125,0.05888938903808594,42300,124,1494,29,3,3,27,0.7560253143310547,0.08797645568847656,0,0,0,0,0,0,0,0,non_streaming
1494,1,1494,1,1494,1,1494,1,1494,1,1494,1,1494,1,702,1,0.05984306335449219,0.0011920928955078125,0.00095367431640625,0.00095367431640625,0.05698204040527344,0.164031982421875,0.06198883056640625,41536,124,1494,28,4,4,27,3.075838088989258,0.6148815155029297,0,0,0,0,0,0,0,0,non_streaming
1494,1,1494,1,1494,1,1494,1,1494,1,1494,1,2988,1,1494,1,0.06198883056640625,0.06413459777832031,0.00095367431640625,0.00095367431640625,0.06008148193359375,0.0019073486328125,0.00095367431640625,46562,124,2988,30,2,2,30,2.1691322326660156,0.8978843688964844,0,0,0,0,0,0,0,0,non_streaming
1494,1,1494,1,1494,1,1494,1,1494,1,1494,1,1494,1,1494,1,0.0011920928955078125,0.00095367431640625,0.00095367431640625,0.05793571472167969,0.00095367431640625,0.0011920928955078125,0.06103515625,43698,124,1494,29,3,3,29,1.2362003326416016,0.29397010803222656,0,0,0,0,0,0,0,0,non_streaming
1494,1,1494,1,1494,1,1494,1,1494,1,124,-1,1494,1,1494,1,0.0021457672119140625,0.00095367431640625,0.05793571472167969,0.0019073486328125,0.08511543273925781,0.164031982421875,0.06198883056640625,45068,124,1494,30,2,2,30,1.2230873107910156,0.2110004425048828,0,0,0,0,0,0,0,0,non_streaming
140,1,446,-1,40,1,140,1,1382,-1,40,1,140,1,1398,-1,1.1341571807861328,67.0309066772461,745.8679676055908,0.6971359252929688,74.3570327758789,958.9509963989258,0.7588863372802734,13562,40,1398,21,11,21,7,8014.098167419434,958.9509963989258,0,1,0,0,1,1,3328,8291,non_streaming
446,-1,40,1,140,1,1382,-1,40,1,140,1,1382,-1,40,1,76.06196403503418,8.054971694946289,0.7119178771972656,71.4120864868164,974.8580455780029,0.8008480072021484,86.22002601623535,6424,40,1382,11,6,11,3,2411.190986633301,974.8580455780029,0,1,0,0,1,1,3328,8291,non_streaming
140,1,1398,-1,40,1,140,1,1382,-1,40,1,140,1,446,-1,0.8080005645751953,115.13805389404297,914.0629768371582,0.6568431854248047,64.25905227661133,911.0739231109619,0.8339881896972656,11242,40,1398,17,9,17,6,6215.699911117554,983.119010925293,0,1,0,0,1,1,3328,8291,non_streaming
104,1,96,-1,613,-1,96,1,96,-1,96,-1,176,-1,274,-1,0.9281635284423828,0.8399486541748047,3.988027572631836,15.127897262573242,0.008106231689453125,4.031896591186523,0.1780986785888672,15642,96,1494,18,14,19,7,94.09403800964355,20.565032958984375,0,0,0,0,0,0,0,0,non_streaming
96,-1,1494,1,1494,1,1494,1,1494,1,1494,1,1494,1,1494,1,0.14209747314453125,0.051975250244140625,0.00095367431640625,0.0019073486328125,0.05507469177246094,0.0021457672119140625,0.5309581756591797,42312,96,2988,27,5,5,27,4.312992095947266,0.9579658508300781,0,0,0,0,0,0,0,0,non_streaming
1494,1,1494,1,96,-1,96,-1,1494,1,1494,1,1494,1,1494,1,0.00095367431640625,0.03409385681152344,0.2570152282714844,0.016927719116210938,0.0629425048828125,0.00095367431640625,0.0011920928955078125,38118,96,2988,24,8,8,24,2.9289722442626953,0.6930828094482422,0,0,0,0,0,0,0,0,non_streaming
1494,1,1494,1,1494,1,1494,1,1494,1,1494,1,1494,1,96,-1,0.00095367431640625,0.00095367431640625,0.0011920928955078125,0.05888938903808594,0.00095367431640625,0.0011920928955078125,0.04982948303222656,43614,96,1494,29,3,3,29,1.7459392547607422,0.4229545593261719,0,0,0,0,0,0,0,0,non_streaming
96,-1,1494,1,1494,1,96,-1,1494,1,1494,1,2988,1,1494,1,0.010967254638671875,0.00095367431640625,0.16498565673828125,0.07915496826171875,0.06198883056640625,0.00095367431640625,0.06008148193359375,45108,96,2988,29,3,3,29,1.6269683837890625,0.5118846893310547,0,0,0,0,0,0,0,0,non_streaming
1494,1,1494,1,96,-1,96,-1,96,-1,96,-1,96,-1,1494,1,0.0011920928955078125,0.012874603271484375,0.01811981201171875,0.00095367431640625,0.11086463928222656,0.01811981201171875,0.12493133544921875,35226,96,1494,23,9,9,23,1.4660358428955078,0.20313262939453125,0,0,0,0,0,0,0,0,non_streaming
1494,1,96,-1,1494,1,1494,1,1494,1,1494,1,96,-1,96,-1,0.06008148193359375,0.009059906005859375,0.00095367431640625,0.00095367431640625,0.1571178436279297,0.32901763916015625,0.1938343048095703,36624,96,1494,24,8,8,24,2.540111541748047,0.4048347473144531,0,0,0,0,0,0,0,0,non_streaming
96,-1,1494,1,1494,1,1494,1,1494,1,1494,1,1494,1,1494,1,0.1468658447265625,0.06103515625,0.0019073486328125,0.0021457672119140625,0.00095367431640625,0.05602836608886719,0.00095367431640625,45012,96,1494,30,2,2,30,0.8528232574462891,0.1468658447265625,0,0,0,0,0,0,0,0,non_streaming
1494,1,1494,1,1494,1,1494,1,1494,1,96,-1,1494,1,1494,1,0.06008148193359375,0.00095367431640625,0.00095367431640625,0.0021457672119140625,0.02288818359375,0.03218650817871094,0.0019073486328125,45108,96,2988,29,3,3,29,0.9140968322753906,0.17404556274414062,0,0,0,0,0,0,0,0,non_streaming
1494,1,1494,1,1494,1,623,1,96,-1,176,-1,274,-1,96,1,0.06198883056640625,0.0011920928955078125,0.00095367431640625,1.3840198516845703,2.7348995208740234,0.1850128173828125,4.25410270690918,19837,96,1494,20,12,16,10,74.59402084350586,21.496057510375977,0,0,0,0,0,0,0,0,non_streaming
1494,1,1494,1,1494,1,1494,1,1494,1,1494,1,1494,1,1494,1,0.019073486328125,0.019073486328125,0.02193450927734375,0.025033950805664062,0.6129741668701172,0.030040740966796875,0.029802322387695312,39516,96,2988,25,7,7,25,7.745981216430664,3.6630630493164062,0,0,0,0,0,0,0,0,non_streaming
1494,1,1494,1,1494,1,1494,1,96,-1,1494,1,1494,1,96,-1,0.0011920928955078125,0.053882598876953125,0.00095367431640625,0.19407272338867188,0.45609474182128906,0.07891654968261719,0.19502639770507812,42408,96,2988,26,6,6,26,4.850149154663086,1.0378360748291016,0,0,0,0,0,0,0,0,non_streaming
96,-1,1494,1,1494,1,1494,1,1494,1,1494,1,1494,1,1494,1,0.05316734313964844,0.06198883056640625,0.00095367431640625,0.00095367431640625,0.00095367431640625,0.05817413330078125,0.00095367431640625,38022,96,1494,25,7,7,25,2.7070045471191406,0.6690025329589844,0,0,0,0,0,0,0,0,non_streaming
1494,1,1494,1,1494,1,1494,1,1494,1,96,-1,96,-1,1494,1,0.00095367431640625,0.06318092346191406,0.00095367431640625,0.00095367431640625,0.19693374633789062,0.013113021850585938,0.15401840209960938,40914,96,2988,26,6,6,26,2.485990524291992,0.40912628173828125,0,0,0,0,0,0,0,0,non_streaming
1494,1,1494,1,1494,1,1494,1,2988,1,1494,1,1494,1,96,-1,0.00095367431640625,0.00095367431640625,0.06008148193359375,0.00095367431640625,0.0591278076171875,0.00095367431640625,0.04792213439941406,41010,96,2988,25,7,7,25,1.46484375,0.28705596923828125,0,0,0,0,0,0,0,0,non_streaming
1494,1,2988,1,96,-1,96,-1,1494,1,1494,1,2988,1,2988,1,0.0019073486328125,0.24700164794921875,0.12302398681640625,0.13899803161621094,0.0629425048828125,0.0011920928955078125,0.05984306335449219,42504,96,2988,25,7,7,25,1.8470287322998047,0.247955322265625,0,0,0,0,0,0,0,0,non_streaming
1494,1,1494,1,1494,1,1494,1,1494,1,1494,1,1494,1,1494,1,0.0011920928955078125,0.06198883056640625,0.00095367431640625,0.00095367431640625,0.0591278076171875,0.00095367431640625,0.00095367431640625,45108,96,2988,29,3,3,29,1.4262199401855469,0.44918060302734375,0,0,0,0,0,0,0,0,non_streaming
1494,1,1494,1,1494,1,1494,1,2988,1,1494,1,1494,1,1494,1,0.00095367431640625,0.06008148193359375,0.00095367431640625,0.00095367431640625,0.05793571472167969,0.00095367431640625,0.06318092346191406,49686,96,2988,28,4,4,28,1.219034194946289,0.49805641174316406,0,0,0,0,0,0,0,0,non_streaming
1494,1,1494,1,1494,1,1494,1,1494,1,1494,1,1494,1,1494,1,0.00095367431640625,0.05793571472167969,0.00095367431640625,0.0011920928955078125,0.00095367431640625,0.05793571472167969,0.00095367431640625,40914,96,2988,26,6,6,26,1.0290145874023438,0.2751350402832031,0,0,0,0,0,0,0,0,non_streaming
1494,-1,668,-1,1494,-1,1494,-1,1494,-1,1494,-1,1494,-1,1494,-1,0.00095367431640625,0.010013580322265625,0.025033950805664062,0.0171661376953125,0.018835067749023438,0.024080276489257812,0.02288818359375,38690,96,2988,7,25,7,24,6.639957427978516,3.0319690704345703,0,0,0,0,0,0,0,0,non_streaming
1494,-1,1494,-1,96,1,1494,-1,1494,-1,1494,-1,1494,-1,1494,-1,0.04601478576660156,0.1277923583984375,0.6661415100097656,0.06103515625,0.00095367431640625,0.00095367431640625,0.051975250244140625,39420,96,1494,6,26,6,26,4.624843597412109,0.6721019744873047,0,0,0,0,0,0,0,0,non_streaming
1494,-1,1494,-1,1494,-1,1494,-1,1494,-1,1494,-1,96,1,1494,-1,0.00095367431640625,0.00095367431640625,0.05888938903808594,0.0011920928955078125,0.00095367431640625,0.4010200500488281,0.31685829162597656,42312,96,2988,5,27,5,27,2.8638839721679688,0.48804283142089844,0,0,0,0,0,0,0,0,non_streaming
96,1,1494,-1,1494,-1,1494,-1,1494,-1,1494,-1,1494,-1,1494,-1,0.3528594970703125,0.06198883056640625,0.00095367431640625,0.0011920928955078125,0.00095367431640625,0.05698204040527344,0.00095367431640625,38022,96,1494,7,25,7,25,3.084897994995117,0.6070137023925781,0,0,0,0,0,0,0,0,non_streaming
1494,-1,1494,-1,2988,-1,1494,-1,2988,-1,1494,-1,1494,-1,1494,-1,0.0011920928955078125,0.00095367431640625,0.05793571472167969,0.00095367431640625,0.06198883056640625,0.00095367431640625,0.0011920928955078125,46602,96,2988,3,29,3,29,1.157999038696289,0.2880096435546875,0,0,0,0,0,0,0,0,non_streaming
1494,-1,1494,-1,1494,-1,1494,-1,96,1,96,1,1494,-1,1494,-1,0.00095367431640625,0.06103515625,0.00095367431640625,0.07104873657226562,0.014066696166992188,0.10895729064941406,0.0629425048828125,36720,96,2988,9,23,9,23,2.5780200958251953,1.196146011352539,0,0,0,0,0,0,0,0,non_streaming
1494,-1,1494,-1,1494,-1,1494,-1,1494,-1,1494,-1,1494,-1,1494,-1,0.7331371307373047,0.06198883056640625,0.00095367431640625,0.00095367431640625,0.00095367431640625,0.05698204040527344,0.00095367431640625,49302,1494,2988,0,32,0,32,1.3539791107177734,0.7331371307373047,0,0,0,0,0,0,0,0,non_streaming
1494,-1,1494,-1,1494,-1,1494,-1,1494,-1,1494,-1,1494,-1,1494,-1,0.00095367431640625,0.06008148193359375,0.00095367431640625,0.00095367431640625,0.0591278076171875,0.00095367431640625,0.00095367431640625,49302,1494,2988,0,32,0,32,0.9059906005859375,0.2269744873046875,0,0,0,0,0,0,0,0,non_streaming
2988,-1,1494,-1,1494,-1,1494,-1,1494,-1,1494,-1,1494,-1,1494,-1,0.00095367431640625,0.05888938903808594,0.0011920928955078125,0.00095367431640625,0.10895729064941406,0.0629425048828125,0.00095367431640625,52290,1494,2988,0,32,0,32,0.7300376892089844,0.10895729064941406,0,0,0,0,0,0,0,0,non_streaming
140,1,446,-1,40,1,140,1,1398,-1,140,1,1382,-1,40,1,0.8609294891357422,91.18795394897461,8.182048797607422,0.7228851318359375,1051.22709274292,0.8189678192138672,78.08709144592285,11242,40,1398,17,9,17,6,5360.124826431274,1051.22709274292,0,1,0,0,1,1,3328,8291,non_streaming
140,1,40,1,140,1,446,-1,40,1,140,1,1398,-1,40,1,80.20496368408203,647.1669673919678,0.8060932159423828,89.96391296386719,221.01211547851562,0.7967948913574219,91.26520156860352,12236,40,1398,22,10,22,6,7268.260955810547,959.9471092224121,0,1,0,0,1,1,3328,8291,non_streaming
1494,1,1494,1,1494,1,1494,1,1494,1,1494,1,1494,1,1494,1,0.0629425048828125,0.0011920928955078125,0.00095367431640625,0.00095367431640625,0.05698204040527344,0.00095367431640625,0.0011920928955078125,42216,96,1494,28,4,4,28,0.9679794311523438,0.2448558807373047,0,0,0,0,0,0,0,0,non_streaming
1494,1,1494,1,2988,1,1494,1,1494,1,1494,1,1494,1,1494,1,0.0629425048828125,0.00095367431640625,0.06008148193359375,0.00095367431640625,0.00095367431640625,0.06008148193359375,0.00095367431640625,47904,96,2988,31,1,1,31,0.8769035339355469,0.21386146545410156,0,0,0,0,0,0,0,0,non_streaming
1494,1,1494,1,1494,1,1494,1,1494,1,1494,1,1494,1,1494,1,0.4611015319824219,0.06389617919921875,0.00095367431640625,0.0011920928955078125,0.00095367431640625,0.05698204040527344,0.00095367431640625,50892,96,2988,31,1,1,31,1.0800361633300781,0.4611015319824219,0,0,0,0,0,0,0,0,non_streaming
1494,1,1494,1,1494,1,1494,1,1494,1,2988,1,1494,1,1494,1,0.05984306335449219,0.00095367431640625,0.0011920928955078125,0.05888938903808594,0.00095367431640625,0.06008148193359375,0.00095367431640625,48096,96,2988,29,3,3,29,1.0318756103515625,0.21910667419433594,0,0,0,0,0,0,0,0,non_streaming
1494,1,1494,1,1494,1,1494,1,1494,1,1494,1,1494,1,1494,1,0.00095367431640625,0.00095367431640625,0.06198883056640625,0.00095367431640625,0.00095367431640625,0.06008148193359375,0.00095367431640625,48000,96,2988,30,2,2,30,0.7688999176025391,0.1327991485595703,0,0,0,0,0,0,0,0,non_streaming
1494,1,1494,1,1494,1,1494,1,1494,1,1494,1,1494,1,1494,1,0.00095367431640625,0.00095367431640625,0.00095367431640625,0.057220458984375,0.00095367431640625,0.00095367431640625,0.0629425048828125,47808,1494,1494,32,0,0,32,0.6248950958251953,0.1201629638671875,0,0,0,0,0,0,0,0,non_streaming
1494,1,1494,1,1494,1,1494,1,1494,1,1494,1,1494,1,96,-1,0.06580352783203125,0.0011920928955078125,0.00095367431640625,0.00095367431640625,0.051975250244140625,0.00095367431640625,0.06604194641113281,38022,96,1494,25,7,7,25,0.8068084716796875,0.17213821411132812,0,0,0,0,0,0,0,0,non_streaming
140,1,204,-1,140,1,1382,-1,40,1,140,1,446,-1,40,1,0.7839202880859375,27.945995330810547,0.5919933319091797,90.4231071472168,799.9289035797119,0.7870197296142578,85.34002304077148,12284,40,1398,21,11,21,6,6920.273065567017,1023.9198207855225,0,1,0,0,1,1,3328,8291,non_streaming
140,1,1398,-1,40,1,140,1,1382,-1,40,1,140,1,446,-1,0.7538795471191406,70.76311111450195,958.1749439239502,0.7150173187255859,73.99106025695801,322.0868110656738,0.86212158203125,14398,40,1398,21,11,21,8,7272.186994552612,964.1358852386475,0,1,0,0,1,1,3328,8291,non_streaming
40,1,140,1,446,-1,40,1,140,1,1398,-1,40,1,140,1,88.00792694091797,0.8831024169921875,75.03390312194824,783.9469909667969,0.7750988006591797,91.41087532043457,959.8701000213623,5954,40,1398,10,5,10,3,3128.895044326782,959.8701000213623,0,1,0,0,0,1,3328,8291,non_streaming
104,1,613,1,96,-1,1494,-1,1494,-1,1494,-1,621,-1,96,1,5.676984786987305,4.03594970703125,14.513969421386719,0.00095367431640625,0.0591278076171875,0.00095367431640625,2.4170875549316406,37702,96,2988,11,21,11,18,42.59085655212402,14.513969421386719,0,0,0,0,0,0,0,0,non_streaming
2988,-1,1494,-1,1494,-1,2988,-1,1494,-1,96,1,96,1,1494,-1,0.5650520324707031,0.00095367431640625,0.06103515625,0.00095367431640625,0.09083747863769531,0.6442070007324219,0.04601478576660156,51564,96,2988,8,24,8,24,5.852937698364258,1.2860298156738281,0,0,0,0,0,0,0,0,non_streaming
1494,-1,2988,-1,1494,-1,1494,-1,96,1,2988,-1,1494,-1,96,1,0.0591278076171875,0.00095367431640625,0.06198883056640625,0.6999969482421875,0.010013580322265625,0.00095367431640625,0.05412101745605469,49974,96,2988,7,25,7,25,2.8281211853027344,0.6999969482421875,0,0,0,0,0,0,0,0,non_streaming
96,1,1494,-1,1494,-1,1494,-1,1494,-1,1494,-1,1494,-1,1494,-1,0.03886222839355469,0.41222572326660156,0.00095367431640625,0.06103515625,0.00095367431640625,0.05984306335449219,0.0011920928955078125,42696,96,2988,9,23,9,23,1.9550323486328125,0.41222572326660156,0,0,0,0,0,0,0,0,non_streaming
96,1,96,1,1494,-1,1494,-1,96,1,1494,-1,1494,-1,1494,-1,0.014066696166992188,0.13399124145507812,0.0629425048828125,0.22602081298828125,0.16999244689941406,0.06103515625,0.00095367431640625,39420,96,1494,6,26,6,26,1.5659332275390625,0.3771781921386719,0,0,0,0,0,0,0,0,non_streaming
1494,-1,1494,-1,1494,-1,1494,-1,1494,-1,1494,-1,1494,-1,1494,-1,0.0011920928955078125,0.05793571472167969,0.00095367431640625,0.00095367431640625,0.06008148193359375,0.00095367431640625,0.00095367431640625,39420,96,1494,6,26,6,26,1.0180473327636719,0.2808570861816406,0,0,0,0,0,0,0,0,non_streaming
1494,-1,1494,-1,1494,-1,1494,-1,1494,-1,1494,-1,1494,-1,1494,-1,0.00095367431640625,0.0011920928955078125,0.06079673767089844,0.0021457672119140625,0.00095367431640625,0.05888938903808594,0.0011920928955078125,46506,96,2988,2,30,2,30,1.0690689086914062,0.27680397033691406,0,0,0,0,0,0,0,0,non_streaming
1494,-1,1494,-1,1494,-1,1494,-1,1494,-1,1494,-1,1494,-1,1494,-1,0.00095367431640625,0.00095367431640625,0.06198883056640625,0.0011920928955078125,0.00095367431640625,0.05984306335449219,0.0011920928955078125,32430,96,1494,11,21,11,21,1.065969467163086,0.308990478515625,0,0,0,0,0,0,0,0,non_streaming
1494,-1,1494,-1,1494,-1,1494,-1,1494,-1,1494,-1,1494,-1,1494,-1,0.0011920928955078125,0.06079673767089844,0.0011920928955078125,0.0019073486328125,0.05888938903808594,0.0011920928955078125,0.00095367431640625,43710,96,1494,3,29,3,29,0.7100105285644531,0.09584426879882812,0,0,0,0,0,0,0,0,non_streaming
1494,-1,1494,-1,1494,-1,1494,-1,1494,-1,1494,-1,1494,-1,1494,-1,0.05602836608886719,0.0011920928955078125,0.0629425048828125,0.0019073486328125,0.00095367431640625,0.06008148193359375,0.00095367431640625,45012,96,1494,2,30,2,30,1.154184341430664,0.3490447998046875,0,0,0,0,0,0,0,0,non_streaming
1494,-1,1494,-1,1494,-1,1494,-1,1494,-1,1494,-1,1494,-1,1494,-1,0.0019073486328125,0.00095367431640625,0.05793571472167969,0.0011920928955078125,0.06389617919921875,0.00095367431640625,0.00095367431640625,43614,96,1494,3,29,3,29,0.5609989166259766,0.06389617919921875,0,0,0,0,0,0,0,0,non_streaming
2988,-1,2988,-1,1494,-1,2988,-1,2988,-1,96,1,1494,-1,96,1,0.06008148193359375,0.1888275146484375,0.06318092346191406,0.00095367431640625,0.8380413055419922,0.017881393432617188,0.0019073486328125,45876,96,2988,11,21,11,21,5.476951599121094,0.8380413055419922,0,0,0,0,0,0,0,0,non_streaming
4482,-1,1494,-1,1494,-1,2988,-1,2988,-1,2988,-1,96,1,96,1,0.06103515625,0.43892860412597656,0.06198883056640625,0.0011920928955078125,0.05984306335449219,0.05412101745605469,0.15282630920410156,47274,96,4482,10,22,10,22,3.6160945892333984,0.43892860412597656,0,0,0,0,0,0,0,0,non_streaming
2988,-1,1494,-1,2988,-1,96,1,96,1,96,1,96,1,1494,-1,0.06103515625,0.00095367431640625,0.00095367431640625,0.13113021850585938,0.22792816162109375,0.22602081298828125,0.14090538024902344,51660,96,4482,9,23,9,23,3.1418800354003906,0.4830360412597656,0,0,0,0,0,0,0,0,non_streaming
96,1,96,1,1494,-1,2988,-1,2988,-1,1494,-1,2988,-1,96,1,0.014066696166992188,0.1609325408935547,0.06198883056640625,0.00095367431640625,0.06008148193359375,0.00095367431640625,0.0171661376953125,56046,96,4482,8,24,8,24,2.0461082458496094,0.3459453582763672,0,0,0,0,0,0,0,0,non_streaming
1494,-1,1494,-1,96,1,96,1,96,1,96,1,1494,-1,1494,-1,0.06008148193359375,0.03910064697265625,0.07891654968261719,0.0019073486328125,0.2460479736328125,0.1399517059326172,0.06103515625,51564,96,4482,8,24,8,24,1.8911361694335938,0.3859996795654297,0,0,0,0,0,0,0,0,non_streaming
2988,-1,1494,-1,2988,-1,4482,-1,2988,-1,1494,-1,1494,-1,2988,-1,0.05984306335449219,0.0011920928955078125,0.06079673767089844,0.06103515625,0.0011920928955078125,0.05984306335449219,0.00095367431640625,63132,96,4482,4,28,4,28,1.4638900756835938,0.209808349609375,0,0,0,0,0,0,0,0,non_streaming
96,1,1494,-1,1494,-1,96,1,96,1,96,1,96,1,1494,-1,0.009059906005859375,0.00095367431640625,0.1671314239501953,0.00095367431640625,0.012874603271484375,0.0171661376953125,0.052928924560546875,53250,96,4482,10,22,10,22,1.1990070343017578,0.1671314239501953,0,0,0,0,0,0,0,0,non_streaming
2988,-1,1494,-1,2988,-1,96,1,96,1,96,1,1494,-1,96,1,0.00095367431640625,0.06103515625,0.06699562072753906,0.015020370483398438,0.0019073486328125,0.03910064697265625,0.051975250244140625,54744,96,4482,10,22,10,22,1.2369155883789062,0.1468658447265625,0,0,0,0,0,0,0,0,non_streaming
96,1,96,1,96,1,96,1,96,1,96,1,96,1,96,1,0.1049041748046875,0.09107589721679688,0.20313262939453125,0.0019073486328125,0.00095367431640625,0.03910064697265625,0.06604194641113281,50454,96,4482,12,20,12,20,1.5940666198730469,0.2319812774658203,0,0,0,0,0,0,0,0,non_streaming
96,1,1494,-1,1494,-1,2988,-1,1494,-1,2988,-1,4482,-1,2988,-1,0.08106231689453125,0.06198883056640625,0.00095367431640625,0.05984306335449219,0.0011920928955078125,0.06079673767089844,0.06103515625,67614,96,4482,4,28,4,28,1.4028549194335938,0.3688335418701172,0,0,0,0,0,0,0,0,non_streaming
1494,-1,4482,-1,2988,-1,1494,-1,4482,-1,1494,-1,2988,-1,4482,-1,0.0629425048828125,0.00095367431640625,0.06008148193359375,0.00095367431640625,0.00095367431640625,0.06103515625,0.00095367431640625,70794,96,4482,6,26,6,26,1.0838508605957031,0.07796287536621094,0,0,0,0,0,0,0,0,non_streaming
96,1,1494,-1,1494,-1,1494,-1,2988,-1,2988,-1,4482,-1,1494,-1,0.0,0.06079673767089844,0.06103515625,0.00095367431640625,0.06198883056640625,0.0011920928955078125,0.00095367431640625,66024,96,4482,3,29,3,29,1.065969467163086,0.06914138793945312,0,0,0,0,0,0,0,0,non_streaming
1494,-1,96,1,1494,-1,96,1,1494,-1,1494,-1,1494,-1,1494,-1,0.04792213439941406,0.014066696166992188,0.00095367431640625,0.06198883056640625,0.06103515625,0.06103515625,0.0629425048828125,59034,96,4482,8,24,8,24,1.0678768157958984,0.06985664367675781,0,0,0,0,0,0,0,0,non_streaming
1494,-1,4482,-1,1494,-1,2988,-1,4482,-1,2988,-1,4482,-1,1494,-1,0.00095367431640625,0.00095367431640625,0.06008148193359375,0.00095367431640625,0.06198883056640625,0.0011920928955078125,0.09393692016601562,70410,96,4482,2,30,2,30,2.1800994873046875,0.6320476531982422,0,0,0,0,0,0,0,0,non_streaming
1494,-1,1494,-1,2988,-1,1494,-1,1494,-1,1494,-1,96,1,96,1,0.06103515625,0.06198883056640625,0.06079673767089844,0.06198883056640625,0.0011920928955078125,0.00286102294921875,0.00095367431640625,56296,96,4482,6,26,6,26,2.0399093627929688,0.3921985626220703,0,0,0,0,0,0,0,0,non_streaming
2988,-1,2988,-1,1494,-1,1494,-1,1494,-1,1494,-1,1494,-1,2988,-1,0.06198883056640625,0.06604194641113281,0.00095367431640625,0.06699562072753906,0.0011920928955078125,0.06794929504394531,0.00095367431640625,63098,96,4482,7,25,7,25,1.4121532440185547,0.4019737243652344,0,0,0,0,0,0,0,0,non_streaming
1494,-1,370,-1,116,1,124,1,124,1,124,1,1494,-1,124,1,0.00095367431640625,0.5290508270263672,0.014066696166992188,0.07891654968261719,0.00095367431640625,0.08511543273925781,0.050067901611328125,46148,116,2988,10,22,10,21,2.964019775390625,0.7660388946533203,0,0,0,0,0,0,0,0,non_streaming
2988,-1,4482,-1,1494,-1,1494,-1,2988,-1,4482,-1,1494,-1,2988,-1,0.06198883056640625,0.00095367431640625,0.0591278076171875,0.00095367431640625,0.0629425048828125,0.06103515625,0.00095367431640625,76442,124,4482,2,30,2,30,1.1670589447021484,0.11897087097167969,0,0,0,0,0,0,0,0,non_streaming
2988,-1,1494,-1,1494,-1,1494,-1,2988,-1,1494,-1,1494,-1,1494,-1,0.06079673767089844,0.0011920928955078125,0.06103515625,0.00095367431640625,0.05984306335449219,0.0011920928955078125,0.06198883056640625,57116,124,2988,2,30,2,30,1.5599727630615234,0.4451274871826172,0,0,0,0,0,0,0,0,non_streaming
2988,-1,1494,-1,4482,-1,4482,-1,2988,-1,1690,-1,2988,-1,1494,-1,0.05888938903808594,0.0011920928955078125,0.05984306335449219,0.06413459777832031,0.00095367431640625,0.06198883056640625,0.00095367431640625,69168,124,4482,2,30,2,30,3.113985061645508,0.7500648498535156,0,0,0,0,0,0,0,0,non_streaming
4482,-1,4482,-1,1494,-1,2988,-1,124,1,124,1,124,1,1494,-1,0.06198883056640625,0.06008148193359375,0.00095367431640625,0.007867813110351562,0.1270771026611328,0.00095367431640625,0.10919570922851562,60714,124,4482,10,22,10,22,2.0580291748046875,0.8680820465087891,0,0,0,0,0,0,0,0,non_streaming
1494,1,96,-1,96,-1,96,-1,1494,1,1494,1,2988,1,1494,1,0.1270771026611328,0.017881393432617188,0.01811981201171875,0.15807151794433594,0.06079673767089844,0.0011920928955078125,0.00095367431640625,53154,96,4482,23,9,9,23,2.2859573364257812,0.3669261932373047,0,0,0,0,0,0,0,0,non_streaming
2988,1,1494,1,2988,1,1494,1,2988,1,2988,1,2988,1,1494,1,0.06079673767089844,0.0011920928955078125,0.05984306335449219,0.0011920928955078125,0.06079673767089844,0.06198883056640625,0.0011920928955078125,60240,96,4482,27,5,5,27,1.5878677368164062,0.4019737243652344,0,0,0,0,0,0,0,0,non_streaming
1494,1,96,-1,1494,1,2988,1,1494,1,96,-1,1494,1,1494,1,0.014066696166992188,0.0438690185546875,0.00095367431640625,0.06318092346191406,0.033855438232421875,0.1590251922607422,0.06103515625,54264,96,2988,27,5,5,27,1.6510486602783203,0.2689361572265625,0,0,0,0,0,0,0,0,non_streaming
1494,1,96,-1,1494,1,1494,1,1494,1,1494,1,1494,1,1494,1,0.04410743713378906,0.016927719116210938,0.20694732666015625,0.06103515625,0.00095367431640625,0.00095367431640625,0.06103515625,48384,96,4482,26,6,6,26,1.1000633239746094,0.20694732666015625,0,0,0,0,0,0,0,0,non_streaming
4482,1,1494,1,1494,1,4482,1,4482,1,2988,1,2988,1,1494,1,0.00095367431640625,0.0591278076171875,0.00095367431640625,0.0629425048828125,0.06508827209472656,0.00095367431640625,0.05984306335449219,66120,96,4482,28,4,4,28,0.9889602661132812,0.11920928955078125,0,0,0,0,0,0,0,0,non_streaming
1494,1,1494,1,2988,1,2988,1,2988,1,1494,1,1494,1,1494,1,0.05984306335449219,0.00095367431640625,0.06198883056640625,0.0011920928955078125,0.05888938903808594,0.00095367431640625,0.06198883056640625,57252,96,2988,27,5,5,27,1.544952392578125,0.6439685821533203,0,0,0,0,0,0,0,0,non_streaming
2988,1,1494,1,2988,1,1494,1,2988,1,1494,1,2988,1,1494,1,0.00095367431640625,0.0591278076171875,0.00095367431640625,0.0629425048828125,0.00095367431640625,0.06103515625,0.00095367431640625,57348,96,2988,26,6,6,26,1.3659000396728516,0.331878662109375,0,0,0,0,0,0,0,0,non_streaming
1494,1,4482,1,96,-1,2988,1,96,-1,1494,1,1494,1,1494,1,0.0011920928955078125,0.025033950805664062,0.034809112548828125,0.024080276489257812,0.04100799560546875,0.00095367431640625,0.00095367431640625,57252,96,4482,27,5,5,27,0.9980201721191406,0.15807151794433594,0,0,0,0,0,0,0,0,non_streaming
1494,1,1494,1,2988,1,2988,1,1494,1,1494,1,1494,1,1494,1,0.17499923706054688,0.06198883056640625,0.00095367431640625,0.06008148193359375,0.00095367431640625,0.00095367431640625,0.06103515625,64626,96,4482,28,4,4,28,1.5308856964111328,0.370025634765625,0,0,0,0,0,0,0,0,non_streaming
1494,1,2988,1,1494,1,1494,1,1494,1,1494,1,2988,1,1494,1,0.00095367431640625,0.06008148193359375,0.06198883056640625,0.06198883056640625,0.00095367431640625,0.0011920928955078125,0.05793571472167969,61446,96,2988,30,2,2,30,0.8060932159423828,0.06198883056640625,0,0,0,0,0,0,0,0,non_streaming
1494,1,96,-1,1494,1,1494,1,1494,1,1494,1,1494,1,2988,1,0.18310546875,0.09393692016601562,0.06103515625,0.19311904907226562,0.06198883056640625,0.00095367431640625,0.00095367431640625,39612,96,2988,24,8,8,24,3.2720565795898438,0.598907470703125,0,0,0,0,0,0,0,0,non_streaming
1494,1,1494,1,1494,1,1494,1,96,-1,1494,1,1494,1,1494,1,0.00095367431640625,0.00095367431640625,0.00095367431640625,0.014066696166992188,0.04291534423828125,0.00095367431640625,0.0011920928955078125,49494,96,2988,30,2,2,30,1.0437965393066406,0.33211708068847656,0,0,0,0,0,0,0,0,non_streaming
1494,1,1494,1,1494,1,2988,1,96,-1,96,-1,96,-1,96,-1,0.00095367431640625,0.05984306335449219,0.0011920928955078125,0.010967254638671875,0.10704994201660156,0.00095367431640625,0.20003318786621094,36720,96,2988,23,9,9,23,1.2798309326171875,0.20003318786621094,0,0,0,0,0,0,0,0,non_streaming
96,-1,96,-1,1494,1,96,-1,96,-1,96,-1,1494,1,1494,1,0.34499168395996094,0.05888938903808594,0.29206275939941406,0.013113021850585938,0.013828277587890625,0.010967254638671875,0.06318092346191406,36720,96,2988,23,9,9,23,1.3859272003173828,0.34499168395996094,0,0,0,0,0,0,0,0,non_streaming
1494,1,1494,1,96,-1,96,-1,96,-1,96,-1,96,-1,1494,1,0.37217140197753906,0.07891654968261719,0.1850128173828125,0.2040863037109375,0.015974044799804688,0.015020370483398438,0.041961669921875,40914,96,2988,26,6,6,26,1.4100074768066406,0.37217140197753906,0,0,0,0,0,0,0,0,non_streaming
1494,1,1494,1,1494,1,1494,1,1494,1,1494,1,1494,1,2988,1,0.10514259338378906,0.06198883056640625,0.00095367431640625,0.00095367431640625,0.0591278076171875,0.0019073486328125,0.0021457672119140625,45108,96,2988,29,3,3,29,0.7410049438476562,0.10514259338378906,0,0,0,0,0,0,0,0,non_streaming
1494,1,1494,1,1494,1,1494,1,2988,1,1494,1,1494,1,1494,1,0.0629425048828125,0.00095367431640625,0.00095367431640625,0.0591278076171875,0.0019073486328125,0.00095367431640625,0.05698204040527344,42312,96,2988,27,5,5,27,0.8080005645751953,0.17595291137695312,0,0,0,0,0,0,0,0,non_streaming
1494,1,1494,1,1494,1,1494,1,1494,1,1494,1,1494,1,96,-1,0.05793571472167969,0.00095367431640625,0.00095367431640625,0.06198883056640625,0.0021457672119140625,0.00095367431640625,0.04506111145019531,43806,96,2988,27,5,5,27,0.8480548858642578,0.16188621520996094,0,0,0,0,0,0,0,0,non_streaming
1494,1,1494,1,1494,1,1494,1,1494,1,1494,1,1494,1,1494,1,0.00095367431640625,0.0011920928955078125,0.05984306335449219,0.00095367431640625,0.0011920928955078125,0.00095367431640625,0.05793571472167969,38118,96,2988,24,8,8,24,0.7560253143310547,0.1819133758544922,0,0,0,0,0,0,0,0,non_streaming
1494,1,1494,1,1494,1,1494,1,1494,1,1494,1,1494,1,2988,1,0.0629425048828125,0.08392333984375,0.06318092346191406,0.00095367431640625,0.00095367431640625,0.06008148193359375,0.00095367431640625,48096,96,2988,29,3,3,29,0.9620189666748047,0.13399124145507812,0,0,0,0,0,0,0,0,non_streaming
1494,-1,1494,-1,1494,-1,96,1,1494,-1,1494,-1,1494,-1,1494,-1,0.00095367431640625,0.06008148193359375,0.09894371032714844,0.08606910705566406,0.00095367431640625,0.06198883056640625,0.0019073486328125,42312,96,2988,5,27,5,27,1.2810230255126953,0.2968311309814453,0,0,0,0,0,0,0,0,non_streaming
1494,-1,1494,-1,1494,-1,1494,-1,1494,-1,1494,-1,1494,-1,1494,-1,0.06198883056640625,0.0011920928955078125,0.00095367431640625,0.05984306335449219,0.0011920928955078125,0.00095367431640625,0.05888938903808594,39516,96,2988,7,25,7,25,1.3270378112792969,0.4169940948486328,0,0,0,0,0,0,0,0,non_streaming
96,1,96,1,1494,-1,1494,-1,2988,-1,1494,-1,1494,-1,1494,-1,0.0011920928955078125,0.14591217041015625,0.0629425048828125,0.00095367431640625,0.0011920928955078125,0.05888938903808594,0.00095367431640625,43710,96,2988,4,28,4,28,0.8890628814697266,0.1780986785888672,0,0,0,0,0,0,0,0,non_streaming
1494,-1,1494,-1,1494,-1,1494,-1,1494,-1,1494,-1,96,1,96,1,0.00095367431640625,0.00095367431640625,0.00095367431640625,0.05817413330078125,0.00095367431640625,0.06699562072753906,0.19097328186035156,39420,96,1494,6,26,6,26,1.3439655303955078,0.24509429931640625,0,0,0,0,0,0,0,0,non_streaming
1494,-1,1494,-1,1494,-1,96,1,96,1,96,1,96,1,1494,-1,0.0591278076171875,0.00095367431640625,0.07700920104980469,0.2589225769042969,0.42891502380371094,0.013113021850585938,0.09107589721679688,45204,96,2988,4,28,4,28,1.4281272888183594,0.42891502380371094,0,0,0,0,0,0,0,0,non_streaming
96,1,96,1,96,1,96,1,1494,-1,1494,-1,1494,-1,1494,-1,0.0019073486328125,0.2770423889160156,0.014066696166992188,0.07104873657226562,0.06389617919921875,0.00095367431640625,0.0011920928955078125,40914,96,2988,6,26,6,26,1.0840892791748047,0.2770423889160156,0,0,0,0,0,0,0,0,non_streaming
1494,-1,1494,-1,1494,-1,1494,-1,1494,-1,1494,-1,1494,-1,1494,-1,0.00095367431640625,0.00095367431640625,0.06008148193359375,0.00095367431640625,0.00095367431640625,0.05793571472167969,0.0011920928955078125,45108,96,2988,3,29,3,29,0.804901123046875,0.18310546875,0,0,0,0,0,0,0,0,non_streaming
1494,-1,1494,-1,1494,-1,1494,-1,1494,-1,1494,-1,1494,-1,1494,-1,0.00095367431640625,0.0011920928955078125,0.06079673767089844,0.0021457672119140625,0.00095367431640625,0.00095367431640625,0.0591278076171875,46602,96,2988,3,29,3,29,0.7610321044921875,0.07987022399902344,0,0,0,0,0,0,0,0,non_streaming
1494,-1,1494,-1,1494,-1,1494,-1,1494,-1,1494,-1,1494,-1,1494,-1,0.0011920928955078125,0.05698204040527344,0.0019073486328125,0.0019073486328125,0.0591278076171875,0.0019073486328125,0.0011920928955078125,38022,96,1494,7,25,7,25,1.1031627655029297,0.2582073211669922,0,0,0,0,0,0,0,0,non_streaming
140,1,446,-1,140,1,1398,-1,40,1,140,1,204,-1,140,1,0.843048095703125,887.0151042938232,0.9779930114746094,85.23797988891602,42.8619384765625,0.5850791931152344,901.4108180999756,13842,40,1398,20,12,20,7,7993.0360317230225,975.9070873260498,0,1,0,0,1,1,3328,8291,non_streaming
446,-1,40,1,140,1,1382,-1,40,1,140,1,1382,-1,40,1,75.18506050109863,60.075998306274414,0.7410049438476562,89.98298645019531,949.1920471191406,0.8089542388916016,74.28789138793945,5798,40,1382,9,5,9,3,2286.116123199463,949.1920471191406,0,1,0,0,1,1,3328,8291,non_streaming
104,1,104,-1,96,-1,1494,-1,1494,-1,1494,-1,623,-1,96,1,4.189968109130859,5.528926849365234,14.472007751464844,0.0629425048828125,0.00095367431640625,0.0011920928955078125,0.9858608245849609,17058,96,1494,13,19,18,8,98.44589233398438,21.39902114868164,0,0,0,0,0,0,0,0,non_streaming
1494,-1,1494,-1,1494,-1,1494,-1,1494,-1,1494,-1,1494,-1,1494,-1,0.00095367431640625,0.05602836608886719,0.00095367431640625,0.12111663818359375,0.00095367431640625,0.00095367431640625,0.00095367431640625,35226,96,1494,9,23,9,23,6.419897079467773,3.0481815338134766,0,0,0,0,0,0,0,0,non_streaming
1494,-1,1494,-1,1494,-1,96,1,96,1,1494,-1,1494,-1,1494,-1,0.00095367431640625,0.00095367431640625,0.030994415283203125,0.010967254638671875,0.4401206970214844,0.1308917999267578,0.0629425048828125,33828,96,1494,10,22,10,22,3.677845001220703,0.4401206970214844,0,0,0,0,0,0,0,0,non_streaming
96,1,96,1,96,1,96,1,1494,-1,1494,-1,1494,-1,1494,-1,0.2300739288330078,0.10609626770019531,0.15687942504882812,0.04315376281738281,0.06198883056640625,0.00095367431640625,0.00095367431640625,35226,96,1494,9,23,9,23,2.0580291748046875,0.5037784576416016,0,0,0,0,0,0,0,0,non_streaming
1494,-1,96,1,96,1,96,1,96,1,96,1,1494,-1,1494,-1,0.06079673767089844,0.07319450378417969,0.2739429473876953,0.11587142944335938,0.21910667419433594,0.19598007202148438,0.06103515625,38022,96,1494,7,25,7,25,2.028942108154297,0.2789497375488281,0,0,0,0,0,0,0,0,non_streaming
1494,-1,1494,-1,96,1,96,1,96,1,96,1,96,1,1494,-1,0.05602836608886719,0.20194053649902344,0.013113021850585938,0.013828277587890625,0.2300739288330078,0.13709068298339844,0.031948089599609375,39516,96,2988,7,25,7,25,1.5740394592285156,0.26702880859375,0,0,0,0,0,0,0,0,non_streaming
1494,-1,1494,-1,1494,-1,1494,-1,1494,-1,1494,-1,1494,-1,1494,-1,0.06318092346191406,0.00095367431640625,0.00095367431640625,0.00095367431640625,0.05698204040527344,0.00095367431640625,0.0011920928955078125,45108,96,2988,3,29,3,29,1.0199546813964844,0.164031982421875,0,0,0,0,0,0,0,0,non_streaming
1494,-1,1494,-1,1494,-1,1494,-1,1494,-1,1494,-1,1494,-1,1494,-1,0.06103515625,0.00095367431640625,0.00095367431640625,0.05888938903808594,0.0011920928955078125,0.00095367431640625,0.05984306335449219,40818,96,1494,5,27,5,27,1.1799335479736328,0.2601146697998047,0,0,0,0,0,0,0,0,non_streaming
1494,-1,1494,-1,1494,-1,1494,-1,1494,-1,96,1,96,1,96,1,0.00095367431640625,0.00095367431640625,0.05888938903808594,0.0011920928955078125,0.015020370483398438,0.013828277587890625,0.030040740966796875,38022,96,1494,7,25,7,25,1.0399818420410156,0.20885467529296875,0,0,0,0,0,0,0,0,non_streaming
140,1,1398,-1,40,1,140,1,446,-1,40,1,140,1,1398,-1,0.7700920104980469,80.01184463500977,335.2789878845215,0.9081363677978516,94.96593475341797,529.9980640411377,0.7939338684082031,13510,40,1398,21,11,21,7,6416.923046112061,984.1389656066895,0,1,0,0,1,1,3328,8291,non_streaming
140,1,1382,-1,40,1,140,1,446,-1,140,1,430,-1,40,1,0.9870529174804688,67.05498695373535,466.1579132080078,0.74005126953125,31.217098236083984,0.7669925689697266,87.06498146057129,12268,40,1398,21,11,21,6,5298.253059387207,948.9378929138184,0,1,0,0,1,1,3328,8291,non_streaming
104,1,104,-1,96,1,613,1,96,-1,96,-1,1494,-1,187,-1,3.9811134338378906,1.2030601501464844,0.7939338684082031,4.117012023925781,22.86696434020996,1.3270378112792969,0.00095367431640625,23971,96,2988,11,21,16,12,103.57213020324707,28.172969818115234,0,0,0,0,0,0,0,0,non_streaming
2988,-1,2988,-1,96,1,96,1,96,1,96,1,96,1,1494,-1,0.06008148193359375,0.27489662170410156,0.00095367431640625,0.012159347534179688,0.00095367431640625,0.823974609375,3.4990310668945312,39900,96,2988,11,21,11,21,7.602930068969727,3.4990310668945312,0,0,0,0,0,0,0,0,non_streaming
1494,-1,1494,-1,2988,-1,1494,-1,1494,-1,96,1,96,1,96,1,0.06103515625,0.00095367431640625,0.0011920928955078125,0.05793571472167969,0.026941299438476562,0.21409988403320312,0.6589889526367188,51372,96,4482,6,26,6,26,5.123138427734375,1.2519359588623047,0,0,0,0,0,0,0,0,non_streaming
96,1,1494,-1,1494,-1,2988,-1,1494,-1,1494,-1,4482,-1,1494,-1,0.23412704467773438,0.06103515625,0.06079673767089844,0.0011920928955078125,0.3428459167480469,0.06103515625,0.00095367431640625,55854,96,4482,6,26,6,26,2.498149871826172,0.4909038543701172,0,0,0,0,0,0,0,0,non_streaming
1494,-1,2988,-1,1494,-1,2988,-1,96,1,1494,-1,2988,-1,2988,-1,0.06103515625,0.00095367431640625,0.06103515625,0.06604194641113281,0.2589225769042969,0.06103515625,0.00095367431640625,51756,96,4482,10,22,10,22,2.1698474884033203,0.3540515899658203,0,0,0,0,0,0,0,0,non_streaming
1494,-1,1494,-1,1494,-1,2988,-1,2988,-1,1494,-1,2988,-1,1494,-1,0.06198883056640625,0.00095367431640625,0.00095367431640625,0.05817413330078125,0.00095367431640625,0.0629425048828125,0.00095367431640625,51468,96,2988,7,25,7,25,2.2039413452148438,0.7889270782470703,0,0,0,0,0,0,0,0,non_streaming
2988,-1,1494,-1,1494,-1,1494,-1,1494,-1,1494,-1,2988,-1,1494,-1,0.06103515625,0.00095367431640625,0.0011920928955078125,0.4119873046875,0.06079673767089844,0.0021457672119140625,0.05888938903808594,52674,96,2988,4,28,4,28,1.194000244140625,0.4119873046875,0,0,0,0,0,0,0,0,non_streaming
96,1,96,1,1494,-1,1494,-1,1494,-1,1494,-1,4482,-1,1494,-1,0.016927719116210938,0.3371238708496094,0.06008148193359375,0.00095367431640625,0.00095367431640625,0.06103515625,0.00095367431640625,55854,96,4482,6,26,6,26,1.310110092163086,0.3371238708496094,0,0,0,0,0,0,0,0,non_streaming
2988,-1,2988,-1,1494,-1,1494,-1,96,1,96,1,1494,-1,1494,-1,0.06008148193359375,0.00095367431640625,0.06103515625,0.03886222839355469,0.0021457672119140625,0.04291534423828125,0.06103515625,49878,96,2988,6,26,6,26,1.3189315795898438,0.2968311309814453,0,0,0,0,0,0,0,0,non_streaming
1494,-1,1494,-1,1494,-1,1494,-1,1494,-1,2988,-1,2988,-1,2988,-1,0.05817413330078125,0.00095367431640625,0.00095367431640625,0.06198883056640625,0.00095367431640625,0.06008148193359375,0.00095367431640625,57252,96,2988,5,27,5,27,0.8721351623535156,0.11587142944335938,0,0,0,0,0,0,0,0,non_streaming
96,1,96,1,1494,-1,96,1,96,1,1494,-1,1494,-1,2988,-1,0.00095367431640625,0.03600120544433594,0.04601478576660156,0.017881393432617188,0.17404556274414062,0.06198883056640625,0.0011920928955078125,49974,96,2988,7,25,7,25,1.1789798736572266,0.2288818359375,0,0,0,0,0,0,0,0,non_streaming
104,-1,104,1,96,-1,613,-1,96,1,96,1,104,-1,1494,1,4.104137420654297,1.0077953338623047,0.5240440368652344,3.982067108154297,29.1750431060791,11.199951171875,23.838043212890625,27836,96,2988,17,15,17,11,86.61198616027832,29.1750431060791,0,0,0,0,0,0,0,0,non_streaming
1494,1,1494,1,1494,1,1494,1,2988,1,1494,1,96,-1,1494,1,0.05817413330078125,0.5578994750976562,0.06103515625,0.00095367431640625,0.06008148193359375,0.3600120544433594,0.186920166015625,42792,96,2988,22,10,10,22,4.75621223449707,0.8480548858642578,0,0,0,0,0,0,0,0,non_streaming
1494,1,1494,1,2988,1,1494,1,1494,1,2988,1,1494,1,2988,1,0.06318092346191406,0.00095367431640625,0.00095367431640625,0.0591278076171875,0.00095367431640625,0.6468296051025391,0.06198883056640625,57348,96,4482,26,6,6,26,3.1042098999023438,0.6468296051025391,0,0,0,0,0,0,0,0,non_streaming
96,-1,96,-1,96,-1,1494,1,1494,1,4482,1,1494,1,2988,1,0.4611015319824219,0.013828277587890625,0.1552104949951172,0.06389617919921875,0.00095367431640625,0.0591278076171875,0.00095367431640625,47370,96,4482,21,11,11,21,3.5431385040283203,0.6680488586425781,0,0,0,0,0,0,0,0,non_streaming
2988,1,1494,1,1494,1,1494,1,1494,1,96,-1,1494,1,2988,1,0.00095367431640625,0.06198883056640625,0.00095367431640625,0.00095367431640625,0.050067901611328125,0.014066696166992188,0.0019073486328125,55758,96,4482,27,5,5,27,1.6798973083496094,0.5040168762207031,0,0,0,0,0,0,0,0,non_streaming
96,-1,2988,1,4482,1,4482,1,1494,1,1494,1,2988,1,1494,1,0.0059604644775390625,0.06103515625,0.06198883056640625,0.00095367431640625,0.06008148193359375,0.00095367431640625,0.06198883056640625,61830,96,4482,26,6,6,26,1.5380382537841797,0.24890899658203125,0,0,0,0,0,0,0,0,non_streaming
1494,1,96,-1,96,-1,96,-1,96,-1,96,-1,96,-1,1494,1,0.011920928955078125,0.24199485778808594,0.2951622009277344,0.14090538024902344,0.014066696166992188,0.3600120544433594,0.14495849609375,38598,96,2988,19,13,13,19,2.232074737548828,0.3600120544433594,0,0,0,0,0,0,0,0,non_streaming
96,-1,96,-1,1494,1,2988,1,2988,1,2988,1,1494,1,1494,1,0.6258487701416016,0.08296966552734375,0.06008148193359375,0.00095367431640625,0.06008148193359375,0.00095367431640625,0.06198883056640625,70506,96,4482,29,3,3,29,1.8818378448486328,0.6258487701416016,0,0,0,0,0,0,0,0,non_streaming
1494,1,4482,1,1494,1,2988,1,1494,1,1494,1,2988,1,1494,1,0.0629425048828125,0.0011920928955078125,0.05984306335449219,0.00095367431640625,0.06198883056640625,0.0011920928955078125,0.00095367431640625,50262,96,4482,22,10,10,22,0.8161067962646484,0.11396408081054688,0,0,0,0,0,0,0,0,non_streaming
1494,1,1494,1,4482,1,1494,1,1494,1,2988,1,1494,1,1494,1,0.06604194641113281,0.00095367431640625,0.05793571472167969,0.0011920928955078125,0.0629425048828125,0.00095367431640625,0.06008148193359375,42888,96,4482,21,11,11,21,1.1601448059082031,0.3249645233154297,0,0,0,0,0,0,0,0,non_streaming
1494,1,1494,1,2988,1,1494,1,1494,1,1494,1,1494,1,4482,1,0.2410411834716797,0.06079673767089844,0.0011920928955078125,0.05984306335449219,0.00095367431640625,0.0011920928955078125,0.06079673767089844,57060,96,4482,29,3,3,29,0.988006591796875,0.2410411834716797,0,0,0,0,0,0,0,0,non_streaming
2988,1,1494,1,2988,1,2988,1,2988,1,1494,1,96,-1,1494,1,0.00095367431640625,0.06318092346191406,0.00095367431640625,0.05984306335449219,0.0011920928955078125,0.0247955322265625,0.03719329833984375,61734,96,4482,27,5,5,27,2.140045166015625,0.7128715515136719,0,0,0,0,0,0,0,0,non_streaming
140,1,1398,-1,40,1,140,1,446,-1,40,1,1382,-1,40,1,0.7388591766357422,69.24319267272949,306.0879707336426,0.8840560913085938,99.11489486694336,571.1219310760498,88.50812911987305,13462,40,1398,21,11,21,7,7255.018949508667,1039.2069816589355,0,1,0,0,1,1,3328,8291,non_streaming
94,1,94,1,1492,-1,1492,-1,1492,-1,1492,-1,1492,-1,1492,-1,0.011920928955078125,0.2200603485107422,0.06198883056640625,0.0019073486328125,0.0011920928955078125,0.05602836608886719,0.00095367431640625,32366,94,1492,11,21,11,21,2.360105514526367,0.41103363037109375,0,0,0,0,0,0,1701,1701,non_streaming
1492,-1,1492,-1,1492,-1,1492,-1,94,1,94,1,94,1,1492,-1,0.00095367431640625,0.0011920928955078125,0.05793571472167969,0.052928924560546875,0.10800361633300781,0.0171661376953125,0.10180473327636719,39450,94,2984,7,25,7,25,1.1730194091796875,0.31185150146484375,0,0,0,0,0,0,1701,1701,non_streaming
94,1,94,1,94,1,1492,-1,1492,-1,1492,-1,1492,-1,1492,-1,0.1380443572998047,0.32591819763183594,0.09393692016601562,0.0011920928955078125,0.00095367431640625,0.05984306335449219,0.0011920928955078125,43550,94,1492,3,29,3,29,1.2400150299072266,0.32591819763183594,0,0,0,0,0,0,1701,1701,non_streaming
1492,-1,1492,-1,1492,-1,1492,-1,1492,-1,1492,-1,1492,-1,2984,-1,0.05888938903808594,0.0011920928955078125,0.00095367431640625,0.05888938903808594,0.0011920928955078125,0.00095367431640625,0.05984306335449219,39450,94,2984,7,25,7,25,0.9989738464355469,0.14710426330566406,0,0,0,0,0,0,1701,1701,non_streaming
1492,-1,1492,-1,1492,-1,1492,-1,1492,-1,1492,-1,1492,-1,1492,-1,0.0019073486328125,0.00095367431640625,0.05507469177246094,0.0019073486328125,0.0021457672119140625,0.05984306335449219,0.0021457672119140625,42152,94,1492,4,28,4,28,0.9529590606689453,0.15997886657714844,0,0,0,0,0,0,1701,1701,non_streaming
1492,-1,1492,-1,1492,-1,94,1,94,1,94,1,1492,-1,1492,-1,0.00095367431640625,0.00095367431640625,0.02193450927734375,0.06008148193359375,0.08106231689453125,0.019073486328125,0.06198883056640625,38052,94,2984,8,24,8,24,0.9999275207519531,0.14591217041015625,0,0,0,0,0,0,1701,1701,non_streaming
94,1,94,1,94,1,1492,-1,1492,-1,1492,-1,1492,-1,1492,-1,0.0019073486328125,0.07510185241699219,0.15783309936523438,0.06103515625,0.0021457672119140625,0.00095367431640625,0.07891654968261719,35162,94,1492,9,23,9,23,1.3990402221679688,0.24890899658203125,0,0,0,0,0,0,1701,1701,non_streaming
1492,-1,1492,-1,1492,-1,1492,-1,2984,-1,1492,-1,1492,-1,1492,-1,0.00095367431640625,0.05888938903808594,0.0021457672119140625,0.00095367431640625,0.05793571472167969,0.00095367431640625,0.0011920928955078125,47838,94,2984,1,31,1,31,0.9398460388183594,0.3170967102050781,0,0,0,0,0,0,1701,1701,non_streaming
1492,-1,1492,-1,1492,-1,1492,-1,1492,-1,1492,-1,1492,-1,1492,-1,0.0011920928955078125,0.05698204040527344,0.00095367431640625,0.00095367431640625,0.00095367431640625,0.05817413330078125,0.0019073486328125,38076,94,1492,7,25,6,25,0.8649826049804688,0.11301040649414062,0,0,0,0,0,0,1701,1701,non_streaming
1492,-1,1492,-1,1492,-1,1492,-1,1492,-1,1492,-1,1492,-1,1492,-1,0.0021457672119140625,0.0019073486328125,0.05793571472167969,0.0021457672119140625,0.00095367431640625,0.06008148193359375,0.0019073486328125,44948,94,1492,2,30,2,30,0.8051395416259766,0.1430511474609375,0,0,0,0,0,0,1701,1701,non_streaming
1492,-1,1492,-1,1492,-1,1492,-1,1492,-1,1492,-1,1492,-1,1492,-1,0.00095367431640625,0.0011920928955078125,0.055789947509765625,0.0011920928955078125,0.00095367431640625,0.06198883056640625,0.00095367431640625,39356,94,1492,6,26,6,26,0.8440017700195312,0.11205673217773438,0,0,0,0,0,0,1701,1701,non_streaming
1492,-1,1492,-1,1492,-1,1492,-1,1492,-1,1492,-1,1492,-1,1492,-1,0.0021457672119140625,0.0019073486328125,0.00095367431640625,0.05507469177246094,0.0019073486328125,0.00095367431640625,0.05817413330078125,46440,94,2984,2,30,2,30,0.5970001220703125,0.06103515625,0,0,0,0,0,0,1701,1701,non_streaming
94,1,1492,-1,94,1,1492,-1,1492,-1,1492,-1,1492,-1,1492,-1,0.01811981201171875,0.11086463928222656,0.0820159912109375,0.06198883056640625,0.0011920928955078125,0.00095367431640625,0.05984306335449219,39356,94,1492,6,26,6,26,0.8192062377929688,0.11086463928222656,0,0,0,0,0,0,1701,1701,non_streaming
1492,-1,1492,-1,1492,-1,1492,-1,1492,-1,1492,-1,1492,-1,1492,-1,0.0011920928955078125,0.00095367431640625,0.05888938903808594,0.00095367431640625,0.0011920928955078125,0.06079673767089844,0.0011920928955078125,44948,94,1492,2,30,2,30,0.6799697875976562,0.11491775512695312,0,0,0,0,0,0,1701,1701,non_streaming
94,1,94,1,1492,-1,1492,-1,1492,-1,1492,-1,1492,-1,1492,-1,0.05698204040527344,0.015020370483398438,0.06103515625,0.00095367431640625,0.00095367431640625,0.05793571472167969,0.06198883056640625,42152,94,1492,4,28,4,28,0.823974609375,0.08392333984375,0,0,0,0,0,0,1701,1701,non_streaming
1492,-1,1492,-1,1492,-1,1492,-1,1492,-1,1492,-1,1492,-1,1492,-1,0.05793571472167969,0.125885009765625,0.06198883056640625,0.0021457672119140625,0.00095367431640625,0.05793571472167969,0.00095367431640625,40754,94,1492,5,27,5,27,0.9698867797851562,0.125885009765625,0,0,0,0,0,0,1701,1701,non_streaming
94,-1,94,-1,1492,1,1492,1,1492,1,1492,1,1492,1,1492,1,0.23603439331054688,3.136873245239258,0.04220008850097656,0.3898143768310547,0.04220008850097656,0.00095367431640625,0.04100799560546875,40848,94,2984,26,6,6,26,7.170915603637695,3.136873245239258,0,0,0,0,0,0,1701,1701,non_streaming
1492,1,94,-1,94,-1,1492,1,1492,1,1492,1,1492,1,1492,1,0.9009838104248047,0.49686431884765625,0.8931159973144531,0.05984306335449219,0.0011920928955078125,0.00095367431640625,0.00095367431640625,40754,94,1492,27,5,5,27,5.036830902099609,0.9009838104248047,0,0,0,0,0,0,1701,1701,non_streaming
1492,1,1492,1,1492,1,1492,1,1492,1,94,-1,1492,1,1492,1,0.00095367431640625,0.05698204040527344,0.00095367431640625,0.00095367431640625,0.2951622009277344,0.44798851013183594,0.06079673767089844,45042,94,2984,29,3,3,29,2.682924270629883,0.453948974609375,0,0,0,0,0,0,1701,1701,non_streaming
1492,1,1492,1,2984,1,94,-1,1492,1,1492,1,1492,1,1492,1,0.06198883056640625,0.0011920928955078125,0.1888275146484375,0.3390312194824219,0.06198883056640625,0.00095367431640625,0.0011920928955078125,45136,94,2984,28,4,4,28,1.8961429595947266,0.39196014404296875,0,0,0,0,0,0,1701,1701,non_streaming
1492,1,1492,1,1492,1,1492,1,1492,1,1492,1,1492,1,1492,1,0.05888938903808594,0.0011920928955078125,0.00095367431640625,0.06008148193359375,0.00095367431640625,0.00095367431640625,0.06008148193359375,43644,94,2984,28,4,4,28,1.5099048614501953,0.5948543548583984,0,0,0,0,0,0,1701,1701,non_streaming
1492,1,94,-1,1492,1,1492,1,94,-1,1492,1,1492,1,1492,1,0.04887580871582031,0.010013580322265625,0.06103515625,0.08296966552734375,0.21600723266601562,0.06198883056640625,0.0011920928955078125,37958,94,1492,25,7,7,25,1.5048980712890625,0.31495094299316406,0,0,0,0,0,0,1701,1701,non_streaming
1492,1,1492,1,1492,1,1492,1,1492,1,1492,1,1492,1,1492,1,0.051975250244140625,0.0021457672119140625,0.0019073486328125,0.06008148193359375,0.00095367431640625,0.00095367431640625,0.05817413330078125,40754,94,1492,27,5,5,27,1.0631084442138672,0.26297569274902344,0,0,0,0,0,0,1701,1701,non_streaming
1492,1,1492,1,1492,1,1492,1,1492,1,1492,1,1492,1,1492,1,0.06389617919921875,0.00095367431640625,0.0021457672119140625,0.05698204040527344,0.0019073486328125,0.00095367431640625,0.06008148193359375,44948,94,1492,30,2,2,30,0.6558895111083984,0.09512901306152344,0,0,0,0,0,0,1701,1701,non_streaming
94,-1,1492,1,94,-1,94,-1,1492,1,1492,1,1492,1,1492,1,0.01811981201171875,0.00095367431640625,0.041961669921875,0.019073486328125,0.00095367431640625,0.00095367431640625,0.0591278076171875,45042,94,2984,29,3,3,29,0.637054443359375,0.06413459777832031,0,0,0,0,0,0,1701,1701,non_streaming
102,1,102,-1,94,1,611,1,94,-1,1492,-1,1492,-1,2113,-1,4.180192947387695,0.8218288421630859,0.8461475372314453,3.919839859008789,14.576196670532227,0.06079673767089844,0.0011920928955078125,15762,94,2113,17,15,20,7,91.99309349060059,22.808074951171875,0,0,0,0,0,0,1701,1701,non_streaming
94,-1,1492,-1,666,-1,1492,-1,1492,-1,1492,-1,1492,-1,1492,-1,2.9921531677246094,0.00286102294921875,0.0400543212890625,0.0019073486328125,0.049114227294921875,0.0019073486328125,0.0011920928955078125,35746,94,1492,7,25,8,23,9.515047073364258,3.4689903259277344,0,0,0,0,0,0,1701,1701,non_streaming
1492,-1,1492,-1,94,1,1492,-1,1492,-1,1492,-1,1492,-1,1492,-1,0.0011920928955078125,0.1239776611328125,0.6568431854248047,0.0021457672119140625,0.052928924560546875,0.00095367431640625,0.0021457672119140625,39356,94,1492,6,26,6,26,4.379987716674805,0.8840560913085938,0,0,0,0,0,0,1701,1701,non_streaming
94,1,1492,-1,1492,-1,1492,-1,1492,-1,1492,-1,1492,-1,94,1,0.0050067901611328125,0.0629425048828125,0.00095367431640625,0.0011920928955078125,0.0019073486328125,0.05507469177246094,0.03790855407714844,36560,94,1492,8,24,8,24,1.6579627990722656,0.3039836883544922,0,0,0,0,0,0,1701,1701,non_streaming
1492,-1,1492,-1,1492,-1,1492,-1,94,1,94,1,94,1,1492,-1,0.0629425048828125,0.0019073486328125,0.00095367431640625,0.1621246337890625,0.05793571472167969,0.014066696166992188,0.36907196044921875,36560,94,1492,8,24,8,24,1.8689632415771484,0.36907196044921875,0,0,0,0,0,0,1701,1701,non_streaming
1492,-1,1492,-1,94,1,1492,-1,1492,-1,1492,-1,1492,-1,1492,-1,0.0019073486328125,0.11110305786132812,0.13899803161621094,0.0629425048828125,0.00095367431640625,0.0021457672119140625,0.00095367431640625,39356,94,1492,6,26,6,26,1.6570091247558594,0.3590583801269531,0,0,0,0,0,0,1701,1701,non_streaming
1492,-1,1492,-1,1492,-1,1492,-1,1492,-1,1492,-1,1492,-1,1492,-1,0.00095367431640625,0.00095367431640625,0.06008148193359375,0.00095367431640625,0.00095367431640625,0.0591278076171875,0.00095367431640625,40754,94,1492,5,27,5,27,1.316070556640625,0.5791187286376953,0,0,0,0,0,0,1701,1701,non_streaming
1492,-1,1492,-1,1492,-1,1492,-1,1492,-1,1492,-1,1492,-1,1492,-1,0.00095367431640625,0.06008148193359375,0.00095367431640625,0.00095367431640625,0.05888938903808594,0.0011920928955078125,0.00095367431640625,43550,94,1492,3,29,3,29,1.3659000396728516,0.4088878631591797,0,0,0,0,0,0,1701,1701,non_streaming
1492,-1,1492,-1,1492,-1,1492,-1,94,1,94,1,1492,-1,1492,-1,0.06008148193359375,0.00095367431640625,0.00095367431640625,0.025033950805664062,0.025987625122070312,0.009059906005859375,0.00095367431640625,43738,94,2984,5,27,5,27,1.463174819946289,0.6780624389648438,0,0,0,0,0,0,1701,1701,non_streaming
94,1,1492,-1,94,1,94,1,1492,-1,1492,-1,94,1,1492,-1,0.00095367431640625,0.025987625122070312,0.014066696166992188,0.016927719116210938,0.0019073486328125,0.0209808349609375,0.0400543212890625,42246,94,2984,5,27,5,27,0.6167888641357422,0.06103515625,0,0,0,0,0,0,1701,1701,non_streaming
94,1,94,1,1492,-1,1492,-1,1492,-1,1492,-1,1492,-1,1492,-1,0.00095367431640625,0.08702278137207031,0.00095367431640625,0.06604194641113281,0.00095367431640625,0.00095367431640625,0.0591278076171875,35162,94,1492,9,23,9,23,2.296924591064453,0.598907470703125,0,0,0,0,0,0,1701,1701,non_streaming
102,1,102,-1,94,1,611,1,94,-1,1492,-1,1492,-1,1492,-1,3.938913345336914,1.0409355163574219,0.9341239929199219,3.8330554962158203,14.48678970336914,0.012159347534179688,0.00095367431640625,15296,94,1492,15,17,20,7,84.61284637451172,22.026777267456055,0,0,0,0,0,0,1701,1701,non_streaming
1492,-1,2984,-1,2984,-1,94,1,1492,-1,1492,-1,1492,-1,2984,-1,0.04792213439941406,0.049114227294921875,0.209808349609375,0.6921291351318359,0.052928924560546875,0.00095367431640625,0.05602836608886719,45512,94,2984,8,24,8,24,6.38890266418457,1.6410350799560547,0,0,0,0,0,0,1701,1701,non_streaming
2984,-1,2984,-1,2984,-1,1492,-1,94,1,94,1,1492,-1,1492,-1,0.0011920928955078125,0.05984306335449219,0.00095367431640625,0.5271434783935547,0.011920928955078125,0.09512901306152344,0.06079673767089844,54276,94,2984,6,26,6,26,3.7000179290771484,0.6351470947265625,0,0,0,0,0,0,1701,1701,non_streaming
1492,-1,94,1,1492,-1,1492,-1,1492,-1,2984,-1,1492,-1,2984,-1,0.04482269287109375,0.0171661376953125,0.29277801513671875,0.06222724914550781,0.00095367431640625,0.00095367431640625,0.06008148193359375,51198,94,2984,5,27,5,27,2.7799606323242188,0.49805641174316406,0,0,0,0,0,0,1701,1701,non_streaming
1492,-1,1492,-1,94,1,1492,-1,1492,-1,1492,-1,1492,-1,1492,-1,0.00095367431640625,0.007867813110351562,0.43702125549316406,0.0591278076171875,0.00095367431640625,0.00095367431640625,0.06008148193359375,39356,94,1492,6,26,6,26,1.3458728790283203,0.43702125549316406,0,0,0,0,0,0,1701,1701,non_streaming
1492,-1,1492,-1,1492,-1,1492,-1,1492,-1,1492,-1,1492,-1,1492,-1,0.0011920928955078125,0.00095367431640625,0.06103515625,0.00095367431640625,0.44608116149902344,0.06079673767089844,0.0011920928955078125,43550,94,1492,3,29,3,29,1.1191368103027344,0.44608116149902344,0,0,0,0,0,0,1701,1701,non_streaming
1492,-1,1492,-1,1492,-1,2984,-1,1492,-1,1492,-1,1492,-1,1492,-1,0.05984306335449219,0.0011920928955078125,0.00095367431640625,0.05793571472167969,0.00095367431640625,0.0011920928955078125,0.06389617919921875,39450,94,2984,7,25,7,25,1.5058517456054688,0.8091926574707031,0,0,0,0,0,0,1701,1701,non_streaming
1492,-1,1492,-1,1492,-1,1492,-1,1492,-1,1492,-1,1492,-1,1492,-1,0.0591278076171875,0.00095367431640625,0.00095367431640625,0.06103515625,0.00095367431640625,0.00095367431640625,0.06508827209472656,33764,94,1492,10,22,10,22,3.062009811401367,0.9129047393798828,0,0,0,0,0,0,1701,1701,non_streaming
102,1,102,-1,94,1,611,1,94,-1,1492,-1,1492,-1,1492,-1,4.096031188964844,1.0819435119628906,1.0180473327636719,4.087924957275391,14.274120330810547,0.010967254638671875,0.00095367431640625,15311,94,1492,15,17,20,7,85.16407012939453,17.021894454956055,0,0,0,0,0,0,1701,1701,non_streaming
94,1,174,1,292,1,94,-1,1492,-1,666,-1,1492,-1,1492,-1,2.524137496948242,0.23984909057617188,4.289150238037109,4.077911376953125,0.00095367431640625,0.011205673217773438,0.029802322387695312,33322,94,1492,9,23,8,21,17.818212509155273,4.289150238037109,0,0,0,0,0,0,1701,1701,non_streaming
1492,-1,1492,-1,1492,-1,94,1,1492,-1,94,1,94,1,1492,-1,0.0021457672119140625,0.00095367431640625,0.04291534423828125,0.0011920928955078125,0.0,0.45680999755859375,0.2620220184326172,36560,94,1492,8,24,8,24,4.644155502319336,1.2791156768798828,0,0,0,0,0,0,1701,1701,non_streaming
1492,-1,1492,-1,1492,-1,1492,-1,1492,-1,1492,-1,1492,-1,1492,-1,0.05507469177246094,0.00095367431640625,0.00095367431640625,0.2579689025878906,0.06413459777832031,0.0019073486328125,0.00095367431640625,43550,94,1492,3,29,3,29,3.2958984375,0.90789794921875,0,0,0,0,0,0,1701,1701,non_streaming
1492,-1,1492,-1,1492,-1,1492,-1,1492,-1,94,1,1492,-1,1492,-1,0.00095367431640625,0.0021457672119140625,0.05698204040527344,0.0019073486328125,0.10895729064941406,0.3821849822998047,0.06198883056640625,40754,94,1492,5,27,5,27,2.7871131896972656,0.6251335144042969,0,0,0,0,0,0,1701,1701,non_streaming
1492,-1,1492,-1,1492,-1,1492,-1,1492,-1,1492,-1,1492,-1,1492,-1,0.0629425048828125,0.0030994415283203125,0.00095367431640625,0.00095367431640625,0.05888938903808594,0.0021457672119140625,0.0019073486328125,44948,94,1492,2,30,2,30,1.5919208526611328,0.453948974609375,0,0,0,0,0,0,1701,1701,non_streaming
1492,-1,1492,-1,1492,-1,1492,-1,1492,-1,1492,-1,1492,-1,94,1,0.0021457672119140625,0.0019073486328125,0.0019073486328125,0.05412101745605469,0.0019073486328125,0.00095367431640625,0.015974044799804688,40754,94,1492,5,27,5,27,1.1279582977294922,0.3790855407714844,0,0,0,0,0,0,1701,1701,non_streaming
1492,-1,1492,-1,1492,-1,1492,-1,1492,-1,1492,-1,94,1,94,1,0.0011920928955078125,0.05793571472167969,0.00095367431640625,0.06508827209472656,0.0019073486328125,0.04506111145019531,0.31304359436035156,43550,94,1492,3,29,3,29,1.0831356048583984,0.31304359436035156,0,0,0,0,0,0,1701,1701,non_streaming
94,1,94,1,1492,-1,94,1,94,1,94,1,1492,-1,94,1,0.0030994415283203125,0.010013580322265625,0.00286102294921875,0.10418891906738281,0.5249977111816406,0.13184547424316406,0.09417533874511719,32366,94,1492,11,21,11,21,1.5981197357177734,0.5249977111816406,0,0,0,0,0,0,1701,1701,non_streaming
94,1,94,1,94,1,1492,-1,1492,-1,1492,-1,1492,-1,94,1,0.2129077911376953,0.009059906005859375,0.3249645233154297,0.06103515625,0.0019073486328125,0.00095367431640625,0.14710426330566406,40754,94,1492,5,27,5,27,1.3828277587890625,0.3249645233154297,0,0,0,0,0,0,1701,1701,non_streaming
1492,-1,1492,-1,1492,-1,1492,-1,1492,-1,1492,-1,1492,-1,1492,-1,0.0019073486328125,0.00095367431640625,0.05817413330078125,0.00095367431640625,0.00095367431640625,0.0591278076171875,0.0019073486328125,39356,94,1492,6,26,6,26,1.3298988342285156,0.1709461212158203,0,0,0,0,0,0,1701,1701,non_streaming
1492,-1,1492,-1,1492,-1,1492,-1,1492,-1,1492,-1,1492,-1,1492,-1,0.00095367431640625,0.0019073486328125,0.0591278076171875,0.00095367431640625,0.0019073486328125,0.0011920928955078125,0.05698204040527344,43550,94,1492,3,29,3,29,0.7178783416748047,0.12612342834472656,0,0,0,0,0,0,1701,1701,non_streaming
102,1,102,-1,94,1,611,1,94,-1,1492,-1,1492,-1,2114,-1,3.9598941802978516,0.9469985961914062,1.09100341796875,3.984212875366211,14.536857604980469,0.010967254638671875,0.013113021850585938,15400,94,2114,16,16,21,7,76.89595222473145,14.562129974365234,0,0,0,0,0,0,1701,1701,non_streaming
174,1,292,1,94,-1,1492,-1,666,-1,1492,-1,1492,-1,1492,-1,0.13709068298339844,4.101991653442383,2.933979034423828,0.0030994415283203125,0.012874603271484375,0.00095367431640625,0.030994415283203125,34626,94,1492,8,24,8,22,13.35906982421875,4.101991653442383,0,0,0,0,0,0,1701,1701,non_streaming
1492,-1,1492,-1,1492,-1,94,1,1492,-1,1492,-1,1492,-1,1492,-1,0.051975250244140625,0.00095367431640625,0.03719329833984375,0.8378028869628906,0.0591278076171875,0.00095367431640625,0.00095367431640625,37958,94,1492,7,25,7,25,17.251968383789062,14.158010482788086,0,0,0,0,0,0,1701,1701,non_streaming
1492,-1,94,1,94,1,1492,-1,1492,-1,1492,-1,1492,-1,1492,-1,0.11301040649414062,0.09489059448242188,0.15020370483398438,0.064849853515625,0.0021457672119140625,0.0019073486328125,0.0019073486328125,43644,94,1492,3,29,3,29,0.865936279296875,0.15020370483398438,0,0,0,0,0,0,1701,1701,non_streaming
1492,-1,1492,-1,1492,-1,1492,-1,1492,-1,1492,-1,1492,-1,1492,-1,0.06389617919921875,0.0021457672119140625,0.00095367431640625,0.0019073486328125,0.05602836608886719,0.0021457672119140625,0.00095367431640625,46346,94,1492,1,31,1,31,2.727985382080078,2.0859241485595703,0,0,0,0,0,0,1701,1701,non_streaming
1492,-1,1492,-1,1492,-1,1492,-1,1492,-1,1492,-1,1492,-1,94,1,0.0021457672119140625,0.0019073486328125,0.052928924560546875,0.0021457672119140625,0.00095367431640625,0.06008148193359375,0.028848648071289062,43550,94,1492,3,29,3,29,2.165079116821289,0.8640289306640625,0,0,0,0,0,0,1701,1701,non_streaming
1492,-1,1492,-1,1492,-1,1492,-1,1492,-1,1492,-1,1492,-1,1492,-1,0.0011920928955078125,0.05984306335449219,0.00095367431640625,0.0021457672119140625,0.00095367431640625,0.05698204040527344,0.00095367431640625,47744,1492,1492,0,32,0,32,0.6830692291259766,0.06818771362304688,0,0,0,0,0,0,1701,1701,non_streaming
1492,-1,1492,-1,1492,-1,1492,-1,1492,-1,1492,-1,1492,-1,1492,-1,0.0011920928955078125,0.05793571472167969,0.00095367431640625,0.00095367431640625,0.0591278076171875,0.00095367431640625,0.00095367431640625,47744,1492,1492,0,32,0,32,1.4660358428955078,0.5638599395751953,0,0,0,0,0,0,1701,1701,non_streaming
1492,-1,1492,-1,1492,-1,1492,-1,1492,-1,1492,-1,1492,-1,1492,-1,0.00095367431640625,0.05602836608886719,0.00095367431640625,0.4820823669433594,0.05888938903808594,0.0019073486328125,0.0011920928955078125,35256,94,1492,9,23,9,23,1.1210441589355469,0.4820823669433594,0,0,0,0,0,0,1701,1701,non_streaming
102,1,102,-1,94,1,611,1,94,-1,1492,-1,1492,-1,1492,-1,4.0130615234375,0.8969306945800781,0.5180835723876953,4.010915756225586,14.670133590698242,0.011920928955078125,0.011920928955078125,15294,94,1492,15,17,20,7,89.569091796875,25.75993537902832,0,0,0,0,0,0,1701,1701,non_streaming
1492,-1,1492,-1,1492,-1,1492,-1,1492,-1,94,1,94,1,1492,-1,0.007867813110351562,0.051021575927734375,0.00095367431640625,0.0011920928955078125,0.7708072662353516,0.012159347534179688,0.6618499755859375,43550,94,1492,3,29,3,29,2.513885498046875,0.7708072662353516,0,0,0,0,0,0,1701,1701,non_streaming
94,1,94,1,94,1,1492,-1,1492,-1,1492,-1,1492,-1,94,1,0.514984130859375,0.014066696166992188,0.10085105895996094,0.06508827209472656,0.00095367431640625,0.00095367431640625,0.03719329833984375,32366,94,1492,11,21,11,21,3.267049789428711,0.7390975952148438,0,0,0,0,0,0,1701,1701,non_streaming
1492,-1,1492,-1,1492,-1,1492,-1,1492,-1,1492,-1,1492,-1,94,1,0.05698204040527344,0.00095367431640625,0.00095367431640625,0.06103515625,0.00095367431640625,0.0011920928955078125,0.4799365997314453,43550,94,1492,3,29,3,29,1.7249584197998047,0.4799365997314453,0,0,0,0,0,0,1701,1701,non_streaming
94,1,94,1,94,1,1492,-1,1492,-1,1492,-1,1492,-1,1492,-1,0.20122528076171875,0.013828277587890625,0.20813941955566406,0.0629425048828125,0.0019073486328125,0.00095367431640625,0.05817413330078125,37958,94,1492,7,25,7,25,1.5439987182617188,0.4639625549316406,0,0,0,0,0,0,1701,1701,non_streaming
1492,-1,1492,-1,1492,-1,1492,-1,1492,-1,1492,-1,1492,-1,1492,-1,0.00095367431640625,0.00095367431640625,0.00095367431640625,0.057220458984375,0.0019073486328125,0.00095367431640625,0.06198883056640625,36560,94,1492,8,24,8,24,1.2440681457519531,0.2338886260986328,0,0,0,0,0,0,1701,1701,non_streaming
1492,-1,1492,-1,1492,-1,1492,-1,1492,-1,1492,-1,1492,-1,1492,-1,0.00095367431640625,0.05602836608886719,0.0019073486328125,0.00095367431640625,0.06103515625,0.0011920928955078125,0.00095367431640625,42152,94,1492,4,28,4,28,1.2750625610351562,0.23508071899414062,0,0,0,0,0,0,1701,1701,non_streaming
1492,-1,1492,-1,94,1,1492,-1,2984,-1,94,1,1492,-1,1492,-1,0.11420249938964844,0.025987625122070312,0.03695487976074219,0.00095367431640625,0.04100799560546875,0.01811981201171875,0.00095367431640625,38052,94,2984,8,24,8,24,1.032114028930664,0.1900196075439453,0,0,0,0,0,0,1701,1701,non_streaming
102,1,102,-1,94,1,611,1,94,-1,106,1,94,1,174,1,4.029989242553711,1.3918876647949219,0.23794174194335938,3.8411617279052734,75.58202743530273,0.025987625122070312,3.773927688598633,25385,94,1492,13,19,14,15,101.39203071594238,75.58202743530273,0,0,0,0,0,0,1701,1701,non_streaming
1492,-1,1492,-1,1492,-1,1492,-1,1492,-1,1492,-1,1492,-1,1492,-1,0.0629425048828125,0.0011920928955078125,0.0019073486328125,0.00095367431640625,0.453948974609375,0.06318092346191406,0.0019073486328125,39356,94,1492,6,26,6,26,3.2529830932617188,0.5891323089599609,0,0,0,0,0,0,1701,1701,non_streaming
94,1,94,1,94,1,1492,-1,1492,-1,1492,-1,1492,-1,1492,-1,0.5109310150146484,0.014066696166992188,0.8440017700195312,0.00095367431640625,0.05602836608886719,0.0019073486328125,0.7359981536865234,36560,94,1492,8,24,8,24,3.901958465576172,0.8440017700195312,0,0,0,0,0,0,1701,1701,non_streaming
1492,-1,1492,-1,1492,-1,1492,-1,1492,-1,1492,-1,1492,-1,1492,-1,0.0629425048828125,0.00095367431640625,0.00095367431640625,0.00095367431640625,0.05817413330078125,0.00095367431640625,0.00095367431640625,40754,94,1492,5,27,5,27,2.719879150390625,0.7669925689697266,0,0,0,0,0,0,1701,1701,non_streaming
1492,-1,1492,-1,1492,-1,1492,-1,94,1,1492,-1,94,1,1492,-1,0.0591278076171875,0.00095367431640625,0.00095367431640625,0.03910064697265625,0.0209808349609375,0.03790855407714844,0.24008750915527344,37958,94,1492,7,25,7,25,1.9240379333496094,0.38886070251464844,0,0,0,0,0,0,1701,1701,non_streaming
1492,-1,1492,-1,1492,-1,1492,-1,1492,-1,1492,-1,1492,-1,1492,-1,0.0021457672119140625,0.00095367431640625,0.00095367431640625,0.05698204040527344,0.00095367431640625,0.06198883056640625,0.06103515625,42152,94,1492,4,28,4,28,1.2750625610351562,0.22792816162109375,0,0,0,0,0,0,1701,1701,non_streaming
94,1,1492,-1,1492,-1,94,1,1492,-1,1492,-1,1492,-1,1492,-1,0.06413459777832031,0.0019073486328125,0.2040863037109375,0.14400482177734375,0.05984306335449219,0.0011920928955078125,0.00095367431640625,37958,94,1492,7,25,7,25,1.4560222625732422,0.2880096435546875,0,0,0,0,0,0,1701,1701,non_streaming
1492,-1,1492,-1,1492,-1,94,1,1492,-1,1492,-1,1492,-1,1492,-1,0.050067901611328125,0.00095367431640625,0.007152557373046875,0.05698204040527344,0.00095367431640625,0.00095367431640625,0.00095367431640625,39356,94,1492,6,26,6,26,1.255035400390625,0.2589225769042969,0,0,0,0,0,0,1701,1701,non_streaming
1492,-1,1492,-1,1492,-1,1492,-1,1492,-1,1492,-1,1492,-1,1492,-1,0.0011920928955078125,0.00095367431640625,0.06103515625,0.0019073486328125,0.00095367431640625,0.06008148193359375,0.0019073486328125,37958,94,1492,7,25,7,25,1.157999038696289,0.2319812774658203,0,0,0,0,0,0,1701,1701,non_streaming
1492,-1,1492,-1,1492,-1,1492,-1,1492,-1,1492,-1,1492,-1,1492,-1,0.05602836608886719,0.00095367431640625,0.00095367431640625,0.06103515625,0.0019073486328125,0.0011920928955078125,0.05984306335449219,42152,94,1492,4,28,4,28,1.02996826171875,0.25081634521484375,0,0,0,0,0,0,1701,1701,non_streaming
1492,-1,1492,-1,1492,-1,1492,-1,1492,-1,1492,-1,1492,-1,1492,-1,0.0021457672119140625,0.00095367431640625,0.05888938903808594,0.0011920928955078125,0.00095367431640625,0.05888938903808594,0.0011920928955078125,35162,94,1492,9,23,9,23,1.2941360473632812,0.3590583801269531,0,0,0,0,0,0,1701,1701,non_streaming
1492,-1,1492,-1,1492,-1,1492,-1,1492,-1,1492,-1,1492,-1,1492,-1,0.05793571472167969,0.0011920928955078125,0.00095367431640625,0.05984306335449219,0.0011920928955078125,0.00095367431640625,0.05888938903808594,46346,94,1492,1,31,1,31,0.7560253143310547,0.12183189392089844,0,0,0,0,0,0,1701,1701,non_streaming
102,1,102,-1,94,1,611,1,94,-1,1492,-1,1492,-1,1492,-1,3.8909912109375,0.7970333099365234,0.4749298095703125,3.899097442626953,13.983964920043945,0.06103515625,0.00095367431640625,19730,94,1492,15,17,16,10,82.83400535583496,35.46905517578125,0,0,0,0,0,0,1701,1701,non_streaming
94,1,1492,-1,1492,-1,1492,-1,1492,-1,1492,-1,1492,-1,1492,-1,0.17189979553222656,0.06103515625,0.0019073486328125,0.00095367431640625,0.0591278076171875,0.00095367431640625,0.00095367431640625,35162,94,1492,9,23,9,23,2.6209354400634766,0.6690025329589844,0,0,0,0,0,0,1701,1701,non_streaming
1492,-1,1492,-1,1492,-1,1492,-1,1492,-1,1492,-1,1492,-1,1492,-1,0.00095367431640625,0.0011920928955078125,0.00095367431640625,0.05793571472167969,0.00095367431640625,0.00095367431640625,0.06198883056640625,43550,94,1492,3,29,3,29,1.2090206146240234,0.370025634765625,0,0,0,0,0,0,1701,1701,non_streaming
1492,-1,1492,-1,1492,-1,1492,-1,1492,-1,1492,-1,2984,-1,94,1,0.00095367431640625,0.06008148193359375,0.00095367431640625,0.00095367431640625,0.0011920928955078125,0.05793571472167969,0.050067901611328125,42246,94,2984,5,27,5,27,1.1889934539794922,0.308990478515625,0,0,0,0,0,0,1701,1701,non_streaming
1492,-1,94,1,94,1,94,1,1492,-1,2984,-1,1492,-1,1492,-1,0.4878044128417969,0.023126602172851562,0.23508071899414062,0.17595291137695312,0.06389617919921875,0.00095367431640625,0.0011920928955078125,42340,94,2984,6,26,6,26,2.288818359375,0.4878044128417969,0,0,0,0,0,0,1701,1701,non_streaming
1492,-1,1492,-1,1492,-1,1492,-1,1492,-1,1492,-1,1492,-1,1492,-1,0.0011920928955078125,0.00095367431640625,0.00095367431640625,0.05793571472167969,0.0011920928955078125,0.00095367431640625,0.06103515625,46440,94,2984,2,30,2,30,1.024007797241211,0.3020763397216797,0,0,0,0,0,0,1701,1701,non_streaming
102,1,102,-1,94,1,611,1,94,-1,1492,-1,1492,-1,1492,-1,3.932952880859375,1.0950565338134766,0.49495697021484375,4.000186920166016,14.485836029052734,0.00095367431640625,0.0591278076171875,17053,94,1492,15,17,20,9,98.52814674377441,26.92413330078125,0,0,0,0,0,0,1701,1701,non_streaming
1492,-1,1492,-1,1492,-1,1492,-1,1492,-1,1492,-1,94,1,94,1,0.00095367431640625,0.0591278076171875,0.00095367431640625,0.00095367431640625,0.0591278076171875,0.4220008850097656,0.19097328186035156,42246,94,2984,5,27,5,27,2.5169849395751953,0.5979537963867188,0,0,0,0,0,0,1701,1701,non_streaming
1492,-1,1492,-1,1492,-1,1492,-1,1492,-1,1492,-1,1492,-1,1492,-1,0.9849071502685547,0.06103515625,0.0019073486328125,0.0011920928955078125,0.05984306335449219,0.00095367431640625,0.0011920928955078125,43550,94,1492,3,29,3,29,2.2139549255371094,0.9849071502685547,0,0,0,0,0,0,1701,1701,non_streaming
1492,-1,1492,-1,1492,-1,1492,-1,1492,-1,1492,-1,1492,-1,1492,-1,0.06008148193359375,0.00095367431640625,0.00095367431640625,0.05817413330078125,0.00095367431640625,0.00095367431640625,0.18095970153808594,43550,94,1492,3,29,3,29,1.6369819641113281,0.30803680419921875,0,0,0,0,0,0,1701,1701,non_streaming
94,1,94,1,94,1,94,1,1492,-1,1492,-1,1492,-1,1492,-1,0.0011920928955078125,0.2918243408203125,0.12111663818359375,1.0690689086914062,0.06198883056640625,0.00095367431640625,0.00095367431640625,37958,94,1492,7,25,7,25,4.022121429443359,1.0690689086914062,0,0,0,0,0,0,1701,1701,non_streaming
1492,-1,1492,-1,1492,-1,1492,-1,1492,-1,1492,-1,1492,-1,1492,-1,0.05602836608886719,0.0019073486328125,0.06198883056640625,0.0011920928955078125,0.06079673767089844,0.0011920928955078125,0.05984306335449219,47744,1492,1492,0,32,0,32,1.2171268463134766,0.5240440368652344,0,0,0,0,0,0,1701,1701,non_streaming
1492,-1,1492,-1,1492,-1,1492,-1,1492,-1,94,1,94,1,94,1,0.0629425048828125,0.00095367431640625,0.00095367431640625,0.00095367431640625,0.09202957153320312,0.0021457672119140625,0.18095970153808594,37958,94,1492,7,25,7,25,1.2919902801513672,0.23508071899414062,0,0,0,0,0,0,1701,1701,non_streaming
1492,-1,1492,-1,1492,-1,1492,-1,1492,-1,1492,-1,1492,-1,1492,-1,0.06008148193359375,0.00095367431640625,0.0019073486328125,0.00095367431640625,0.057220458984375,0.0019073486328125,0.00095367431640625,45042,94,2984,3,29,3,29,0.6530284881591797,0.09202957153320312,0,0,0,0,0,0,1701,1701,non_streaming
1492,-1,1492,-1,1492,-1,1492,-1,1492,-1,1492,-1,1492,-1,1492,-1,0.0629425048828125,0.0011920928955078125,0.00095367431640625,0.05888938903808594,0.00095367431640625,0.0011920928955078125,0.05888938903808594,32460,94,2984,12,20,12,20,1.7571449279785156,0.3440380096435547,0,0,0,0,0,0,1701,1701,non_streaming
102,1,102,-1,94,1,611,1,94,-1,1492,-1,1492,-1,1492,-1,3.766775131225586,0.9992122650146484,0.7789134979248047,3.860950469970703,14.825105667114258,0.00095367431640625,0.009059906005859375,15579,94,1770,17,15,20,7,91.40992164611816,21.620988845825195,0,0,0,0,0,0,1701,1701,non_streaming
94,1,94,1,1492,-1,1492,-1,1492,-1,1492,-1,1492,-1,94,1,0.4181861877441406,0.5009174346923828,0.051021575927734375,0.00095367431640625,0.052928924560546875,0.0011920928955078125,0.00095367431640625,45700,94,2984,10,22,10,22,5.588054656982422,0.8530616760253906,0,0,0,0,0,0,1701,1701,non_streaming
1492,-1,1492,-1,1492,-1,1492,-1,4476,-1,4476,-1,94,1,94,1,0.06103515625,0.20003318786621094,0.06198883056640625,0.00095367431640625,0.06008148193359375,0.019788742065429688,0.1761913299560547,51574,94,4476,9,23,9,23,3.426074981689453,0.5891323089599609,0,0,0,0,0,0,1701,1701,non_streaming
1492,-1,4476,-1,1492,-1,1492,-1,2984,-1,94,1,94,1,94,1,0.0629425048828125,0.0011920928955078125,0.05888938903808594,0.00095367431640625,0.05817413330078125,0.4107952117919922,0.26702880859375,52878,94,4476,7,25,7,25,4.189968109130859,2.321958541870117,0,0,0,0,0,0,1701,1701,non_streaming
94,1,94,1,94,1,1492,-1,94,1,94,1,1492,-1,1492,-1,0.015020370483398438,0.0011920928955078125,0.0069141387939453125,0.10800361633300781,0.14209747314453125,0.2918243408203125,0.06008148193359375,41318,94,2984,11,21,11,21,2.2411346435546875,0.6148815155029297,0,0,0,0,0,0,1701,1701,non_streaming
1492,-1,1492,-1,1492,-1,1492,-1,2984,-1,1492,-1,1492,-1,2984,-1,0.00095367431640625,0.00095367431640625,0.00095367431640625,0.0591278076171875,0.00095367431640625,0.06198883056640625,0.00095367431640625,55580,94,4476,4,28,4,28,1.6078948974609375,0.8628368377685547,0,0,0,0,0,0,1701,1701,non_streaming
2984,-1,2984,-1,1492,-1,1492,-1,2984,-1,4476,-1,1492,-1,1492,-1,0.06103515625,0.00095367431640625,0.06008148193359375,0.00095367431640625,0.06198883056640625,0.00095367431640625,0.0591278076171875,76468,94,4476,4,28,4,28,1.3930797576904297,0.10895729064941406,0,0,0,0,0,0,1701,1701,non_streaming
1492,-1,4476,-1,4476,-1,1492,-1,2984,-1,1492,-1,2984,-1,1492,-1,0.06008148193359375,0.06389617919921875,0.06198883056640625,0.00095367431640625,0.06008148193359375,0.00095367431640625,0.06008148193359375,71616,1492,4476,0,32,0,32,1.5680789947509766,0.2970695495605469,0,0,0,0,0,0,1701,1701,non_streaming
2984,-1,1492,-1,1492,-1,2984,-1,1492,-1,2984,-1,2984,-1,1492,-1,0.00095367431640625,0.05984306335449219,0.0011920928955078125,0.06079673767089844,0.0011920928955078125,0.06103515625,0.00095367431640625,74600,1492,4476,0,32,0,32,2.537965774536133,1.177072525024414,0,0,0,0,0,0,1701,1701,non_streaming
1492,-1,2984,-1,2984,-1,2984,-1,2984,-1,1492,-1,1492,-1,2984,-1,0.05984306335449219,0.0011920928955078125,0.05984306335449219,0.06604194641113281,0.00095367431640625,0.0591278076171875,0.00095367431640625,65742,94,2984,1,31,1,31,1.0600090026855469,0.07295608520507812,0,0,0,0,0,0,1701,1701,non_streaming
102,1,102,-1,94,1,611,1,94,-1,1492,-1,1492,-1,1492,-1,3.976106643676758,0.7429122924804688,0.6880760192871094,4.082918167114258,14.341115951538086,0.010013580322265625,0.010967254638671875,15297,94,1492,15,17,20,7,84.17510986328125,21.097898483276367,0,0,0,0,0,0,1701,1701,non_streaming
94,1,106,1,94,1,174,1,292,1,94,-1,1492,-1,666,-1,0.0021457672119140625,0.010013580322265625,2.797842025756836,0.0021457672119140625,4.3239593505859375,2.61688232421875,0.0021457672119140625,29046,94,1492,12,20,12,18,15.574216842651367,4.3239593505859375,0,0,0,0,0,0,1701,1701,non_streaming
1492,-1,1492,-1,94,1,1492,-1,1492,-1,1492,-1,1492,-1,1492,-1,0.00095367431640625,0.2529621124267578,0.3199577331542969,0.04696846008300781,0.0011920928955078125,0.00095367431640625,0.04482269287109375,40848,94,2984,6,26,6,26,5.254030227661133,1.5292167663574219,0,0,0,0,0,0,1701,1701,non_streaming
1492,-1,1492,-1,1492,-1,1492,-1,1492,-1,1492,-1,1492,-1,2984,-1,0.00095367431640625,0.00095367431640625,0.06198883056640625,0.0011920928955078125,0.00095367431640625,0.05984306335449219,0.0011920928955078125,39450,94,2984,7,25,7,25,1.2218952178955078,0.20599365234375,0,0,0,0,0,0,1701,1701,non_streaming
2984,-1,1492,-1,1492,-1,1492,-1,1492,-1,2984,-1,1492,-1,94,1,0.05888938903808594,0.00095367431640625,0.0011920928955078125,0.05984306335449219,0.00095367431640625,0.0591278076171875,0.17905235290527344,46628,94,2984,4,28,4,28,1.3818740844726562,0.2980232238769531,0,0,0,0,0,0,1701,1701,non_streaming
1492,-1,1492,-1,94,1,94,1,94,1,94,1,94,1,94,1,0.0011920928955078125,0.11396408081054688,0.04291534423828125,0.2880096435546875,0.14400482177734375,0.13303756713867188,0.17690658569335938,40942,94,2984,7,25,7,25,2.3431777954101562,0.5650520324707031,0,0,0,0,0,0,1701,1701,non_streaming
1492,-1,1492,-1,2984,-1,1492,-1,94,1,1492,-1,1492,-1,1492,-1,0.0629425048828125,0.00095367431640625,0.05888938903808594,0.12302398681640625,0.1289844512939453,0.06103515625,0.00095367431640625,45136,94,2984,4,28,4,28,0.9019374847412109,0.1289844512939453,0,0,0,0,0,0,1701,1701,non_streaming
94,1,94,1,94,1,1492,-1,1492,-1,1492,-1,1492,-1,1492,-1,0.013828277587890625,0.05698204040527344,0.09012222290039062,0.06198883056640625,0.00095367431640625,0.00095367431640625,0.00095367431640625,42246,94,2984,5,27,5,27,0.7197856903076172,0.09012222290039062,0,0,0,0,0,0,1701,1701,non_streaming
1492,-1,1492,-1,1492,-1,1492,-1,1492,-1,1492,-1,1492,-1,1492,-1,0.05888938903808594,0.00095367431640625,0.06008148193359375,0.00095367431640625,0.00095367431640625,0.06008148193359375,0.00095367431640625,39450,94,2984,7,25,7,25,0.8578300476074219,0.10991096496582031,0,0,0,0,0,0,1701,1701,non_streaming
1492,1,1492,1,1492,1,1492,1,1492,1,1492,1,1492,1,1492,1,0.0019073486328125,0.06413459777832031,0.00095367431640625,0.00095367431640625,0.00095367431640625,0.05698204040527344,0.0011920928955078125,44948,94,1492,30,2,2,30,0.5970001220703125,0.06413459777832031,0,0,0,0,0,0,1701,1701,non_streaming
94,-1,94,-1,1492,1,1492,1,1492,1,1492,1,1492,1,1492,1,0.015020370483398438,0.0,0.00095367431640625,0.05984306335449219,0.0011920928955078125,0.05984306335449219,0.06318092346191406,43550,94,1492,29,3,3,29,0.8778572082519531,0.11301040649414062,0,0,0,0,0,0,1701,1701,non_streaming
1492,1,1492,1,1492,1,1492,1,1492,1,1492,1,1492,1,1492,1,0.0011920928955078125,0.00095367431640625,0.05602836608886719,0.00095367431640625,0.0629425048828125,0.00095367431640625,0.06008148193359375,39356,94,1492,26,6,6,26,0.6961822509765625,0.0629425048828125,0,0,0,0,0,0,1701,1701,non_streaming
1492,1,1492,1,1492,1,1492,1,1492,1,1492,1,1492,1,1492,1,0.00095367431640625,0.00095367431640625,0.0591278076171875,0.0019073486328125,0.00095367431640625,0.0011920928955078125,0.05698204040527344,43550,94,1492,29,3,3,29,1.806020736694336,0.7779598236083984,0,0,0,0,0,0,1701,1701,non_streaming
94,-1,94,-1,1492,1,1492,1,1492,1,1492,1,1492,1,1492,1,0.016927719116210938,0.05602836608886719,0.06413459777832031,0.00095367431640625,0.00095367431640625,0.05793571472167969,0.00095367431640625,43550,94,1492,29,3,3,29,0.7750988006591797,0.13899803161621094,0,0,0,0,0,0,1701,1701,non_streaming
1492,1,1492,1,1492,1,1492,1,1492,1,1492,1,1492,1,94,-1,0.06198883056640625,0.00095367431640625,0.00095367431640625,0.06008148193359375,0.00095367431640625,0.00095367431640625,0.0050067901611328125,39356,94,1492,26,6,6,26,1.3108253479003906,0.3190040588378906,0,0,0,0,0,0,1701,1701,non_streaming
1492,1,2984,1,1492,1,1492,1,1492,1,1492,1,1492,1,1492,1,0.0019073486328125,0.06198883056640625,0.00095367431640625,0.00095367431640625,0.05817413330078125,0.00095367431640625,0.00095367431640625,32460,94,2984,20,12,12,20,1.9359588623046875,0.24580955505371094,0,0,0,0,0,0,1701,1701,non_streaming
1492,1,1492,1,94,-1,1492,1,1492,1,1492,1,1492,1,1492,1,0.00095367431640625,0.04410743713378906,0.015974044799804688,0.00095367431640625,0.00095367431640625,0.0591278076171875,0.00095367431640625,39416,94,1492,26,6,6,26,0.5328655242919922,0.06103515625,0,0,0,0,0,0,1701,1701,non_streaming
102,1,102,-1,94,1,611,1,94,-1,1492,-1,1492,-1,1492,-1,4.028081893920898,1.0139942169189453,0.9379386901855469,4.019975662231445,14.436960220336914,0.010967254638671875,0.013113021850585938,15311,94,1492,15,17,20,7,89.70999717712402,22.269010543823242,0,0,0,0,0,0,1701,1701,non_streaming
94,1,174,1,292,1,94,-1,1492,-1,666,-1,1492,-1,1492,-1,2.805948257446289,0.013113021850585938,4.270076751708984,3.5049915313720703,0.00095367431640625,0.009059906005859375,0.030994415283203125,31830,94,1492,10,22,10,20,16.48402214050293,4.270076751708984,0,0,0,0,0,0,1701,1701,non_streaming
1492,-1,1492,-1,1492,-1,1492,-1,1492,-1,2984,-1,1492,-1,1492,-1,0.0011920928955078125,0.00095367431640625,0.6928443908691406,0.06318092346191406,0.00095367431640625,0.00095367431640625,0.05793571472167969,40848,94,2984,6,26,6,26,2.4390220642089844,0.7138252258300781,0,0,0,0,0,0,1701,1701,non_streaming
1492,-1,1492,-1,1492,-1,1492,-1,1492,-1,1492,-1,94,1,94,1,0.06389617919921875,0.0011920928955078125,0.00095367431640625,0.05793571472167969,0.00095367431640625,0.007152557373046875,0.0858306884765625,41036,94,2984,8,24,8,24,2.604961395263672,0.4971027374267578,0,0,0,0,0,0,1701,1701,non_streaming
1492,-1,94,1,94,1,94,1,1492,-1,1492,-1,1492,-1,1492,-1,0.08296966552734375,0.7421970367431641,0.14591217041015625,0.30803680419921875,0.05793571472167969,0.00095367431640625,0.00095367431640625,45042,94,2984,3,29,3,29,2.1729469299316406,0.7421970367431641,0,0,0,0,0,0,1701,1701,non_streaming
1492,-1,1492,-1,1492,-1,1492,-1,1492,-1,1492,-1,1492,-1,1492,-1,0.05698204040527344,0.00095367431640625,0.0019073486328125,0.06103515625,0.0021457672119140625,0.00095367431640625,0.00095367431640625,37958,94,1492,7,25,7,25,1.435995101928711,0.2789497375488281,0,0,0,0,0,0,1701,1701,non_streaming
1492,-1,1492,-1,1492,-1,1492,-1,1492,-1,1492,-1,1492,-1,1492,-1,0.00095367431640625,0.00095367431640625,0.05698204040527344,0.0021457672119140625,0.00095367431640625,0.05888938903808594,0.0011920928955078125,36560,94,1492,8,24,8,24,1.260995864868164,0.2009868621826172,0,0,0,0,0,0,1701,1701,non_streaming
1492,-1,1492,-1,1492,-1,1492,-1,1492,-1,1492,-1,1492,-1,1492,-1,0.00095367431640625,0.0021457672119140625,0.00095367431640625,0.0629425048828125,0.00095367431640625,0.0011920928955078125,0.05793571472167969,43550,94,1492,3,29,3,29,0.6761550903320312,0.080108642578125,0,0,0,0,0,0,1701,1701,non_streaming
1492,-1,1492,-1,1492,-1,1492,-1,1492,-1,94,1,94,1,94,1,0.05793571472167969,0.00095367431640625,0.00095367431640625,0.0591278076171875,0.5679130554199219,0.010967254638671875,0.014066696166992188,41036,94,2984,8,24,8,24,2.6099681854248047,0.5679130554199219,0,0,0,0,0,0,1701,1701,non_streaming
2984,-1,2984,-1,1492,-1,2984,-1,2984,-1,1492,-1,1492,-1,2984,-1,0.00095367431640625,0.05888938903808594,0.0011920928955078125,0.0629425048828125,0.00095367431640625,0.06008148193359375,0.00095367431640625,62946,94,2984,3,29,3,29,1.3878345489501953,0.3619194030761719,0,0,0,0,0,0,1701,1701,non_streaming
102,1,102,-1,94,1,611,1,94,-1,1492,-1,1492,-1,1492,-1,3.996133804321289,0.8599758148193359,0.4839897155761719,4.045009613037109,14.451026916503906,0.0019073486328125,0.010013580322265625,15305,94,1492,15,17,20,7,87.7230167388916,21.191835403442383,0,0,0,0,0,0,1701,1701,non_streaming
94,1,174,1,292,1,94,-1,1492,-1,666,-1,1492,-1,1492,-1,2.521991729736328,0.1800060272216797,4.091024398803711,2.927064895629883,0.00095367431640625,0.010967254638671875,0.015974044799804688,33322,94,2984,10,22,10,20,16.12997055053711,4.091024398803711,0,0,0,0,0,0,1701,1701,non_streaming
1492,-1,1492,-1,2984,-1,94,1,1492,-1,1492,-1,1492,-1,1492,-1,0.00095367431640625,0.04506111145019531,0.286102294921875,0.2980232238769531,0.028848648071289062,0.1621246337890625,0.030994415283203125,40942,94,2984,7,25,7,25,4.74095344543457,1.3079643249511719,0,0,0,0,0,0,1701,1701,non_streaming
1492,-1,1492,-1,1492,-1,1492,-1,1492,-1,1492,-1,1492,-1,1492,-1,0.7119178771972656,0.06413459777832031,0.0019073486328125,0.00095367431640625,0.0021457672119140625,0.05793571472167969,0.0019073486328125,39356,94,1492,6,26,6,26,2.9058456420898438,0.7119178771972656,0,0,0,0,0,0,1701,1701,non_streaming
1492,-1,1492,-1,1492,-1,1492,-1,94,1,1492,-1,94,1,94,1,0.0011920928955078125,0.00095367431640625,0.00095367431640625,0.03790855407714844,0.019073486328125,0.08106231689453125,0.16808509826660156,35256,94,2984,10,22,10,22,2.463102340698242,0.4839897155761719,0,0,0,0,0,0,1701,1701,non_streaming
1492,-1,1492,-1,1492,-1,1492,-1,1492,-1,1492,-1,2984,-1,1492,-1,0.00095367431640625,0.05698204040527344,0.00095367431640625,0.00095367431640625,0.06413459777832031,0.0019073486328125,0.05793571472167969,47932,94,2984,2,30,2,30,1.1677742004394531,0.34618377685546875,0,0,0,0,0,0,1701,1701,non_streaming
1492,-1,1492,-1,1492,-1,94,1,1492,-1,1492,-1,1492,-1,1492,-1,0.05507469177246094,0.00095367431640625,0.013113021850585938,0.08988380432128906,0.06103515625,0.00095367431640625,0.0011920928955078125,42246,94,2984,5,27,5,27,1.6031265258789062,0.2570152282714844,0,0,0,0,0,0,1701,1701,non_streaming
1492,-1,1492,-1,1492,-1,1492,-1,1492,-1,1492,-1,1492,-1,1492,-1,0.00095367431640625,0.0629425048828125,0.0011920928955078125,0.00095367431640625,0.05793571472167969,0.00095367431640625,0.00095367431640625,49330,94,2984,1,31,1,31,0.8440017700195312,0.2269744873046875,0,0,0,0,0,0,1701,1701,non_streaming
1492,1,1492,1,1492,1,1492,1,1492,1,1492,1,94,-1,1492,1,0.0021457672119140625,0.053882598876953125,0.0019073486328125,0.0011920928955078125,0.00095367431640625,0.05507469177246094,0.064849853515625,40754,94,1492,27,5,5,27,0.9670257568359375,0.15115737915039062,0,0,0,0,0,0,1701,1701,non_streaming
94,-1,94,-1,94,-1,1492,1,1492,1,1492,1,1492,1,1492,1,0.013113021850585938,0.0019073486328125,0.015974044799804688,0.06318092346191406,0.00095367431640625,0.00095367431640625,0.06008148193359375,43550,94,1492,29,3,3,29,0.5390644073486328,0.06413459777832031,0,0,0,0,0,0,1701,1701,non_streaming
1492,1,1492,1,1492,1,1492,1,1492,1,1492,1,1492,1,1492,1,0.0591278076171875,0.00095367431640625,0.00095367431640625,0.06008148193359375,0.00095367431640625,0.00095367431640625,0.06008148193359375,42152,94,1492,28,4,4,28,0.8950233459472656,0.09202957153320312,0,0,0,0,0,0,1701,1701,non_streaming
1492,1,1492,1,1492,1,1492,1,1492,1,1492,1,1492,1,1492,1,0.0591278076171875,0.00095367431640625,0.00095367431640625,0.00095367431640625,0.0591278076171875,0.0019073486328125,0.00095367431640625,42152,94,1492,28,4,4,28,0.6871223449707031,0.09512901306152344,0,0,0,0,0,0,1701,1701,non_streaming
1492,1,1492,1,1492,1,1492,1,1492,1,1492,1,1492,1,1492,1,0.00095367431640625,0.06103515625,0.00095367431640625,0.0011920928955078125,0.00095367431640625,0.05793571472167969,0.00095367431640625,43550,94,1492,29,3,3,29,0.8499622344970703,0.2391338348388672,0,0,0,0,0,0,1701,1701,non_streaming
94,-1,1492,1,1492,1,1492,1,94,-1,1492,1,1492,1,1492,1,0.008106231689453125,0.0019073486328125,0.00095367431640625,0.008106231689453125,0.051021575927734375,0.00095367431640625,0.0019073486328125,44948,94,1492,30,2,2,30,0.8821487426757812,0.37097930908203125,0,0,0,0,0,0,1701,1701,non_streaming
94,-1,94,-1,1492,1,94,-1,1492,1,1492,1,1492,1,1492,1,0.015020370483398438,0.025987625122070312,0.08106231689453125,0.0858306884765625,0.06318092346191406,0.00095367431640625,0.00095367431640625,42152,94,1492,28,4,4,28,0.7359981536865234,0.0858306884765625,0,0,0,0,0,0,1701,1701,non_streaming
1492,1,1492,1,1492,1,1492,1,1492,1,1492,1,1492,1,1492,1,0.00095367431640625,0.00095367431640625,0.0011920928955078125,0.055789947509765625,0.0011920928955078125,0.00095367431640625,0.06103515625,43550,94,1492,29,3,3,29,1.1479854583740234,0.5199909210205078,0,0,0,0,0,0,1701,1701,non_streaming
1492,1,1492,1,1492,1,1492,1,1492,1,1492,1,1492,1,1492,1,0.00095367431640625,0.1811981201171875,0.00095367431640625,0.4868507385253906,0.06413459777832031,0.00095367431640625,0.06008148193359375,40848,94,2984,26,6,6,26,1.4901161193847656,0.4868507385253906,0,0,0,0,0,0,1701,1701,non_streaming
1492,1,1492,1,1492,1,2984,1,1492,1,1492,1,1492,1,1492,1,0.00095367431640625,0.06103515625,0.00095367431640625,0.0591278076171875,0.00095367431640625,0.05984306335449219,0.0011920928955078125,43644,94,2984,28,4,4,28,1.074075698852539,0.1780986785888672,0,0,0,0,0,0,1701,1701,non_streaming
1492,1,1492,1,1492,1,1492,1,1492,1,1492,1,1492,1,1492,1,0.05793571472167969,0.00095367431640625,0.00095367431640625,0.06103515625,0.00095367431640625,0.0011920928955078125,0.06103515625,45042,94,2984,29,3,3,29,0.7719993591308594,0.11014938354492188,0,0,0,0,0,0,1701,1701,non_streaming
2984,1,1492,1,94,-1,94,-1,94,-1,1492,1,1492,1,1492,1,0.06103515625,0.0059604644775390625,0.010967254638671875,0.014066696166992188,0.09298324584960938,0.06103515625,0.00095367431640625,42340,94,2984,26,6,6,26,0.8809566497802734,0.09298324584960938,0,0,0,0,0,0,1701,1701,non_streaming
102,1,102,-1,94,1,611,1,94,-1,174,1,272,1,94,-1,4.087924957275391,0.6639957427978516,0.45609474182128906,3.885030746459961,18.040895462036133,0.2760887145996094,3.971099853515625,17500,94,2113,18,14,19,9,104.85005378723145,46.02694511413574,0,0,0,0,0,0,1701,1701,non_streaming
1492,-1,94,1,94,1,1492,-1,1492,-1,1492,-1,1492,-1,1492,-1,0.02002716064453125,0.04076957702636719,0.0011920928955078125,0.0019073486328125,0.0019073486328125,0.05412101745605469,0.2880096435546875,36560,94,1492,8,24,8,24,7.444858551025391,4.166126251220703,0,0,0,0,0,0,1701,1701,non_streaming
1492,-1,1492,-1,1492,-1,1492,-1,94,1,94,1,94,1,94,1,0.00095367431640625,0.00095367431640625,0.05698204040527344,0.05602836608886719,0.00095367431640625,0.6830692291259766,0.00095367431640625,39356,94,1492,6,26,6,26,2.0678043365478516,0.6830692291259766,0,0,0,0,0,0,1701,1701,non_streaming
94,1,1492,-1,1492,-1,1492,-1,1492,-1,1492,-1,1492,-1,1492,-1,0.07414817810058594,0.00095367431640625,0.00095367431640625,0.00095367431640625,0.05698204040527344,0.0021457672119140625,0.00095367431640625,43550,94,1492,3,29,3,29,1.0979175567626953,0.20503997802734375,0,0,0,0,0,0,1701,1701,non_streaming
1492,-1,1492,-1,1492,-1,1492,-1,1492,-1,1492,-1,1492,-1,1492,-1,0.05888938903808594,0.0011920928955078125,0.00095367431640625,0.00095367431640625,0.05793571472167969,0.00095367431640625,0.0011920928955078125,37958,94,1492,7,25,7,25,14.133930206298828,13.039112091064453,0,0,0,0,0,0,1701,1701,non_streaming
1492,-1,1492,-1,1492,-1,1492,-1,1492,-1,1492,-1,1492,-1,1492,-1,0.0011920928955078125,0.05888938903808594,0.00095367431640625,0.00095367431640625,0.0011920928955078125,0.00095367431640625,0.06389617919921875,39356,94,1492,6,26,6,26,0.9400844573974609,0.27108192443847656,0,0,0,0,0,0,1701,1701,non_streaming
1492,-1,1492,-1,1492,-1,1492,-1,1492,-1,1492,-1,1492,-1,1492,-1,0.00095367431640625,0.0011920928955078125,0.00095367431640625,0.05698204040527344,0.00095367431640625,0.00095367431640625,0.00095367431640625,39356,94,1492,6,26,6,26,4.722118377685547,3.1859874725341797,0,0,0,0,0,0,1701,1701,non_streaming
1492,-1,1492,-1,958,-1,1492,-1,1492,-1,1492,-1,1492,-1,1492,-1,0.00095367431640625,0.00095367431640625,0.05602836608886719,0.0021457672119140625,0.00095367431640625,0.00095367431640625,0.00095367431640625,37772,106,1492,6,26,6,24,0.96893310546875,0.40793418884277344,0,0,0,0,0,0,1701,1701,non_streaming
1492,-1,1492,-1,1492,-1,1492,-1,1492,-1,1492,-1,1492,-1,1492,-1,0.00095367431640625,0.0021457672119140625,0.00095367431640625,0.00095367431640625,0.05698204040527344,0.00095367431640625,0.0011920928955078125,45034,106,1492,1,31,2,30,0.7021427154541016,0.18310546875,0,0,0,0,0,0,1701,1701,non_streaming
1492,-1,1492,-1,1492,-1,1492,-1,1492,-1,1492,-1,106,1,1492,-1,0.06103515625,0.00095367431640625,0.00095367431640625,0.0059604644775390625,0.0021457672119140625,0.031948089599609375,0.025033950805664062,43594,106,1492,3,29,3,29,9.517908096313477,5.222082138061523,0,0,0,0,0,0,1701,1701,non_streaming
1492,-1,1492,-1,1492,-1,1492,-1,1492,-1,1492,-1,1492,-1,1492,-1,0.06604194641113281,0.00095367431640625,0.0011920928955078125,0.054836273193359375,0.0011920928955078125,0.00095367431640625,0.05888938903808594,46416,164,1492,0,32,1,31,0.6060600280761719,0.06604194641113281,0,0,0,0,0,0,1701,1701,non_streaming
102,1,102,-1,94,1,611,1,94,-1,1492,-1,1492,-1,1492,-1,3.9489269256591797,1.0981559753417969,0.3898143768310547,3.9839744567871094,14.39809799194336,0.0019073486328125,0.009059906005859375,15310,94,1492,15,17,20,7,85.48903465270996,20.9200382232666,0,0,0,0,0,0,1701,1701,non_streaming
94,1,174,1,292,1,94,-1,1492,-1,666,-1,1492,-1,1492,-1,2.9850006103515625,0.019073486328125,4.0760040283203125,2.856016159057617,0.00095367431640625,0.010967254638671875,0.026941299438476562,37704,94,2984,9,23,9,21,16.41392707824707,4.0760040283203125,0,0,0,0,0,0,1701,1701,non_streaming
1492,-1,94,1,94,1,1492,-1,1492,-1,2984,-1,1492,-1,94,1,0.02288818359375,0.5230903625488281,0.1838207244873047,0.05602836608886719,0.0011920928955078125,0.00095367431640625,0.19884109497070312,43926,94,2984,7,25,7,25,5.885839462280273,1.435995101928711,0,0,0,0,0,0,1701,1701,non_streaming
1492,-1,1492,-1,2984,-1,1492,-1,94,1,94,1,1492,-1,2984,-1,0.00095367431640625,0.00095367431640625,0.05316734313964844,0.05602836608886719,0.0019073486328125,0.35500526428222656,0.06103515625,45512,94,2984,8,24,8,24,2.686023712158203,0.38695335388183594,0,0,0,0,0,0,1701,1701,non_streaming
1492,-1,2984,-1,1492,-1,94,1,1492,-1,94,1,2984,-1,1492,-1,0.06008148193359375,0.00095367431640625,0.19788742065429688,0.4611015319824219,0.0400543212890625,0.02193450927734375,0.06389617919921875,49894,94,4476,7,25,7,25,3.437042236328125,0.6620883941650391,0,0,0,0,0,0,1701,1701,non_streaming
2984,-1,2984,-1,2984,-1,1492,-1,94,1,1492,-1,2984,-1,2984,-1,0.00095367431640625,0.06008148193359375,0.00095367431640625,0.07104873657226562,0.33783912658691406,0.06318092346191406,0.00095367431640625,51668,94,4476,10,22,10,22,2.4590492248535156,0.3838539123535156,0,0,0,0,0,0,1701,1701,non_streaming
1492,-1,2984,-1,2984,-1,1492,-1,1492,-1,2984,-1,2984,-1,94,1,0.00095367431640625,0.06318092346191406,0.00095367431640625,0.05984306335449219,0.0011920928955078125,0.06103515625,0.04982948303222656,67516,94,4476,4,28,4,28,1.8291473388671875,0.7300376892089844,0,0,0,0,0,0,1701,1701,non_streaming
1492,-1,1492,-1,1492,-1,4476,-1,1492,-1,2984,-1,2984,-1,1492,-1,0.08797645568847656,0.06198883056640625,0.00095367431640625,0.06008148193359375,0.00095367431640625,0.0629425048828125,0.00095367431640625,47474,94,4476,13,19,13,19,2.9418468475341797,0.8339881896972656,0,0,0,0,0,0,1701,1701,non_streaming
4476,-1,4476,-1,2984,-1,1492,-1,1492,-1,2984,-1,2984,-1,1492,-1,0.06103515625,0.06103515625,0.00095367431640625,0.05984306335449219,0.0011920928955078125,0.06079673767089844,0.0011920928955078125,82154,94,4476,1,31,1,31,1.302957534790039,0.1709461212158203,0,0,0,0,0,0,1701,1701,non_streaming
1492,-1,2984,-1,1492,-1,1492,-1,1492,-1,2984,-1,1492,-1,1492,-1,0.00095367431640625,0.06008148193359375,0.00095367431640625,0.08893013000488281,0.06198883056640625,0.00095367431640625,0.06103515625,65648,1492,4476,0,32,0,32,1.50299072265625,0.3871917724609375,0,0,0,0,0,0,1701,1701,non_streaming
2984,-1,1492,-1,1492,-1,1492,-1,1492,-1,2984,-1,1492,-1,1492,-1,0.00095367431640625,0.06008148193359375,0.0040531158447265625,0.00095367431640625,0.05698204040527344,0.00095367431640625,0.06008148193359375,70124,1492,4476,0,32,0,32,2.404928207397461,1.2807846069335938,0,0,0,0,0,0,1701,1701,non_streaming
1492,-1,4476,-1,1492,-1,2984,-1,2984,-1,1492,-1,1492,-1,2984,-1,0.06198883056640625,0.06103515625,0.0011920928955078125,0.06079673767089844,0.0011920928955078125,0.05984306335449219,0.00095367431640625,85044,1492,4476,0,32,0,32,1.1730194091796875,0.06318092346191406,0,0,0,0,0,0,1701,1701,non_streaming
1492,1,1492,1,1492,1,1492,1,1492,1,1492,1,1492,1,1492,1,0.0011920928955078125,0.00095367431640625,0.00095367431640625,0.05793571472167969,0.00095367431640625,0.0011920928955078125,0.00095367431640625,30968,94,1492,20,12,12,20,1.3580322265625,0.3390312194824219,0,0,0,0,0,0,1701,1701,non_streaming
1492,1,1492,1,1492,1,1492,1,1492,1,1492,1,1492,1,1492,1,0.06008148193359375,0.00095367431640625,0.00095367431640625,0.0011920928955078125,0.05698204040527344,0.00095367431640625,0.0629425048828125,46346,94,1492,31,1,1,31,0.61798095703125,0.0629425048828125,0,0,0,0,0,0,1701,1701,non_streaming
1492,1,94,-1,94,-1,1492,1,1492,1,1492,1,1492,1,1492,1,0.018835067749023438,0.014066696166992188,0.025987625122070312,0.00095367431640625,0.00095367431640625,0.0591278076171875,0.00095367431640625,37958,94,1492,25,7,7,25,0.8418560028076172,0.20503997802734375,0,0,0,0,0,0,1701,1701,non_streaming
1492,1,2984,1,1492,1,94,-1,1492,1,94,-1,94,-1,1492,1,0.0021457672119140625,0.0019073486328125,0.05602836608886719,0.0021457672119140625,0.011920928955078125,0.05602836608886719,0.13399124145507812,45042,94,2984,29,3,3,29,0.7631778717041016,0.13399124145507812,0,0,0,0,0,0,1701,1701,non_streaming
1492,1,1492,1,1492,1,2984,1,1492,1,1492,1,1492,1,1492,1,0.00095367431640625,0.05984306335449219,0.0021457672119140625,0.12183189392089844,0.06103515625,0.06318092346191406,0.00095367431640625,49236,1492,2984,32,0,0,32,0.865936279296875,0.12183189392089844,0,0,0,0,0,0,1701,1701,non_streaming
1492,1,1492,1,1492,1,1492,1,1492,1,1492,1,1492,1,1492,1,0.06103515625,0.00095367431640625,0.05888938903808594,0.0011920928955078125,0.06103515625,0.00095367431640625,0.05984306335449219,44948,94,1492,30,2,2,30,0.8139610290527344,0.07414817810058594,0,0,0,0,0,0,1701,1701,non_streaming
1492,1,1492,1,1492,1,94,-1,94,-1,1492,1,1492,1,1492,1,0.0019073486328125,0.00095367431640625,0.009059906005859375,0.025987625122070312,0.025033950805664062,0.00095367431640625,0.0019073486328125,44948,94,1492,30,2,2,30,0.7410049438476562,0.06222724914550781,0,0,0,0,0,0,1701,1701,non_streaming
1492,1,1492,1,1492,1,94,-1,94,-1,1492,1,1492,1,94,-1,0.0021457672119140625,0.00095367431640625,0.015020370483398438,0.011920928955078125,0.030994415283203125,0.00095367431640625,0.009059906005859375,42152,94,1492,28,4,4,28,0.61798095703125,0.06198883056640625,0,0,0,0,0,0,1701,1701,non_streaming
1492,1,1492,1,1492,1,1492,1,1492,1,1492,1,94,-1,94,-1,0.05984306335449219,0.06198883056640625,0.06198883056640625,0.06198883056640625,0.0021457672119140625,0.07295608520507812,0.0019073486328125,40848,94,2984,26,6,6,26,0.7398128509521484,0.07295608520507812,0,0,0,0,0,0,1701,1701,non_streaming
1492,1,1492,1,1492,1,1492,1,1492,1,1492,1,1492,1,94,-1,0.00095367431640625,0.0011920928955078125,0.05984306335449219,0.0021457672119140625,0.00095367431640625,0.00095367431640625,0.029087066650390625,37914,94,2984,24,8,8,24,0.8420944213867188,0.1220703125,0,0,0,0,0,0,1701,1701,non_streaming
1492,1,1492,1,1492,1,1492,1,1492,1,1492,1,1492,1,1492,1,0.0011920928955078125,0.00095367431640625,0.05793571472167969,0.00095367431640625,0.0011920928955078125,0.05984306335449219,0.00095367431640625,38578,122,1492,26,6,6,25,4.361152648925781,3.0298233032226562,0,0,0,0,0,0,1701,1701,non_streaming
102,1,102,-1,94,1,611,1,94,-1,1492,-1,1492,-1,1492,-1,3.9288997650146484,0.9310245513916016,0.6480216979980469,3.988027572631836,14.458894729614258,0.0030994415283203125,0.010013580322265625,15303,94,1492,15,17,20,7,75.40297508239746,14.458894729614258,0,0,0,0,0,0,1701,1701,non_streaming
94,1,174,1,292,1,94,-1,1492,-1,666,-1,1492,-1,1492,-1,1.2209415435791016,0.014066696166992188,4.144906997680664,3.0050277709960938,0.03504753112792969,0.025987625122070312,0.04506111145019531,36118,94,2984,8,24,8,22,14.839887619018555,4.144906997680664,0,0,0,0,0,0,1701,1701,non_streaming
1492,-1,1492,-1,4476,-1,1492,-1,2984,-1,94,1,1492,-1,1492,-1,0.0591278076171875,0.00095367431640625,0.06103515625,0.00095367431640625,0.16999244689941406,0.4200935363769531,0.05888938903808594,58846,94,4476,7,25,7,25,3.3440589904785156,0.6089210510253906,0,0,0,0,0,0,1701,1701,non_streaming
2984,-1,1492,-1,1492,-1,2984,-1,1492,-1,2984,-1,1492,-1,2984,-1,0.00095367431640625,0.05817413330078125,0.00095367431640625,0.06198883056640625,0.00095367431640625,0.06103515625,0.00095367431640625,58846,94,4476,7,25,7,25,1.6770362854003906,0.7569789886474609,0,0,0,0,0,0,1701,1701,non_streaming
94,1,1492,-1,2984,-1,1492,-1,94,1,1492,-1,1492,-1,4476,-1,0.12493133544921875,0.06198883056640625,0.5211830139160156,0.18596649169921875,0.12803077697753906,0.06103515625,0.00095367431640625,66306,94,4476,7,25,7,25,2.4671554565429688,0.5211830139160156,0,0,0,0,0,0,1701,1701,non_streaming
1492,-1,2984,-1,1492,-1,2984,-1,1492,-1,1492,-1,1492,-1,2984,-1,0.06103515625,0.06103515625,0.00095367431640625,0.3039836883544922,0.06198883056640625,0.00095367431640625,0.0040531158447265625,58846,94,4476,7,25,7,25,1.4688968658447266,0.3349781036376953,0,0,0,0,0,0,1701,1701,non_streaming
2984,-1,1492,-1,1492,-1,1492,-1,2984,-1,1492,-1,2984,-1,1492,-1,0.00095367431640625,0.06103515625,0.00095367431640625,0.00095367431640625,0.0591278076171875,0.00095367431640625,0.06198883056640625,55580,94,2984,4,28,4,28,0.7441043853759766,0.0629425048828125,0,0,0,0,0,0,1701,1701,non_streaming
2984,-1,2984,-1,94,1,94,1,94,1,1492,-1,2984,-1,1492,-1,0.00095367431640625,0.02193450927734375,0.0019073486328125,0.07009506225585938,0.3991127014160156,0.06389617919921875,0.00095367431640625,50082,94,2984,9,23,9,23,1.6210079193115234,0.3991127014160156,0,0,0,0,0,0,1701,1701,non_streaming
94,1,94,1,94,1,1492,-1,2984,-1,1492,-1,4476,-1,1492,-1,0.09989738464355469,0.011920928955078125,0.7650852203369141,0.06008148193359375,0.00095367431640625,0.06103515625,0.05984306335449219,64438,94,4476,3,29,3,29,1.7399787902832031,0.7650852203369141,0,0,0,0,0,0,1701,1701,non_streaming
102,1,102,-1,94,1,611,1,94,-1,174,1,272,1,94,-1,4.127979278564453,1.0111331939697266,0.5109310150146484,4.0760040283203125,18.62812042236328,0.013828277587890625,4.342079162597656,14219,94,1492,15,17,20,6,97.34702110290527,20.5078125,0,0,0,0,0,0,1701,1701,non_streaming
1492,-1,1492,-1,1492,-1,1492,-1,1492,-1,1492,-1,1492,-1,1492,-1,0.00095367431640625,0.052928924560546875,0.00095367431640625,0.05793571472167969,0.06103515625,0.6570816040039062,0.06103515625,37958,94,1492,7,25,7,25,6.705999374389648,3.3991336822509766,0,0,0,0,0,0,1701,1701,non_streaming
94,1,1492,-1,1492,-1,1492,-1,1492,-1,1492,-1,94,1,1492,-1,0.4401206970214844,0.06604194641113281,0.00095367431640625,0.00095367431640625,0.00095367431640625,0.38909912109375,0.39696693420410156,39356,94,1492,6,26,6,26,4.920005798339844,0.9539127349853516,0,0,0,0,0,0,1701,1701,non_streaming
1492,-1,1492,-1,1492,-1,1492,-1,94,1,94,1,1492,-1,1492,-1,0.00095367431640625,0.00095367431640625,0.06103515625,0.1709461212158203,0.1800060272216797,0.1709461212158203,0.00095367431640625,39450,94,2984,7,25,7,25,2.5968551635742188,0.49591064453125,0,0,0,0,0,0,1701,1701,non_streaming
94,1,1492,-1,1492,-1,1492,-1,1492,-1,1492,-1,1492,-1,1492,-1,0.08177757263183594,0.06413459777832031,0.00095367431640625,0.00095367431640625,0.00095367431640625,0.06103515625,0.0011920928955078125,36560,94,1492,8,24,8,24,2.5408267974853516,0.3650188446044922,0,0,0,0,0,0,1701,1701,non_streaming
1492,-1,1492,-1,1492,-1,1492,-1,1492,-1,1492,-1,1492,-1,1492,-1,0.0011920928955078125,0.00095367431640625,0.05793571472167969,0.00095367431640625,0.00095367431640625,0.06103515625,0.0011920928955078125,42152,94,1492,4,28,4,28,1.4481544494628906,0.4019737243652344,0,0,0,0,0,0,1701,1701,non_streaming
1492,-1,1492,-1,1492,-1,1492,-1,1492,-1,1492,-1,1492,-1,1492,-1,0.00095367431640625,0.0011920928955078125,0.05888938903808594,0.00095367431640625,0.00095367431640625,0.06103515625,0.0011920928955078125,42152,94,1492,4,28,4,28,1.3689994812011719,0.35500526428222656,0,0,0,0,0,0,1701,1701,non_streaming
1492,-1,1492,-1,1492,-1,1492,-1,1492,-1,94,1,94,1,94,1,0.0021457672119140625,0.05888938903808594,0.00095367431640625,0.0021457672119140625,0.14090538024902344,0.00095367431640625,0.011205673217773438,40754,94,1492,5,27,5,27,1.2640953063964844,0.3829002380371094,0,0,0,0,0,0,1701,1701,non_streaming
94,1,1492,-1,94,1,1492,-1,1492,-1,1492,-1,94,1,1492,-1,0.1430511474609375,0.05793571472167969,0.0059604644775390625,0.0011920928955078125,0.0019073486328125,0.06198883056640625,0.00095367431640625,42246,94,2984,5,27,5,27,0.8559226989746094,0.1430511474609375,0,0,0,0,0,0,1701,1701,non_streaming
1492,-1,1492,-1,1492,-1,1492,-1,1492,-1,1492,-1,1492,-1,1492,-1,0.00095367431640625,0.00095367431640625,0.06008148193359375,0.00095367431640625,0.00095367431640625,0.00095367431640625,0.05793571472167969,46440,94,2984,2,30,2,30,1.1928081512451172,0.36907196044921875,0,0,0,0,0,0,1701,1701,non_streaming
106,1,94,1,174,1,272,1,94,-1,1492,-1,179,-1,94,-1,0.010013580322265625,2.3839473724365234,0.2219676971435547,5.1059722900390625,1.110076904296875,0.00095367431640625,0.00095367431640625,16493,94,1492,15,17,19,8,75.20198822021484,22.727012634277344,0,0,0,0,0,0,1701,1701,non_streaming
1492,-1,1492,-1,1492,-1,1492,-1,1492,-1,1492,-1,1492,-1,1492,-1,0.025987625122070312,0.021219253540039062,0.0247955322265625,0.6430149078369141,0.029087066650390625,0.00095367431640625,0.030040740966796875,39368,94,1492,6,26,6,26,7.479190826416016,2.749919891357422,0,0,0,0,0,0,1701,1701,non_streaming
1492,-1,1492,-1,206,-1,106,1,94,1,1492,-1,1492,-1,1492,-1,0.06389617919921875,0.0011920928955078125,1.2009143829345703,0.015974044799804688,4.121065139770508,0.04982948303222656,0.0011920928955078125,33536,94,1492,9,23,9,22,106.39095306396484,90.40093421936035,0,0,0,0,0,0,1701,1701,non_streaming
1492,-1,1492,-1,1492,-1,94,1,1492,-1,1492,-1,1492,-1,1492,-1,0.06413459777832031,0.00095367431640625,0.2598762512207031,0.3781318664550781,0.019073486328125,0.02002716064453125,0.33283233642578125,36560,94,1492,8,24,8,24,3.985166549682617,0.49805641174316406,0,0,0,0,0,0,1701,1701,non_streaming
1492,-1,1492,-1,1492,-1,1492,-1,1492,-1,1492,-1,94,1,1492,-1,0.6570816040039062,0.03695487976074219,0.0011920928955078125,0.03886222839355469,0.00095367431640625,0.20003318786621094,0.6139278411865234,42152,94,1492,4,28,4,28,6.930112838745117,3.320932388305664,0,0,0,0,0,0,1701,1701,non_streaming
94,1,1492,-1,1492,-1,1492,-1,1492,-1,94,1,94,1,1492,-1,0.51116943359375,0.06103515625,0.00095367431640625,0.00095367431640625,0.051975250244140625,0.21600723266601562,0.3819465637207031,35162,94,1492,9,23,9,23,5.119085311889648,0.8108615875244141,0,0,0,0,0,0,1701,1701,non_streaming
1492,-1,1492,-1,1492,-1,94,1,94,1,1492,-1,1492,-1,1492,-1,0.025033950805664062,0.0021457672119140625,0.2689361572265625,0.598907470703125,0.18095970153808594,0.029087066650390625,0.00095367431640625,37958,94,1492,7,25,7,25,3.826141357421875,0.6949901580810547,0,0,0,0,0,0,1701,1701,non_streaming
1492,-1,1492,-1,1492,-1,1492,-1,1492,-1,1492,-1,94,1,94,1,0.04291534423828125,0.03910064697265625,0.06890296936035156,0.031948089599609375,0.00095367431640625,0.006198883056640625,0.40984153747558594,36560,94,1492,8,24,8,24,3.4418106079101562,0.6220340728759766,0,0,0,0,0,0,1701,1701,non_streaming
1492,-1,1492,-1,1492,-1,1492,-1,94,1,94,1,1492,-1,1492,-1,0.00095367431640625,0.15997886657714844,0.04315376281738281,0.11801719665527344,0.6020069122314453,0.0209808349609375,0.04696846008300781,36560,94,1492,8,24,8,24,3.6211013793945312,0.682830810546875,0,0,0,0,0,0,1701,1701,non_streaming
1492,-1,1492,-1,94,1,1492,-1,1492,-1,1492,-1,1492,-1,94,1,0.0011920928955078125,0.053882598876953125,0.3840923309326172,0.027894973754882812,0.030994415283203125,0.00095367431640625,0.28014183044433594,36560,94,1492,8,24,8,24,3.4952163696289062,0.6639957427978516,0,0,0,0,0,0,1701,1701,non_streaming
1492,-1,1492,-1,1492,-1,1492,-1,94,1,1492,-1,1492,-1,94,1,0.030994415283203125,0.031948089599609375,0.0011920928955078125,0.11491775512695312,0.186920166015625,0.041961669921875,0.025987625122070312,37958,94,1492,7,25,7,25,3.7260055541992188,1.0600090026855469,0,0,0,0,0,0,1701,1701,non_streaming
102,1,102,-1,94,1,611,1,94,-1,1492,-1,1492,-1,1492,-1,3.968954086303711,1.1851787567138672,0.8289813995361328,4.06193733215332,14.36305046081543,0.014066696166992188,0.012874603271484375,15293,94,1492,15,17,20,7,87.62812614440918,21.20494842529297,0,0,0,0,0,0,1701,1701,non_streaming
174,1,292,1,94,-1,1492,-1,666,-1,1492,-1,1492,-1,1492,-1,0.247955322265625,4.251956939697266,3.351926803588867,0.0021457672119140625,0.008821487426757812,0.012159347534179688,0.02193450927734375,34720,94,2984,9,23,9,21,14.392852783203125,4.251956939697266,0,0,0,0,0,0,1701,1701,non_streaming
1492,-1,1492,-1,1492,-1,94,1,94,1,1492,-1,1492,-1,1492,-1,0.04601478576660156,0.00095367431640625,0.008106231689453125,0.2560615539550781,0.4799365997314453,0.050067901611328125,0.00095367431640625,44020,94,2984,8,24,8,24,5.5561065673828125,1.0368824005126953,0,0,0,0,0,0,1701,1701,non_streaming
1492,-1,1492,-1,94,1,94,1,1492,-1,1492,-1,1492,-1,2984,-1,0.05817413330078125,0.14400482177734375,0.11992454528808594,0.23102760314941406,0.06198883056640625,0.00095367431640625,0.00095367431640625,42716,94,2984,10,22,10,22,2.0241737365722656,0.23102760314941406,0,0,0,0,0,0,1701,1701,non_streaming
1492,-1,1492,-1,2984,-1,94,1,2984,-1,1492,-1,2984,-1,1492,-1,0.0591278076171875,0.00095367431640625,0.03910064697265625,0.02193450927734375,0.06103515625,0.00095367431640625,0.06008148193359375,61454,94,2984,3,29,3,29,1.547098159790039,0.34499168395996094,0,0,0,0,0,0,1701,1701,non_streaming
1492,-1,2984,-1,94,1,1492,-1,94,1,1492,-1,94,1,94,1,0.00095367431640625,0.04887580871582031,0.012159347534179688,0.00095367431640625,0.0,0.00095367431640625,0.2319812774658203,47192,94,2984,10,22,10,22,1.4958381652832031,0.2551078796386719,0,0,0,0,0,0,1701,1701,non_streaming
1492,-1,1492,-1,1492,-1,94,1,1492,-1,1492,-1,1492,-1,2984,-1,0.06198883056640625,0.06198883056640625,0.05507469177246094,0.05984306335449219,0.06413459777832031,0.00095367431640625,0.00095367431640625,48402,94,2984,7,25,7,25,1.7230510711669922,0.5340576171875,0,0,0,0,0,0,1701,1701,non_streaming
94,1,1492,-1,2984,-1,1492,-1,2984,-1,2984,-1,2984,-1,1492,-1,0.15807151794433594,0.06008148193359375,0.00095367431640625,0.06103515625,0.00095367431640625,0.06008148193359375,0.00095367431640625,64626,94,4476,4,28,4,28,1.007080078125,0.15807151794433594,0,0,0,0,0,0,1701,1701,non_streaming
1492,-1,2984,-1,1492,-1,1492,-1,2984,-1,1492,-1,1492,-1,2984,-1,0.00095367431640625,0.06103515625,0.35881996154785156,0.06103515625,0.00095367431640625,0.06008148193359375,0.00095367431640625,61642,94,4476,4,28,4,28,1.2288093566894531,0.35881996154785156,0,0,0,0,0,0,1701,1701,non_streaming
94,1,1492,-1,1492,-1,2984,-1,2984,-1,1492,-1,1492,-1,94,1,0.07891654968261719,0.06198883056640625,0.00095367431640625,0.06103515625,0.0011920928955078125,0.00095367431640625,0.04887580871582031,57260,94,4476,6,26,6,26,1.3079643249511719,0.21386146545410156,0,0,0,0,0,0,1701,1701,non_streaming
102,1,102,-1,94,1,611,1,94,-1,1492,-1,2984,-1,622,-1,4.122018814086914,0.7801055908203125,0.4889965057373047,3.9598941802978516,14.580011367797852,0.012159347534179688,0.010013580322265625,15387,94,2984,16,16,21,6,86.07220649719238,18.02802085876465,0,0,0,0,0,0,1701,1701,non_streaming
106,1,94,1,174,1,292,1,94,-1,1492,-1,666,-1,1492,-1,0.01811981201171875,2.341032028198242,0.22792816162109375,4.751920700073242,3.826141357421875,0.0019073486328125,0.013113021850585938,30444,94,1492,11,21,11,19,16.601085662841797,4.751920700073242,0,0,0,0,0,0,1701,1701,non_streaming
1492,-1,1492,-1,1492,-1,1492,-1,1492,-1,1492,-1,1492,-1,1492,-1,0.026941299438476562,0.029087066650390625,0.0019073486328125,0.028133392333984375,0.03600120544433594,0.0019073486328125,0.030994415283203125,46440,94,2984,2,30,2,30,0.9250640869140625,0.2651214599609375,0,0,0,0,0,0,1701,1701,non_streaming
1492,-1,1492,-1,1492,-1,1492,-1,1492,-1,1492,-1,1492,-1,1492,-1,0.0021457672119140625,0.00095367431640625,0.06103515625,0.00095367431640625,0.0019073486328125,0.00095367431640625,0.05698204040527344,36560,94,1492,8,24,8,24,1.2929439544677734,0.3039836883544922,0,0,0,0,0,0,1701,1701,non_streaming
1492,-1,1492,-1,1492,-1,1492,-1,1492,-1,1492,-1,1492,-1,1492,-1,0.00095367431640625,0.00095367431640625,0.0591278076171875,0.0019073486328125,0.0011920928955078125,0.05888938903808594,0.00095367431640625,47744,1492,1492,0,32,0,32,0.6189346313476562,0.06389617919921875,0,0,0,0,0,0,1701,1701,non_streaming
1492,-1,1492,-1,1492,-1,1492,-1,94,1,1492,-1,94,1,1492,-1,0.00095367431640625,0.00095367431640625,0.00095367431640625,0.03790855407714844,0.019073486328125,0.03695487976074219,0.0782012939453125,36654,94,2984,9,23,9,23,1.4259815216064453,0.3409385681152344,0,0,0,0,0,0,1701,1701,non_streaming
1492,-1,1492,-1,1492,-1,1492,-1,1492,-1,1492,-1,1492,-1,1492,-1,0.05698204040527344,0.00095367431640625,0.00095367431640625,0.06198883056640625,0.00095367431640625,0.0011920928955078125,0.05984306335449219,47744,1492,1492,0,32,0,32,0.6170272827148438,0.06198883056640625,0,0,0,0,0,0,1701,1701,non_streaming
1492,-1,1492,-1,1492,-1,1492,-1,1492,-1,1492,-1,1492,-1,1492,-1,0.0019073486328125,0.0011920928955078125,0.05888938903808594,0.00095367431640625,0.00095367431640625,0.06008148193359375,0.00095367431640625,43550,94,1492,3,29,3,29,0.9090900421142578,0.13494491577148438,0,0,0,0,0,0,1701,1701,non_streaming
1492,-1,1492,-1,1492,-1,1492,-1,1492,-1,1492,-1,1492,-1,1492,-1,0.0629425048828125,0.0019073486328125,0.0011920928955078125,0.05888938903808594,0.0019073486328125,0.0011920928955078125,0.00095367431640625,40754,94,1492,5,27,5,27,1.667022705078125,0.9019374847412109,0,0,0,0,0,0,1701,1701,non_streaming
102,1,102,-1,94,1,611,1,1492,-1,179,-1,94,-1,94,1,4.063844680786133,1.5079975128173828,0.25010108947753906,26.007890701293945,0.2930164337158203,0.15091896057128906,1.6391277313232422,18139,94,1492,16,16,20,10,108.5059642791748,29.09398078918457,0,0,0,0,0,0,1701,1701,non_streaming
94,1,1492,-1,1492,-1,1492,-1,1492,-1,1492,-1,1492,-1,1492,-1,0.14400482177734375,0.06198883056640625,0.00095367431640625,0.0011920928955078125,0.05888938903808594,0.0019073486328125,0.0011920928955078125,42152,94,1492,4,28,4,28,1.6889572143554688,0.347137451171875,0,0,0,0,0,0,1701,1701,non_streaming
1492,-1,1492,-1,1492,-1,1492,-1,1492,-1,1492,-1,1492,-1,1492,-1,0.0011920928955078125,0.05984306335449219,0.0011920928955078125,0.00095367431640625,0.05984306335449219,0.0011920928955078125,0.00095367431640625,42152,94,1492,4,28,4,28,1.3701915740966797,0.25391578674316406,0,0,0,0,0,0,1701,1701,non_streaming
1492,-1,1492,-1,1492,-1,94,1,94,1,1492,-1,1492,-1,1492,-1,0.05793571472167969,0.0021457672119140625,0.09083747863769531,0.05412101745605469,0.3769397735595703,0.00095367431640625,0.06008148193359375,40754,94,1492,5,27,5,27,1.3430118560791016,0.3769397735595703,0,0,0,0,0,0,1701,1701,non_streaming
1492,-1,1492,-1,1492,-1,1492,-1,94,1,94,1,94,1,1492,-1,0.00095367431640625,0.00095367431640625,0.05793571472167969,0.049114227294921875,0.014066696166992188,0.15878677368164062,0.03218650817871094,43550,94,1492,3,29,3,29,0.8130073547363281,0.15878677368164062,0,0,0,0,0,0,1701,1701,non_streaming
1492,-1,1492,-1,1492,-1,94,1,94,1,94,1,1492,-1,1492,-1,0.05793571472167969,0.0021457672119140625,0.1659393310546875,0.1609325408935547,0.05507469177246094,0.05888938903808594,0.00095367431640625,35162,94,1492,9,23,9,23,1.6100406646728516,0.3650188446044922,0,0,0,0,0,0,1701,1701,non_streaming
1492,-1,1492,-1,1492,-1,1492,-1,1492,-1,1492,-1,1492,-1,1492,-1,0.00095367431640625,0.06008148193359375,0.0019073486328125,0.0591278076171875,0.00095367431640625,0.0019073486328125,0.05698204040527344,39356,94,1492,6,26,6,26,0.8120536804199219,0.1468658447265625,0,0,0,0,0,0,1701,1701,non_streaming
1492,-1,1492,-1,1492,-1,1492,-1,1492,-1,1492,-1,1492,-1,1492,-1,0.05888938903808594,0.0021457672119140625,0.00095367431640625,0.0629425048828125,0.00095367431640625,0.0021457672119140625,0.05984306335449219,39356,94,1492,6,26,6,26,0.6248950958251953,0.0629425048828125,0,0,0,0,0,0,1701,1701,non_streaming
1492,-1,1492,-1,1492,-1,1492,-1,1492,-1,1492,-1,1492,-1,1492,-1,0.0019073486328125,0.00095367431640625,0.0591278076171875,0.0019073486328125,0.00095367431640625,0.0591278076171875,0.0019073486328125,44948,94,1492,2,30,2,30,1.1379718780517578,0.2949237823486328,0,0,0,0,0,0,1701,1701,non_streaming
1492,-1,1492,-1,94,1,1492,-1,1492,-1,1492,-1,1492,-1,1492,-1,0.0011920928955078125,0.054836273193359375,0.0050067901611328125,0.0021457672119140625,0.05698204040527344,0.0019073486328125,0.00095367431640625,44948,94,1492,2,30,2,30,0.6821155548095703,0.08893013000488281,0,0,0,0,0,0,1701,1701,non_streaming
1492,-1,1492,-1,1492,-1,1492,-1,1492,-1,1492,-1,1492,-1,1492,-1,0.06198883056640625,0.06008148193359375,0.0021457672119140625,0.05698204040527344,0.00095367431640625,0.06103515625,0.00095367431640625,36560,94,1492,8,24,8,24,1.230001449584961,0.3960132598876953,0,0,0,0,0,0,1701,1701,non_streaming
94,1,94,1,94,1,1492,-1,1492,-1,1492,-1,1492,-1,1492,-1,0.00095367431640625,0.03814697265625,0.0,0.06103515625,0.0629425048828125,0.0019073486328125,0.0021457672119140625,40754,94,1492,5,27,5,27,0.5991458892822266,0.0629425048828125,0,0,0,0,0,0,1701,1701,non_streaming
1492,-1,1492,-1,1492,-1,1492,-1,1492,-1,1492,-1,1492,-1,1492,-1,0.00095367431640625,0.14400482177734375,0.0629425048828125,0.00095367431640625,0.0011920928955078125,0.05888938903808594,0.00095367431640625,47744,1492,1492,0,32,0,32,0.7638931274414062,0.14400482177734375,0,0,0,0,0,0,1701,1701,non_streaming
1492,-1,1492,-1,1492,-1,1492,-1,1492,-1,1492,-1,2984,-1,94,1,0.0011920928955078125,0.05793571472167969,0.00095367431640625,0.00095367431640625,0.06008148193359375,0.00095367431640625,0.04792213439941406,43738,94,2984,5,27,5,27,0.9250640869140625,0.1308917999267578,0,0,0,0,0,0,1701,1701,non_streaming
1492,-1,1492,-1,1492,-1,1492,-1,1492,-1,2984,-1,1492,-1,1492,-1,0.0011920928955078125,0.00095367431640625,0.06103515625,0.00095367431640625,0.00095367431640625,0.05793571472167969,0.00095367431640625,47932,94,2984,2,30,2,30,0.6780624389648438,0.06103515625,0,0,0,0,0,0,1701,1701,non_streaming
1492,-1,1492,-1,1492,-1,1492,-1,1492,-1,94,1,1492,-1,1492,-1,0.06008148193359375,0.00095367431640625,0.06103515625,0.00095367431640625,0.03600120544433594,0.024080276489257812,0.00095367431640625,42246,94,2984,5,27,5,27,0.9109973907470703,0.15020370483398438,0,0,0,0,0,0,1701,1701,non_streaming
1492,-1,2984,-1,1492,-1,1492,-1,1492,-1,1492,-1,1492,-1,1492,-1,0.00095367431640625,0.0591278076171875,0.06198883056640625,0.00095367431640625,0.06198883056640625,0.00095367431640625,0.0591278076171875,42246,94,2984,5,27,5,27,0.96893310546875,0.12087821960449219,0,0,0,0,0,0,1701,1701,non_streaming
1492,-1,1492,-1,2984,-1,1492,-1,1492,-1,1492,-1,1492,-1,1492,-1,0.00095367431640625,0.0011920928955078125,0.05698204040527344,0.00095367431640625,0.06389617919921875,0.00095367431640625,0.0011920928955078125,46534,94,2984,3,29,3,29,0.86212158203125,0.06413459777832031,0,0,0,0,0,0,1701,1701,non_streaming
1492,-1,1492,-1,1492,-1,94,1,94,1,94,1,1492,-1,94,1,0.05793571472167969,0.00095367431640625,0.030040740966796875,0.015020370483398438,0.00095367431640625,0.014066696166992188,0.10800361633300781,35256,94,2984,10,22,10,22,1.3070106506347656,0.15497207641601562,0,0,0,0,0,0,1701,1701,non_streaming
1492,-1,2984,-1,1492,-1,2984,-1,1492,-1,1492,-1,1492,-1,1492,-1,0.00095367431640625,0.0629425048828125,0.0011920928955078125,0.05984306335449219,0.0011920928955078125,0.00095367431640625,0.00095367431640625,43832,94,2984,6,26,6,26,0.9419918060302734,0.1468658447265625,0,0,0,0,0,0,1701,1701,non_streaming
1492,-1,1492,-1,1492,-1,1492,-1,1492,-1,1492,-1,1492,-1,1492,-1,0.0011920928955078125,0.00095367431640625,0.05888938903808594,0.00095367431640625,0.0011920928955078125,0.00095367431640625,0.05888938903808594,47838,94,2984,1,31,1,31,0.5190372467041016,0.06699562072753906,0,0,0,0,0,0,1701,1701,non_streaming
1492,-1,1492,-1,1492,-1,1492,-1,1492,-1,1492,-1,1492,-1,1492,-1,0.00095367431640625,0.00095367431640625,0.06198883056640625,0.00095367431640625,0.0011920928955078125,0.00095367431640625,0.05888938903808594,46440,94,2984,2,30,2,30,1.2638568878173828,0.7030963897705078,0,0,0,0,0,0,1701,1701,non_streaming
1492,-1,1492,-1,1492,-1,1492,-1,1492,-1,1492,-1,1492,-1,1492,-1,0.00095367431640625,0.00095367431640625,0.06008148193359375,0.00095367431640625,0.00095367431640625,0.00095367431640625,0.0591278076171875,40848,94,2984,6,26,6,26,1.0900497436523438,0.3509521484375,0,0,0,0,0,0,1701,1701,non_streaming
94,1,102,-1,102,1,94,-1,611,-1,94,1,1492,1,1492,1,21.809816360473633,3.9250850677490234,0.8950233459472656,0.7569789886474609,3.885984420776367,14.410018920898438,0.010013580322265625,27309,94,1492,22,10,12,16,57.99579620361328,21.809816360473633,0,0,0,0,0,0,1701,1701,non_streaming
94,-1,94,-1,94,-1,1492,1,1492,1,1492,1,1492,1,1492,1,0.014066696166992188,0.37097930908203125,3.317117691040039,0.041961669921875,0.4010200500488281,0.0438690185546875,0.04410743713378906,40754,94,1492,27,5,5,27,22.26400375366211,16.119956970214844,0,0,0,0,0,0,1701,1701,non_streaming
1492,1,1492,1,1492,1,1492,1,1492,1,1492,1,1492,1,1492,1,0.052928924560546875,0.0019073486328125,0.00095367431640625,0.05817413330078125,0.0019073486328125,0.00095367431640625,0.00095367431640625,43550,94,1492,29,3,3,29,0.8769035339355469,0.21600723266601562,0,0,0,0,0,0,1701,1701,non_streaming
1492,1,1492,1,1492,1,1492,1,1492,1,94,-1,94,-1,1492,1,0.06413459777832031,0.0019073486328125,0.00095367431640625,0.0011920928955078125,0.08487701416015625,0.0019073486328125,0.24509429931640625,43550,94,1492,29,3,3,29,4.951000213623047,4.005908966064453,0,0,0,0,0,0,1701,1701,non_streaming
1492,1,94,-1,94,-1,1492,1,1492,1,1492,1,1492,1,1492,1,0.20885467529296875,0.015020370483398438,0.049114227294921875,0.06389617919921875,0.00095367431640625,0.00095367431640625,0.06008148193359375,46440,94,2984,30,2,2,30,0.8349418640136719,0.20885467529296875,0,0,0,0,0,0,1701,1701,non_streaming
94,-1,94,-1,1492,1,1492,1,1492,1,1492,1,1492,1,1492,1,0.0030994415283203125,0.02384185791015625,0.1552104949951172,0.0629425048828125,0.00095367431640625,0.00095367431640625,0.0591278076171875,46440,94,2984,30,2,2,30,0.7989406585693359,0.1552104949951172,0,0,0,0,0,0,1701,1701,non_streaming
94,-1,94,-1,1492,1,1492,1,94,-1,94,-1,94,-1,94,-1,0.010967254638671875,0.026941299438476562,0.0011920928955078125,0.07081031799316406,0.013113021850585938,0.0019073486328125,0.1671314239501953,33764,94,1492,22,10,10,22,1.1200904846191406,0.44798851013183594,0,0,0,0,0,0,1701,1701,non_streaming
1492,1,1492,1,1492,1,1492,1,1492,1,1492,1,1492,1,1492,1,0.06198883056640625,0.00095367431640625,0.0019073486328125,0.0011920928955078125,0.05698204040527344,0.00095367431640625,0.00095367431640625,43550,94,1492,29,3,3,29,0.6668567657470703,0.1220703125,0,0,0,0,0,0,1701,1701,non_streaming
102,1,102,-1,94,1,611,1,94,-1,1492,-1,1492,-1,1492,-1,4.106044769287109,1.255035400390625,0.9047985076904297,4.117012023925781,14.384031295776367,0.0030994415283203125,0.011920928955078125,15303,94,1492,15,17,20,7,77.52299308776855,14.384031295776367,0,0,0,0,0,0,1701,1701,non_streaming
94,1,174,1,292,1,94,-1,1492,-1,666,-1,1492,-1,1492,-1,2.190113067626953,0.19598007202148438,4.119873046875,3.069162368774414,0.00095367431640625,0.0209808349609375,0.00095367431640625,33228,94,1492,9,23,9,21,15.931129455566406,4.119873046875,0,0,0,0,0,0,1701,1701,non_streaming
1492,-1,1492,-1,1492,-1,1492,-1,94,1,1492,-1,1492,-1,1492,-1,0.0021457672119140625,0.00095367431640625,0.04696846008300781,0.30112266540527344,0.6020069122314453,0.053882598876953125,0.0019073486328125,37958,94,1492,7,25,7,25,5.679130554199219,0.8990764617919922,0,0,0,0,0,0,1701,1701,non_streaming
1492,-1,1492,-1,1492,-1,1492,-1,1492,-1,1492,-1,94,1,94,1,0.00095367431640625,0.00095367431640625,0.00095367431640625,0.05602836608886719,0.00095367431640625,0.17023086547851562,0.012874603271484375,40848,94,2984,6,26,6,26,2.650022506713867,0.6060600280761719,0,0,0,0,0,0,1701,1701,non_streaming
1492,-1,1492,-1,1492,-1,1492,-1,1492,-1,94,1,1492,-1,1492,-1,0.06198883056640625,0.00095367431640625,0.00095367431640625,0.05793571472167969,0.7121562957763672,0.14400482177734375,0.05793571472167969,42246,94,2984,5,27,5,27,3.0639171600341797,0.7121562957763672,0,0,0,0,0,0,1701,1701,non_streaming
1492,-1,1492,-1,1492,-1,1492,-1,1492,-1,1492,-1,1492,-1,1492,-1,0.06389617919921875,0.00095367431640625,0.0011920928955078125,0.00095367431640625,0.05698204040527344,0.00095367431640625,0.00095367431640625,42152,94,1492,4,28,4,28,1.6129016876220703,0.640869140625,0,0,0,0,0,0,1701,1701,non_streaming
1492,-1,1492,-1,1492,-1,1492,-1,1492,-1,1492,-1,1492,-1,1492,-1,0.0011920928955078125,0.06079673767089844,0.0011920928955078125,0.00095367431640625,0.06103515625,0.00095367431640625,0.00095367431640625,44948,94,1492,2,30,2,30,1.934051513671875,0.45800209045410156,0,0,0,0,0,0,1701,1701,non_streaming
1492,-1,1492,-1,94,1,94,1,1492,-1,1492,-1,1492,-1,1492,-1,0.00095367431640625,0.09202957153320312,0.015020370483398438,0.2498626708984375,0.06318092346191406,0.00095367431640625,0.00095367431640625,45042,94,2984,3,29,3,29,1.9259452819824219,0.8268356323242188,0,0,0,0,0,0,1701,1701,non_streaming
1492,-1,1492,-1,1492,-1,1492,-1,1492,-1,1492,-1,1492,-1,1492,-1,0.0011920928955078125,0.00095367431640625,0.05793571472167969,0.00095367431640625,0.00095367431640625,0.06103515625,0.00095367431640625,43550,94,1492,3,29,3,29,1.3120174407958984,0.4711151123046875,0,0,0,0,0,0,1701,1701,non_streaming
1492,-1,1492,-1,1492,-1,1492,-1,1492,-1,1492,-1,1492,-1,1492,-1,0.0011920928955078125,0.00095367431640625,0.05793571472167969,0.00095367431640625,0.00095367431640625,0.06222724914550781,0.00095367431640625,32366,94,1492,11,21,11,21,1.444101333618164,0.9210109710693359,0,0,0,0,0,0,1701,1701,non_streaming
1492,-1,1492,-1,1492,-1,1492,-1,1492,-1,1492,-1,1492,-1,1492,-1,0.06008148193359375,0.00095367431640625,0.00095367431640625,0.00095367431640625,0.05793571472167969,0.0011920928955078125,0.00095367431640625,47744,1492,1492,0,32,0,32,0.6170272827148438,0.0629425048828125,0,0,0,0,0,0,1701,1701,non_streaming
106,1,94,1,174,1,292,1,94,-1,2158,-1,1492,-1,1492,-1,0.015974044799804688,2.7740001678466797,0.016927719116210938,4.221200942993164,3.0269622802734375,0.00095367431640625,0.030994415283203125,39396,94,2984,11,21,11,20,16.848087310791016,4.221200942993164,0,0,0,0,0,0,1701,1701,non_streaming
94,1,1492,-1,4476,-1,94,1,1492,-1,94,1,1492,-1,4476,-1,0.40602684020996094,0.06198883056640625,0.049114227294921875,0.011920928955078125,0.1430511474609375,0.5800724029541016,0.00095367431640625,54558,94,4476,9,23,9,23,5.964040756225586,1.5490055084228516,0,0,0,0,0,0,1701,1701,non_streaming
2984,-1,1492,-1,1492,-1,94,1,94,1,94,1,1492,-1,1492,-1,0.06103515625,0.00095367431640625,0.1270771026611328,0.008821487426757812,0.2880096435546875,0.25200843811035156,0.06198883056640625,47098,94,4476,9,23,9,23,3.509044647216797,0.6139278411865234,0,0,0,0,0,0,1701,1701,non_streaming
1492,-1,2984,-1,94,1,94,1,94,1,94,1,1492,-1,2984,-1,0.00095367431640625,0.1819133758544922,0.24008750915527344,0.29206275939941406,0.014066696166992188,0.11396408081054688,0.06580352783203125,48684,94,4476,10,22,10,22,2.7740001678466797,0.39887428283691406,0,0,0,0,0,0,1701,1701,non_streaming
2984,-1,2984,-1,2984,-1,1492,-1,4476,-1,4476,-1,1492,-1,2984,-1,0.00095367431640625,0.06008148193359375,0.00095367431640625,0.0629425048828125,0.06198883056640625,0.06103515625,0.00095367431640625,63322,94,4476,7,25,7,25,2.1750926971435547,0.6389617919921875,0,0,0,0,0,0,1701,1701,non_streaming
2984,-1,1492,-1,1492,-1,2984,-1,1492,-1,1492,-1,1492,-1,1492,-1,0.00095367431640625,0.06103515625,0.00095367431640625,0.00095367431640625,0.06008148193359375,0.00095367431640625,0.06103515625,61172,1492,2984,0,32,0,32,0.8399486541748047,0.15401840209960938,0,0,0,0,0,0,1701,1701,non_streaming
1492,-1,2984,-1,1492,-1,1492,-1,2984,-1,1492,-1,1492,-1,2984,-1,0.00095367431640625,0.0011920928955078125,0.05984306335449219,0.00095367431640625,0.06222724914550781,0.00095367431640625,0.00095367431640625,58564,94,4476,4,28,4,28,1.2011528015136719,0.2601146697998047,0,0,0,0,0,0,1701,1701,non_streaming
1492,-1,1492,-1,1492,-1,1492,-1,1492,-1,1492,-1,1492,-1,1492,-1,0.00095367431640625,0.0011920928955078125,0.05602836608886719,0.0019073486328125,0.00095367431640625,0.06103515625,0.00095367431640625,40754,94,1492,5,27,5,27,1.0001659393310547,0.29206275939941406,0,0,0,0,0,0,1701,1701,non_streaming
1492,-1,1492,-1,1492,-1,1492,-1,1492,-1,2984,-1,1492,-1,1492,-1,0.053882598876953125,0.00095367431640625,0.0011920928955078125,0.06198883056640625,0.00095367431640625,0.06103515625,0.00095367431640625,42246,94,2984,5,27,5,27,0.8029937744140625,0.10895729064941406,0,0,0,0,0,0,1701,1701,non_streaming
1492,-1,1492,-1,1492,-1,1492,-1,1492,-1,1492,-1,1492,-1,1492,-1,0.0021457672119140625,0.055789947509765625,0.0011920928955078125,0.0019073486328125,0.00095367431640625,0.05602836608886719,0.0021457672119140625,37958,94,1492,7,25,7,25,1.0919570922851562,0.19979476928710938,0,0,0,0,0,0,1701,1701,non_streaming
1492,-1,1492,-1,1492,-1,1492,-1,1492,-1,1492,-1,1492,-1,1492,-1,0.00095367431640625,0.00095367431640625,0.00095367431640625,0.0591278076171875,0.00095367431640625,0.00095367431640625,0.00095367431640625,45042,94,2984,3,29,3,29,0.9028911590576172,0.15592575073242188,0,0,0,0,0,0,1701,1701,non_streaming
94,1,94,1,94,1,94,1,94,1,1492,-1,94,1,1492,-1,0.0021457672119140625,0.012874603271484375,0.0021457672119140625,0.025033950805664062,0.016927719116210938,0.03695487976074219,0.025033950805664062,38146,94,2984,9,23,9,23,0.8471012115478516,0.14495849609375,0,0,0,0,0,0,1701,1701,non_streaming
1492,-1,1492,-1,1492,-1,94,1,1492,-1,1492,-1,1492,-1,1492,-1,0.00095367431640625,0.0021457672119140625,0.23698806762695312,0.11181831359863281,0.0011920928955078125,0.06198883056640625,0.0019073486328125,43550,94,1492,3,29,3,29,1.1439323425292969,0.4210472106933594,0,0,0,0,0,0,1701,1701,non_streaming
1492,-1,1492,-1,1492,-1,1492,-1,1492,-1,1492,-1,1492,-1,1492,-1,0.0011920928955078125,0.06079673767089844,0.0011920928955078125,0.0019073486328125,0.00095367431640625,0.00095367431640625,0.06604194641113281,43550,94,1492,3,29,3,29,1.1889934539794922,0.5230903625488281,0,0,0,0,0,0,1701,1701,non_streaming
1492,-1,1492,-1,1492,-1,1492,-1,2984,-1,2984,-1,1492,-1,1492,-1,0.00095367431640625,0.00095367431640625,0.00095367431640625,0.00095367431640625,0.06508827209472656,0.00095367431640625,0.00095367431640625,50916,94,2984,2,30,2,30,0.7097721099853516,0.12302398681640625,0,0,0,0,0,0,1701,1701,non_streaming
1492,-1,1492,-1,1492,-1,1492,-1,94,1,1492,-1,1492,-1,1492,-1,0.06198883056640625,0.00095367431640625,0.00095367431640625,0.030040740966796875,0.03695487976074219,0.1590251922607422,0.12493133544921875,40978,94,2984,7,25,7,25,1.6748905181884766,0.2651214599609375,0,0,0,0,0,0,1701,1701,non_streaming
1492,-1,1492,-1,1492,-1,1492,-1,1492,-1,1492,-1,1492,-1,2984,-1,0.06103515625,0.0629425048828125,0.00095367431640625,0.00095367431640625,0.00095367431640625,0.06008148193359375,0.00095367431640625,49464,114,2984,2,30,2,30,1.5490055084228516,0.9129047393798828,0,0,0,0,0,0,1701,1701,non_streaming
1492,1,666,1,1492,1,1492,1,1492,1,1492,1,1492,1,1492,1,0.0021457672119140625,0.06008148193359375,0.00095367431640625,0.00095367431640625,0.053882598876953125,0.0011920928955078125,0.05793571472167969,38530,94,1492,26,6,6,25,7.618188858032227,3.4079551696777344,0,0,0,0,0,0,1701,1701,non_streaming
1492,1,1492,1,1492,1,1492,1,1492,1,94,-1,94,-1,94,-1,0.06198883056640625,0.0019073486328125,0.00095367431640625,0.3771781921386719,0.07390975952148438,0.23293495178222656,0.26702880859375,39356,94,1492,26,6,6,26,3.813028335571289,0.9641647338867188,0,0,0,0,0,0,1701,1701,non_streaming
1492,1,94,-1,94,-1,94,-1,94,-1,1492,1,1492,1,1492,1,0.15497207641601562,0.26607513427734375,0.24890899658203125,0.015020370483398438,0.2079010009765625,0.0021457672119140625,0.00095367431640625,36560,94,1492,24,8,8,24,5.95402717590332,3.3822059631347656,0,0,0,0,0,0,1701,1701,non_streaming
1492,1,1492,1,1492,1,1492,1,1492,1,1492,1,94,-1,94,-1,0.0021457672119140625,0.05698204040527344,0.00286102294921875,0.0011920928955078125,0.0019073486328125,0.0030994415283203125,0.26488304138183594,40754,94,1492,27,5,5,27,1.5480518341064453,0.32210350036621094,0,0,0,0,0,0,1701,1701,non_streaming
1492,1,1492,1,94,-1,1492,1,94,-1,94,-1,94,-1,94,-1,0.00095367431640625,0.031948089599609375,0.025987625122070312,0.016927719116210938,0.015020370483398438,0.05698204040527344,0.11515617370605469,39356,94,1492,26,6,6,26,1.3799667358398438,0.2989768981933594,0,0,0,0,0,0,1701,1701,non_streaming
1492,1,1492,1,1492,1,94,-1,94,-1,94,-1,94,-1,1492,1,0.05793571472167969,0.00095367431640625,0.10013580322265625,0.0019073486328125,0.09703636169433594,0.2770423889160156,0.14591217041015625,39356,94,1492,26,6,6,26,1.116037368774414,0.2770423889160156,0,0,0,0,0,0,1701,1701,non_streaming
1492,1,94,-1,1492,1,1492,1,1492,1,94,-1,1492,1,1492,1,0.0209808349609375,0.32591819763183594,0.06318092346191406,0.00095367431640625,0.012874603271484375,0.04696846008300781,0.0011920928955078125,36560,94,1492,24,8,8,24,1.0640621185302734,0.32591819763183594,0,0,0,0,0,0,1701,1701,non_streaming
1492,1,1492,1,1492,1,1492,1,1492,1,1492,1,1492,1,1492,1,0.05817413330078125,0.00095367431640625,0.00095367431640625,0.06103515625,0.00095367431640625,0.00095367431640625,0.06103515625,39356,94,1492,26,6,6,26,1.0180473327636719,0.3380775451660156,0,0,0,0,0,0,1701,1701,non_streaming
1492,1,1492,1,1492,1,1492,1,1492,1,1492,1,1492,1,1492,1,0.00095367431640625,0.00095367431640625,0.05698204040527344,0.00095367431640625,0.0011920928955078125,0.06079673767089844,0.0011920928955078125,44948,94,1492,30,2,2,30,0.6868839263916016,0.0629425048828125,0,0,0,0,0,0,1701,1701,non_streaming
1492,1,1492,1,1492,1,1492,1,1492,1,1492,1,1492,1,1492,1,0.0011920928955078125,0.05793571472167969,0.00095367431640625,0.00095367431640625,0.0591278076171875,0.0019073486328125,0.00095367431640625,43550,94,1492,29,3,3,29,0.9059906005859375,0.23698806762695312,0,0,0,0,0,0,1701,1701,non_streaming
102,1,102,-1,94,1,611,1,94,-1,1492,-1,1492,-1,1492,-1,4.060029983520508,1.180887222290039,0.8161067962646484,4.004001617431641,14.281034469604492,0.011920928955078125,0.0019073486328125,15304,94,1492,15,17,20,7,81.29501342773438,15.73801040649414,0,0,0,0,0,0,1701,1701,non_streaming
94,1,174,1,292,1,94,-1,1492,-1,666,-1,1492,-1,1492,-1,2.6090145111083984,0.013113021850585938,4.530906677246094,2.8829574584960938,0.0011920928955078125,0.0209808349609375,0.019788742065429688,31830,94,1492,10,22,10,20,16.550064086914062,4.530906677246094,0,0,0,0,0,0,1701,1701,non_streaming
1492,-1,2984,-1,1492,-1,1492,-1,94,1,94,1,1492,-1,1492,-1,0.0438690185546875,0.0011920928955078125,0.04601478576660156,0.19693374633789062,0.3440380096435547,0.17786026000976562,0.051975250244140625,39638,94,2984,9,23,9,23,4.541873931884766,0.74005126953125,0,0,0,0,0,0,1701,1701,non_streaming
1492,-1,1492,-1,1492,-1,94,1,1492,-1,1492,-1,94,1,1492,-1,0.00095367431640625,0.00095367431640625,0.049114227294921875,0.009059906005859375,0.00095367431640625,0.11396408081054688,0.3910064697265625,40848,94,2984,6,26,6,26,2.613067626953125,0.3910064697265625,0,0,0,0,0,0,1701,1701,non_streaming
1492,-1,1492,-1,1492,-1,1492,-1,1492,-1,1492,-1,1492,-1,94,1,0.0011920928955078125,0.06198883056640625,0.0069141387939453125,0.0019073486328125,0.051021575927734375,0.00095367431640625,0.05221366882324219,43644,94,2984,4,28,4,28,1.5711784362792969,0.6418228149414062,0,0,0,0,0,0,1701,1701,non_streaming
94,1,1492,-1,94,1,94,1,94,1,1492,-1,1492,-1,2984,-1,0.010967254638671875,0.03695487976074219,0.21696090698242188,0.67901611328125,0.42700767517089844,0.05793571472167969,0.00095367431640625,39638,94,2984,9,23,9,23,2.08282470703125,0.67901611328125,0,0,0,0,0,0,1701,1701,non_streaming
1492,-1,1492,-1,1492,-1,1492,-1,1492,-1,2984,-1,1492,-1,1492,-1,0.0011920928955078125,0.00095367431640625,0.06103515625,0.00095367431640625,0.00095367431640625,0.05793571472167969,0.00095367431640625,49236,1492,2984,0,32,0,32,1.8451213836669922,1.2791156768798828,0,0,0,0,0,0,1701,1701,non_streaming
1492,-1,1492,-1,1492,-1,1492,-1,1492,-1,1492,-1,2984,-1,1492,-1,0.00095367431640625,0.00095367431640625,0.05817413330078125,0.00095367431640625,0.00095367431640625,0.06198883056640625,0.00095367431640625,46534,94,2984,3,29,3,29,0.6968975067138672,0.13303756713867188,0,0,0,0,0,0,1701,1701,non_streaming
1492,-1,1492,-1,2984,-1,1492,-1,1492,-1,1492,-1,1492,-1,1492,-1,0.05793571472167969,0.0019073486328125,0.06103515625,0.00095367431640625,0.0011920928955078125,0.00095367431640625,0.05793571472167969,40942,94,2984,7,25,7,25,0.8399486541748047,0.1728534698486328,0,0,0,0,0,0,1701,1701,non_streaming
292,-1,94,1,1492,1,666,1,1492,1,1492,1,1492,1,1492,1,4.07099723815918,3.4799575805664062,0.0019073486328125,0.014066696166992188,0.0209808349609375,0.014066696166992188,0.017881393432617188,34546,94,1492,24,8,8,22,14.248847961425781,4.07099723815918,0,0,0,0,0,0,1701,1701,non_streaming
1492,1,94,-1,94,-1,1492,1,1492,1,1492,1,1492,1,1492,1,0.04506111145019531,0.1690387725830078,0.32591819763183594,0.06198883056640625,0.0011920928955078125,0.00095367431640625,0.05793571472167969,40754,94,1492,27,5,5,27,2.994060516357422,0.5409717559814453,0,0,0,0,0,0,1701,1701,non_streaming
1492,1,94,-1,94,-1,94,-1,1492,1,1492,1,1492,1,1492,1,0.019073486328125,0.2040863037109375,0.45800209045410156,0.18596649169921875,0.06103515625,0.00095367431640625,0.00095367431640625,35162,94,1492,23,9,9,23,2.627134323120117,0.45800209045410156,0,0,0,0,0,0,1701,1701,non_streaming
1492,1,1492,1,1492,1,1492,1,1492,1,1492,1,1492,1,1492,1,0.06198883056640625,0.00095367431640625,0.00095367431640625,0.06008148193359375,0.00095367431640625,0.00095367431640625,0.0019073486328125,44948,94,1492,30,2,2,30,1.2369155883789062,0.4601478576660156,0,0,0,0,0,0,1701,1701,non_streaming
1492,1,1492,1,1492,1,1492,1,1492,1,1492,1,1492,1,1492,1,0.2429485321044922,0.06103515625,0.00095367431640625,0.06103515625,0.00095367431640625,0.00095367431640625,0.10514259338378906,46628,94,2984,29,3,3,29,1.6689300537109375,0.3509521484375,0,0,0,0,0,0,1701,1701,non_streaming
188,-1,94,-1,188,-1,94,-1,1492,1,1492,1,1492,1,1492,1,0.015974044799804688,0.00095367431640625,0.0011920928955078125,0.2589225769042969,0.0629425048828125,0.00095367431640625,0.00095367431640625,35444,94,2984,22,10,10,22,1.5709400177001953,0.4208087921142578,0,0,0,0,0,0,1701,1701,non_streaming
1492,1,1492,1,1492,1,1492,1,1492,1,1492,1,1492,1,1492,1,0.0011920928955078125,0.00095367431640625,0.00095367431640625,0.05888938903808594,0.0011920928955078125,0.00095367431640625,0.05984306335449219,42340,94,2984,26,6,6,26,1.3082027435302734,0.2899169921875,0,0,0,0,0,0,1701,1701,non_streaming
94,-1,94,-1,94,-1,1492,1,1492,1,1492,1,1492,1,1492,1,0.015020370483398438,0.30803680419921875,0.13113021850585938,0.31280517578125,0.0591278076171875,0.00095367431640625,0.00095367431640625,46534,94,2984,29,3,3,29,1.516103744506836,0.31280517578125,0,0,0,0,0,0,1701,1701,non_streaming
1492,1,1492,1,1492,1,1492,1,1492,1,1492,1,1492,1,1492,1,0.0591278076171875,0.00095367431640625,0.00095367431640625,0.06008148193359375,0.00095367431640625,0.00095367431640625,0.0591278076171875,46534,94,2984,30,2,2,30,1.3260841369628906,0.37217140197753906,0,0,0,0,0,0,1701,1701,non_streaming
1492,1,1492,1,1492,1,1492,1,1492,1,1492,1,1492,1,1492,1,0.00095367431640625,0.0591278076171875,0.00095367431640625,0.00095367431640625,0.06008148193359375,0.00095367431640625,0.00095367431640625,40942,94,2984,26,6,6,26,0.8459091186523438,0.1468658447265625,0,0,0,0,0,0,1701,1701,non_streaming
1492,1,2984,1,2984,1,1492,1,2984,1,1492,1,1492,1,4476,1,0.0011920928955078125,0.0629425048828125,0.00095367431640625,0.06008148193359375,0.00095367431640625,0.06103515625,0.00095367431640625,66400,94,4476,26,6,6,26,1.3852119445800781,0.28896331787109375,0,0,0,0,0,0,1701,1701,non_streaming
1492,1,1492,1,2984,1,2984,1,1492,1,1492,1,2984,1,94,-1,0.00095367431640625,0.0629425048828125,0.06103515625,0.06103515625,0.00095367431640625,0.06103515625,0.0040531158447265625,48590,94,4476,23,9,9,23,16.391992568969727,10.241985321044922,0,0,0,0,0,0,1701,1701,non_streaming
2984,1,1492,1,2984,1,1492,1,2984,1,2984,1,2984,1,2984,1,0.06008148193359375,0.00095367431640625,0.06008148193359375,0.00095367431640625,0.06103515625,0.00095367431640625,0.06103515625,70856,122,4476,26,6,6,26,15.697956085205078,7.629871368408203,0,0,0,0,0,0,1701,1701,non_streaming
1492,1,2984,1,1492,1,2984,1,2984,1,122,-1,1492,1,2984,1,0.00095367431640625,0.0021457672119140625,0.06103515625,0.00095367431640625,0.0629425048828125,0.00095367431640625,0.00095367431640625,73352,122,4476,30,2,2,30,1.5339851379394531,0.3769397735595703,0,0,0,0,0,0,1701,1701,non_streaming
1492,1,1492,1,1492,1,1492,1,1492,1,1492,1,1492,1,1492,1,0.00095367431640625,0.06103515625,0.0030994415283203125,0.00095367431640625,0.0019073486328125,0.00095367431640625,0.06103515625,42164,94,1492,28,4,4,28,0.6930828094482422,0.06890296936035156,0,0,0,0,0,0,1701,1701,non_streaming
1492,1,1492,1,1492,1,1492,1,1492,1,1492,1,1492,1,1492,1,0.0021457672119140625,0.00095367431640625,0.06103515625,0.00095367431640625,0.00095367431640625,0.00095367431640625,0.00095367431640625,44948,94,1492,30,2,2,30,3.709077835083008,2.965211868286133,0,0,0,0,0,0,1701,1701,non_streaming
1492,1,1492,1,1492,1,1492,1,1492,1,1492,1,1492,1,1492,1,0.00095367431640625,0.00095367431640625,0.00095367431640625,0.0021457672119140625,0.05984306335449219,0.0011920928955078125,0.00095367431640625,39638,94,2984,23,9,9,23,8.852005004882812,7.594108581542969,0,0,0,0,0,0,1701,1701,non_streaming
1492,1,1492,1,1492,1,1492,1,1492,1,1492,1,1492,1,1492,1,0.0591278076171875,0.00095367431640625,0.00095367431640625,0.00095367431640625,0.00095367431640625,0.06008148193359375,0.06794929504394531,40894,122,1492,27,5,5,27,2.9129981994628906,1.7468929290771484,0,0,0,0,0,0,1701,1701,non_streaming
1492,1,1492,1,122,-1,122,-1,1492,1,1492,1,122,-1,122,-1,0.00095367431640625,0.047206878662109375,0.00095367431640625,0.011920928955078125,0.00095367431640625,0.0040531158447265625,0.0019073486328125,28808,122,2984,16,16,16,16,3.7500858306884766,1.2390613555908203,0,0,0,0,0,0,1701,1701,non_streaming
102,1,102,-1,94,1,611,1,94,-1,1492,-1,1492,-1,1492,-1,4.127979278564453,0.8211135864257812,0.47206878662109375,3.988981246948242,14.410018920898438,0.008821487426757812,0.0011920928955078125,15491,94,2112,17,15,20,7,74.70107078552246,14.410018920898438,0,0,0,0,0,0,1701,1701,non_streaming
174,1,292,1,94,-1,1492,-1,666,-1,1492,-1,1492,-1,1492,-1,0.1850128173828125,4.115104675292969,3.679990768432617,0.00095367431640625,0.013113021850585938,0.026941299438476562,0.019073486328125,31830,94,1492,10,22,10,20,13.704061508178711,4.115104675292969,0,0,0,0,0,0,1701,1701,non_streaming
1492,-1,94,1,1492,-1,1492,-1,1492,-1,1492,-1,1492,-1,1492,-1,0.041961669921875,0.0209808349609375,0.00095367431640625,0.0021457672119140625,0.06103515625,0.05698204040527344,0.00095367431640625,39450,94,2984,7,25,7,25,2.0668506622314453,0.5998611450195312,0,0,0,0,0,0,1701,1701,non_streaming
1492,-1,1492,-1,1492,-1,1492,-1,1492,-1,1492,-1,1492,-1,1492,-1,0.05793571472167969,0.00095367431640625,0.00095367431640625,0.06198883056640625,0.0011920928955078125,0.00095367431640625,0.05793571472167969,43644,94,2984,4,28,4,28,1.4820098876953125,0.2720355987548828,0,0,0,0,0,0,1701,1701,non_streaming
1492,-1,1492,-1,1492,-1,1492,-1,1492,-1,1492,-1,1492,-1,1492,-1,0.0019073486328125,0.0011920928955078125,0.05793571472167969,0.00095367431640625,0.00095367431640625,0.06103515625,0.00095367431640625,39356,94,1492,6,26,6,26,1.1720657348632812,0.4608631134033203,0,0,0,0,0,0,1701,1701,non_streaming
1492,-1,1492,-1,1492,-1,1492,-1,94,1,1492,-1,1492,-1,1492,-1,0.05698204040527344,0.00095367431640625,0.00095367431640625,0.04506111145019531,0.015974044799804688,0.13113021850585938,0.06103515625,37958,94,1492,7,25,7,25,1.4579296112060547,0.19884109497070312,0,0,0,0,0,0,1701,1701,non_streaming
1492,-1,1492,-1,1492,-1,94,1,94,1,94,1,1492,-1,1492,-1,0.06103515625,0.0011920928955078125,0.12683868408203125,0.09512901306152344,0.013828277587890625,0.2751350402832031,0.06198883056640625,40754,94,1492,5,27,5,27,1.1980533599853516,0.2751350402832031,0,0,0,0,0,0,1701,1701,non_streaming
94,1,94,1,94,1,1492,-1,1492,-1,1492,-1,1492,-1,1492,-1,0.0019073486328125,0.014066696166992188,0.015020370483398438,0.0629425048828125,0.00095367431640625,0.00095367431640625,0.05817413330078125,39356,94,1492,6,26,6,26,0.8139610290527344,0.14495849609375,0,0,0,0,0,0,1701,1701,non_streaming
1480,1,124,1,1480,1,124,1,1480,1,124,1,636,1,124,-1,0.00095367431640625,0.030994415283203125,0.00095367431640625,0.011920928955078125,0.0021457672119140625,0.015020370483398438,3.3478736877441406,14944,124,1480,20,12,19,7,50.7509708404541,14.102935791015625,0,0,0,0,0,0,13231,31026,non_streaming
124,1,636,1,124,-1,124,-1,124,-1,124,-1,204,-1,316,-1,0.00095367431640625,1.4629364013671875,0.02002716064453125,0.015020370483398438,0.011920928955078125,1.3630390167236328,0.025033950805664062,20228,124,1480,26,6,17,11,11.956930160522461,4.419088363647461,0,0,0,0,0,0,13231,31026,non_streaming
1480,1,124,1,1480,1,124,1,124,-1,124,-1,124,-1,124,-1,0.00095367431640625,0.028848648071289062,0.0011920928955078125,0.11086463928222656,0.024080276489257812,0.015020370483398438,0.2219676971435547,17528,124,1480,20,12,22,10,5.548954010009766,3.110170364379883,0,0,0,0,0,0,13231,31026,non_streaming
1480,1,124,1,1480,1,124,1,1480,1,124,1,1604,1,124,-1,0.04696846008300781,0.0019073486328125,0.00095367431640625,0.00095367431640625,0.0011920928955078125,0.00095367431640625,0.030040740966796875,20488,124,1604,22,10,19,12,1.7549991607666016,0.4830360412597656,0,0,0,0,0,0,13231,31026,non_streaming
124,1,1480,1,124,1,1480,1,124,1,1480,1,124,1,1480,1,0.1430511474609375,0.0019073486328125,0.051021575927734375,0.00095367431640625,0.00095367431640625,0.00095367431640625,0.0011920928955078125,22952,124,1480,29,3,18,14,1.4138221740722656,0.7688999176025391,0,0,0,0,0,0,13231,31026,non_streaming
124,-1,124,-1,124,-1,1480,1,124,1,1480,1,124,1,1480,1,0.019073486328125,0.00095367431640625,0.15401840209960938,0.0019073486328125,0.2810955047607422,0.00095367431640625,0.04696846008300781,19008,124,1604,20,12,21,11,1.15203857421875,0.2810955047607422,0,0,0,0,0,0,13231,31026,non_streaming
124,1,1480,1,124,1,1480,1,124,1,1480,1,124,1,1480,1,0.051021575927734375,0.00095367431640625,0.00095367431640625,0.00095367431640625,0.0011920928955078125,0.00095367431640625,0.04291534423828125,18884,124,1480,22,10,21,11,1.0159015655517578,0.3159046173095703,0,0,0,0,0,0,13231,31026,non_streaming
124,1,1480,1,124,1,124,-1,124,-1,124,-1,124,-1,248,-1,0.00095367431640625,0.0021457672119140625,0.026941299438476562,0.025033950805664062,0.016927719116210938,0.017881393432617188,0.02002716064453125,16296,124,1480,19,13,22,9,1.5211105346679688,0.45609474182128906,0,0,0,0,0,0,13231,31026,non_streaming
124,-1,1480,1,124,1,1480,1,124,1,1480,1,124,1,1480,1,0.09298324584960938,0.0030994415283203125,0.04601478576660156,0.0019073486328125,0.0021457672119140625,0.00095367431640625,0.0019073486328125,22952,124,1480,28,4,18,14,1.1830329895019531,0.701904296875,0,0,0,0,0,0,13231,31026,non_streaming
1480,1,124,1,1480,1,1604,1,124,1,1480,1,124,1,1480,1,0.00095367431640625,0.02288818359375,0.0021457672119140625,0.00095367431640625,0.026941299438476562,0.00095367431640625,0.03218650817871094,24432,124,1604,29,3,17,15,0.576019287109375,0.22912025451660156,0,0,0,0,0,0,13231,31026,non_streaming
124,-1,124,-1,1480,1,124,1,1480,1,124,1,1480,1,124,1,0.21910667419433594,0.055789947509765625,0.0011920928955078125,0.04982948303222656,0.00095367431640625,0.0011920928955078125,0.00095367431640625,16172,124,1480,17,15,23,9,0.7340908050537109,0.21910667419433594,0,0,0,0,0,0,13231,31026,non_streaming
576,1,576,1,576,1,576,1,576,1,576,1,576,1,576,1,0.011920928955078125,18560.317039489746,0.014066696166992188,0.02002716064453125,0.013828277587890625,0.012159347534179688,0.02288818359375,4608,576,576,8,0,0,0,18560.41193008423,18560.317039489746,0,0,0,0,0,0,0,2817,non_streaming
60,1,124,-1,124,1,124,-1,636,-1,124,1,1480,1,124,1,626.4040470123291,4.204988479614258,1.1010169982910156,0.9300708770751953,4.09698486328125,14.442920684814453,0.0021457672119140625,11200,60,1480,17,15,22,4,694.6330070495605,626.4040470123291,0,0,0,0,0,0,13231,31026,non_streaming
124,1,1480,1,124,1,1480,1,124,1,1604,1,636,1,124,-1,14.336824417114258,0.0011920928955078125,0.016927719116210938,0.00095367431640625,0.014066696166992188,0.00095367431640625,1.3430118560791016,21832,124,1604,26,6,16,12,26.973962783813477,14.336824417114258,0,0,0,0,0,0,13231,31026,non_streaming
1480,1,124,1,1480,1,124,1,1480,1,124,1,1480,1,124,1,0.0011920928955078125,0.00095367431640625,0.00095367431640625,0.027894973754882812,0.0011920928955078125,0.030994415283203125,0.00095367431640625,17528,124,1480,20,12,22,10,5.0830841064453125,1.9237995147705078,0,0,0,0,0,0,13231,31026,non_streaming
1480,1,124,1,1480,1,124,1,1480,1,124,1,1480,1,124,1,0.00095367431640625,0.43511390686035156,0.00095367431640625,0.04601478576660156,0.00095367431640625,0.051021575927734375,0.00095367431640625,21720,124,1604,24,8,19,13,2.3491382598876953,0.7071495056152344,0,0,0,0,0,0,13231,31026,non_streaming
124,-1,124,-1,124,-1,124,-1,124,-1,124,-1,124,-1,1480,1,0.017881393432617188,0.00095367431640625,0.03600120544433594,0.00095367431640625,0.12111663818359375,0.09989738464355469,0.048160552978515625,16172,124,1480,18,14,23,9,0.7078647613525391,0.12111663818359375,0,0,0,0,0,0,13231,31026,non_streaming
1480,1,124,1,1480,1,124,1,1480,1,124,1,1480,1,124,1,0.0021457672119140625,0.05698204040527344,0.00095367431640625,0.0019073486328125,0.0011920928955078125,0.0019073486328125,0.00095367431640625,18884,124,1480,21,11,21,11,1.0230541229248047,0.24390220642089844,0,0,0,0,0,0,13231,31026,non_streaming
124,1,1480,1,124,1,1480,1,124,1,1480,1,124,1,124,-1,0.0021457672119140625,0.00095367431640625,0.00095367431640625,0.00095367431640625,0.03409385681152344,0.00286102294921875,0.3402233123779297,20240,124,1480,25,7,20,12,0.8881092071533203,0.3402233123779297,0,0,0,0,0,0,13231,31026,non_streaming
124,-1,124,-1,124,-1,124,-1,124,-1,124,-1,124,-1,124,-1,0.05698204040527344,0.02288818359375,0.019073486328125,0.00095367431640625,0.2028942108154297,0.023126602172851562,0.1659393310546875,18884,124,1480,21,11,21,11,1.5308856964111328,0.6630420684814453,0,0,0,0,0,0,13231,31026,non_streaming
124,1,124,-1,124,-1,124,-1,124,-1,1480,1,124,1,1480,1,0.03409385681152344,0.06985664367675781,0.01811981201171875,0.018835067749023438,0.19812583923339844,0.00095367431640625,0.06008148193359375,16296,124,1604,18,14,23,9,1.1451244354248047,0.19812583923339844,0,0,0,0,0,0,13231,31026,non_streaming
576,1,576,1,576,1,576,1,576,1,576,1,576,1,576,1,0.015974044799804688,0.0021457672119140625,0.012874603271484375,0.026941299438476562,0.014066696166992188,639.9271488189697,0.013828277587890625,6336,576,576,11,0,0,0,640.0680541992188,639.9271488189697,0,0,0,0,0,0,0,2817,non_streaming
124,1,124,-1,124,1,636,1,124,-1,1480,-1,124,-1,1480,-1,4.1561126708984375,1.3339519500732422,0.4780292510986328,4.004955291748047,14.657974243164062,0.00095367431640625,0.010967254638671875,12868,124,1604,16,16,21,5,88.75703811645508,21.667003631591797,0,0,0,0,0,0,31026,13231,non_streaming
124,-1,1480,-1,124,-1,1480,-1,124,-1,636,-1,124,1,124,1,0.010967254638671875,0.0011920928955078125,0.012874603271484375,0.00095367431640625,0.00095367431640625,1.5261173248291016,0.015974044799804688,20228,124,1480,6,26,17,11,12.40396499633789,4.357099533081055,0,0,0,0,0,0,31026,13231,non_streaming
1480,-1,124,-1,1480,-1,124,-1,1480,-1,124,-1,1480,-1,124,-1,0.00095367431640625,0.00095367431640625,0.00095367431640625,0.027179718017578125,0.00095367431640625,0.031948089599609375,0.00095367431640625,18884,124,1480,11,21,21,11,4.935979843139648,1.8358230590820312,0,0,0,0,0,0,31026,13231,non_streaming
124,-1,1480,-1,124,-1,124,1,1480,-1,124,-1,1480,-1,124,-1,0.49591064453125,0.0011920928955078125,0.38695335388183594,0.06985664367675781,0.0021457672119140625,0.026941299438476562,0.00095367431640625,19008,124,1604,11,21,21,11,2.5551319122314453,0.5941390991210938,0,0,0,0,0,0,31026,13231,non_streaming
124,-1,1480,-1,124,-1,1480,-1,124,-1,1480,-1,124,-1,1480,-1,0.38695335388183594,0.00095367431640625,0.04601478576660156,0.00095367431640625,0.00095367431640625,0.0011920928955078125,0.00095367431640625,25788,124,1604,0,32,16,16,1.344919204711914,0.6580352783203125,0,0,0,0,0,0,31026,13231,non_streaming
1480,-1,124,-1,1480,-1,124,-1,1480,-1,124,-1,1480,-1,124,-1,0.0019073486328125,0.047206878662109375,0.00095367431640625,0.00095367431640625,0.00095367431640625,0.00095367431640625,0.0011920928955078125,23076,124,1604,5,27,18,14,2.685070037841797,1.2729167938232422,0,0,0,0,0,0,31026,13231,non_streaming
124,1,124,1,124,1,124,1,124,1,124,1,124,1,124,1,0.01811981201171875,0.017881393432617188,0.019073486328125,0.018835067749023438,0.0011920928955078125,0.016927719116210938,0.00095367431640625,10012,124,1604,25,7,24,4,2.849102020263672,2.218961715698242,0,0,0,0,0,0,31026,13231,non_streaming
124,1,124,1,124,1,124,1,1480,-1,124,-1,1480,-1,124,-1,0.02193450927734375,0.019073486328125,0.016927719116210938,0.007152557373046875,0.0019073486328125,0.04601478576660156,0.00095367431640625,22952,124,1480,4,28,18,14,1.1370182037353516,0.4820823669433594,0,0,0,0,0,0,31026,13231,non_streaming
1480,-1,124,-1,1480,-1,124,-1,1480,-1,124,-1,1480,-1,124,-1,0.00095367431640625,0.0011920928955078125,0.00095367431640625,0.0438690185546875,0.0011920928955078125,0.00095367431640625,0.00095367431640625,30476,124,1604,0,32,13,19,1.9221305847167969,0.7450580596923828,0,0,0,0,0,0,31026,13231,non_streaming
124,1,1604,1,1604,1,636,1,124,-1,124,-1,124,-1,124,-1,0.012874603271484375,0.013113021850585938,0.011920928955078125,1.5480518341064453,0.010013580322265625,0.016927719116210938,0.012159347534179688,27264,124,1728,21,11,13,15,13.025045394897461,4.298925399780273,0,0,0,0,0,0,13231,31026,non_streaming
124,-1,124,-1,124,-1,124,-1,124,-1,124,-1,124,-1,1480,1,0.02288818359375,0.01811981201171875,0.02002716064453125,0.5638599395751953,0.0209808349609375,1.7859935760498047,1.157999038696289,27028,124,1728,21,11,16,16,5.899906158447266,1.7859935760498047,0,0,0,0,0,0,13231,31026,non_streaming
1604,1,124,-1,124,-1,124,-1,124,-1,124,-1,1480,1,124,1,0.39196014404296875,0.025033950805664062,0.019073486328125,0.019073486328125,0.00095367431640625,0.5819797515869141,0.00095367431640625,20984,124,1728,18,14,20,12,2.6471614837646484,0.7798671722412109,0,0,0,0,0,0,13231,31026,non_streaming
124,-1,124,-1,124,-1,124,-1,124,-1,124,-1,1604,1,3084,1,0.2129077911376953,0.023126602172851562,0.3199577331542969,0.017881393432617188,0.019073486328125,0.39505958557128906,0.04887580871582031,31964,124,3084,20,12,17,15,2.7320384979248047,0.6260871887207031,0,0,0,0,0,0,13231,31026,non_streaming
1604,1,1480,1,1604,1,1728,1,1480,1,124,1,124,-1,124,-1,0.04601478576660156,0.00095367431640625,0.00095367431640625,0.049114227294921875,0.00095367431640625,0.23102760314941406,0.025987625122070312,22836,124,1728,16,16,19,13,1.5938282012939453,0.4220008850097656,0,0,0,0,0,0,13231,31026,non_streaming
1604,1,124,1,1480,1,124,1,1604,1,1480,1,1604,1,1728,1,0.00095367431640625,0.051021575927734375,0.0011920928955078125,0.00095367431640625,0.053882598876953125,0.00095367431640625,0.0011920928955078125,34304,124,3084,27,5,13,19,1.2359619140625,0.6690025329589844,0,0,0,0,0,0,13231,31026,non_streaming
124,1,1604,1,1480,1,1604,1,1728,1,3084,1,1728,1,124,-1,0.0050067901611328125,0.00095367431640625,0.04696846008300781,0.00095367431640625,0.05507469177246094,0.00095367431640625,0.027894973754882812,23084,124,3084,15,17,20,12,0.701904296875,0.13899803161621094,0,0,0,0,0,0,13231,31026,non_streaming
124,-1,1604,1,124,-1,1604,1,1480,1,1728,1,1604,1,1604,1,0.024080276489257812,0.13780593872070312,0.14710426330566406,0.04887580871582031,0.0011920928955078125,0.00095367431640625,0.04696846008300781,34800,124,3084,22,10,12,20,0.7789134979248047,0.14710426330566406,0,0,0,0,0,0,13231,31026,non_streaming
124,1,124,-1,124,1,636,1,124,-1,1480,-1,124,-1,1604,-1,4.050970077514648,1.2400150299072266,0.4088878631591797,3.8890838623046875,14.343976974487305,0.00095367431640625,0.008106231689453125,14472,124,1604,15,17,20,6,84.86485481262207,14.790058135986328,0,0,0,0,0,0,31026,13231,non_streaming
1604,-1,636,-1,124,1,124,1,124,1,124,1,204,1,316,1,0.019073486328125,1.5099048614501953,0.011920928955078125,0.015974044799804688,0.013113021850585938,1.3279914855957031,0.02193450927734375,25660,124,1728,12,20,14,14,18.789052963256836,9.582042694091797,0,0,0,0,0,0,31026,13231,non_streaming
124,1,124,1,124,1,124,1,124,1,124,1,1604,-1,1480,-1,0.016927719116210938,0.00095367431640625,0.016927719116210938,0.019073486328125,0.9789466857910156,4.269123077392578,0.030994415283203125,28632,124,3084,11,21,16,16,6.923913955688477,4.269123077392578,0,0,0,0,0,0,31026,13231,non_streaming
124,1,124,1,124,1,124,1,124,1,124,1,1480,-1,124,-1,0.019073486328125,0.00095367431640625,0.3299713134765625,0.024080276489257812,0.019073486328125,2.0368099212646484,0.0021457672119140625,16172,124,1480,14,18,23,9,4.176139831542969,2.0368099212646484,0,0,0,0,0,0,31026,13231,non_streaming
124,1,1480,-1,124,-1,1480,-1,124,-1,1480,-1,124,-1,1604,-1,0.6580352783203125,0.00095367431640625,0.05507469177246094,0.00095367431640625,0.00095367431640625,0.0011920928955078125,0.00095367431640625,23076,124,1604,6,26,18,14,19.55699920654297,17.40288734436035,0,0,0,0,0,0,31026,13231,non_streaming
124,-1,1480,-1,124,-1,1480,-1,124,-1,1480,-1,124,-1,1480,-1,0.4658699035644531,0.0019073486328125,0.015020370483398438,0.0011920928955078125,0.0019073486328125,0.0019073486328125,0.013113021850585938,25664,124,1480,0,32,16,16,0.7348060607910156,0.4658699035644531,0,0,0,0,0,0,31026,13231,non_streaming
124,-1,1480,-1,124,-1,1480,-1,124,-1,1480,-1,124,-1,1480,-1,0.032901763916015625,0.00095367431640625,0.00095367431640625,0.0011920928955078125,0.03695487976074219,0.0019073486328125,0.0021457672119140625,25664,124,1480,0,32,16,16,0.4489421844482422,0.08702278137207031,0,0,0,0,0,0,31026,13231,non_streaming
124,-1,1480,-1,124,-1,1480,-1,124,-1,1480,-1,124,-1,1480,-1,0.00095367431640625,0.00095367431640625,0.05507469177246094,0.0019073486328125,0.0011920928955078125,0.0019073486328125,0.00095367431640625,25664,124,1480,0,32,16,16,0.308990478515625,0.0629425048828125,0,0,0,0,0,0,31026,13231,non_streaming
124,-1,124,1,124,1,124,1,124,1,1480,-1,124,-1,1480,-1,0.17404556274414062,0.0030994415283203125,0.0019073486328125,0.016927719116210938,4.173040390014648,0.0021457672119140625,0.064849853515625,12104,124,1480,19,13,26,6,9.714126586914062,4.986047744750977,0,0,0,0,0,0,31026,13231,non_streaming
124,1,124,1,124,1,124,1,124,1,124,1,124,1,124,1,0.017881393432617188,0.019073486328125,0.00095367431640625,0.0171661376953125,0.02384185791015625,0.019073486328125,0.017881393432617188,8036,124,1480,26,6,29,3,4.858970642089844,4.385948181152344,0,0,0,0,0,0,31026,13231,non_streaming
1480,-1,124,-1,1480,-1,124,-1,1480,-1,124,-1,1480,-1,124,-1,0.0011920928955078125,0.015020370483398438,0.0019073486328125,0.0019073486328125,0.0011920928955078125,0.012874603271484375,0.0019073486328125,25664,124,1480,0,32,16,16,0.5002021789550781,0.27108192443847656,0,0,0,0,0,0,31026,13231,non_streaming
1480,1,124,1,1480,1,124,1,1480,1,124,1,1480,1,124,1,0.00095367431640625,0.00095367431640625,0.00095367431640625,0.0400543212890625,0.00095367431640625,0.00095367431640625,0.0011920928955078125,25664,124,1480,32,0,16,16,0.5400180816650391,0.09703636169433594,0,0,0,0,0,0,13231,31026,non_streaming
1480,1,124,1,1480,1,140,-1,140,-1,1480,1,124,1,1480,1,0.04696846008300781,0.0030994415283203125,0.14901161193847656,0.0019073486328125,0.24199485778808594,0.0019073486328125,0.04601478576660156,25696,124,1480,30,2,16,16,0.7579326629638672,0.24199485778808594,0,0,0,0,0,0,13231,31026,non_streaming
1480,1,124,1,1480,1,124,1,1480,1,124,1,1480,1,124,1,0.00095367431640625,0.0059604644775390625,0.0019073486328125,0.0011920928955078125,0.0019073486328125,0.027894973754882812,0.0011920928955078125,25664,124,1480,32,0,16,16,0.22602081298828125,0.05793571472167969,0,0,0,0,0,0,13231,31026,non_streaming
1480,1,124,1,1480,1,124,1,1480,1,124,1,1480,1,124,1,0.0019073486328125,0.00095367431640625,0.0011920928955078125,0.00476837158203125,0.0021457672119140625,0.00095367431640625,0.00095367431640625,23016,124,1480,28,4,18,14,0.6990432739257812,0.3540515899658203,0,0,0,0,0,0,13231,31026,non_streaming
1480,1,124,1,1480,1,1604,1,124,1,1480,1,124,1,1480,1,0.0011920928955078125,0.00095367431640625,0.00095367431640625,0.00095367431640625,0.00095367431640625,0.0011920928955078125,0.00286102294921875,27300,124,1604,30,2,15,17,0.7312297821044922,0.28586387634277344,0,0,0,0,0,0,13231,31026,non_streaming
1604,1,124,1,140,-1,1480,1,124,1,1480,1,124,1,1480,1,0.00095367431640625,0.018835067749023438,0.011205673217773438,0.00095367431640625,0.14901161193847656,0.0019073486328125,0.052928924560546875,25928,124,1604,31,1,16,16,0.5309581756591797,0.14901161193847656,0,0,0,0,0,0,13231,31026,non_streaming
1604,1,1480,1,124,1,1480,1,124,1,1480,1,124,1,1480,1,0.030994415283203125,0.00095367431640625,0.00095367431640625,0.0011920928955078125,0.031948089599609375,0.00095367431640625,0.00095367431640625,28764,124,1604,31,1,14,18,1.0259151458740234,0.6589889526367188,0,0,0,0,0,0,13231,31026,non_streaming
124,1,1604,1,1480,1,124,1,1480,1,124,1,1480,1,124,1,0.00095367431640625,0.00095367431640625,0.00095367431640625,0.00095367431640625,0.00095367431640625,0.03719329833984375,0.00095367431640625,28872,124,1604,32,0,14,18,0.2429485321044922,0.04696846008300781,0,0,0,0,0,0,13231,31026,non_streaming
124,1,1480,1,124,1,1480,1,124,1,1604,1,1480,1,124,1,0.00095367431640625,0.00095367431640625,0.00095367431640625,0.0011920928955078125,0.00095367431640625,0.04887580871582031,0.0011920928955078125,27532,124,1604,31,1,15,17,0.5810260772705078,0.28705596923828125,0,0,0,0,0,0,13231,31026,non_streaming
124,1,1480,1,124,1,140,-1,140,-1,140,-1,140,-1,140,-1,0.03600120544433594,0.00095367431640625,0.014066696166992188,0.0019073486328125,0.03504753112792969,0.026941299438476562,0.019073486328125,20616,124,1604,24,8,20,12,0.5538463592529297,0.1418590545654297,0,0,0,0,0,0,13231,31026,non_streaming
124,1,124,1,124,1,124,-1,124,1,124,-1,124,1,636,1,0.015974044799804688,0.5631446838378906,3.9899349212646484,12.290000915527344,4.052877426147461,0.9980201721191406,0.5831718444824219,15316,124,1480,12,20,20,7,52.48308181762695,14.295816421508789,0,0,0,0,0,0,31026,13231,non_streaming
124,-1,1480,-1,124,-1,1604,-1,124,1,124,1,124,1,124,1,0.00095367431640625,0.03504753112792969,0.00095367431640625,0.12612342834472656,0.00095367431640625,0.015974044799804688,0.00095367431640625,19008,124,1604,11,21,21,11,1.7819404602050781,0.5879402160644531,0,0,0,0,0,0,31026,13231,non_streaming
124,-1,1480,-1,124,-1,124,1,124,1,124,1,124,1,124,1,0.00095367431640625,0.00095367431640625,0.15306472778320312,0.02002716064453125,0.00095367431640625,0.03600120544433594,0.00095367431640625,18884,124,1480,10,22,21,11,3.6568641662597656,2.5131702423095703,0,0,0,0,0,0,31026,13231,non_streaming
1480,-1,124,-1,124,1,124,1,124,1,124,1,124,1,124,1,0.00095367431640625,0.03814697265625,0.0209808349609375,0.017881393432617188,0.016927719116210938,0.0011920928955078125,0.016927719116210938,13460,124,1480,18,14,25,7,0.8409023284912109,0.27489662170410156,0,0,0,0,0,0,31026,13231,non_streaming
1480,-1,124,-1,1480,-1,124,-1,1480,-1,124,-1,1480,-1,124,-1,0.00095367431640625,0.0021457672119140625,0.00095367431640625,0.04696846008300781,0.0019073486328125,0.0021457672119140625,0.00095367431640625,21596,124,1480,7,25,19,13,2.5861263275146484,0.4849433898925781,0,0,0,0,0,0,31026,13231,non_streaming
124,-1,1480,-1,124,-1,1480,-1,124,-1,1480,-1,124,-1,1480,-1,0.04100799560546875,0.00095367431640625,0.00095367431640625,0.0021457672119140625,0.04291534423828125,0.0019073486328125,0.5900859832763672,25664,124,1480,0,32,16,16,0.9949207305908203,0.5900859832763672,0,0,0,0,0,0,31026,13231,non_streaming
124,1,124,1,124,1,1480,-1,124,-1,1604,-1,1480,-1,124,-1,0.01811981201171875,0.019073486328125,0.012874603271484375,0.0021457672119140625,0.00095367431640625,0.00095367431640625,0.00095367431640625,19008,124,1604,11,21,21,11,0.4630088806152344,0.06794929504394531,0,0,0,0,0,0,31026,13231,non_streaming
124,1,124,-1,124,1,636,1,124,-1,1480,-1,124,-1,1480,-1,4.204988479614258,1.4119148254394531,1.1179447174072266,4.159212112426758,14.447927474975586,0.0019073486328125,0.010967254638671875,11264,124,1480,15,17,22,4,74.91087913513184,21.99697494506836,0,0,0,0,0,0,31026,13231,non_streaming
1480,-1,124,-1,1480,-1,124,-1,1480,-1,124,-1,636,-1,124,1,0.0021457672119140625,0.018835067749023438,0.00095367431640625,0.011205673217773438,0.00095367431640625,0.00095367431640625,1.4460086822509766,21584,124,1480,6,26,16,12,12.494087219238281,4.181146621704102,0,0,0,0,0,0,31026,13231,non_streaming
124,-1,1480,-1,124,-1,1480,-1,124,-1,1480,-1,124,-1,1480,-1,0.029087066650390625,0.00095367431640625,0.016927719116210938,0.00095367431640625,0.02002716064453125,0.00095367431640625,0.022172927856445312,17528,124,1480,12,20,22,10,4.988908767700195,1.917123794555664,0,0,0,0,0,0,31026,13231,non_streaming
124,-1,1480,-1,124,-1,124,1,1480,-1,124,-1,1480,-1,124,-1,0.0011920928955078125,0.00095367431640625,0.025033950805664062,0.017881393432617188,0.00095367431640625,0.048160552978515625,0.00095367431640625,16296,124,1604,15,17,23,9,1.9969940185546875,0.4630088806152344,0,0,0,0,0,0,31026,13231,non_streaming
124,-1,124,1,124,1,124,1,124,1,124,1,124,1,1480,-1,0.33283233642578125,0.014066696166992188,0.0019073486328125,0.014066696166992188,0.019073486328125,0.8759498596191406,0.37097930908203125,21720,124,1604,6,26,19,13,2.0449161529541016,0.8759498596191406,0,0,0,0,0,0,31026,13231,non_streaming
1480,-1,124,-1,1480,-1,124,-1,1480,-1,124,-1,1480,-1,124,-1,0.00095367431640625,0.9169578552246094,0.0011920928955078125,0.051975250244140625,0.00095367431640625,0.12993812561035156,0.00095367431640625,27268,124,1604,0,32,15,17,2.267122268676758,0.9169578552246094,0,0,0,0,0,0,31026,13231,non_streaming
1480,-1,124,-1,1480,-1,124,-1,1480,-1,124,-1,1480,-1,124,-1,0.00095367431640625,0.00095367431640625,0.00095367431640625,0.8780956268310547,0.00095367431640625,0.05793571472167969,0.0011920928955078125,25912,124,1604,2,30,16,16,2.4209022521972656,0.8780956268310547,0,0,0,0,0,0,31026,13231,non_streaming
124,1,124,1,124,1,1480,-1,124,-1,124,1,1480,-1,124,-1,0.03504753112792969,0.00095367431640625,0.027179718017578125,0.00095367431640625,0.010013580322265625,0.04506111145019531,0.00095367431640625,17652,124,1604,13,19,22,10,4.206180572509766,2.3670196533203125,0,0,0,0,0,0,31026,13231,non_streaming
124,-1,1480,-1,124,-1,1480,-1,124,-1,1480,-1,124,-1,1604,-1,0.00095367431640625,0.00095367431640625,0.053882598876953125,0.0011920928955078125,0.00095367431640625,0.00095367431640625,0.00095367431640625,21720,124,1604,6,26,19,13,0.7607936859130859,0.2429485321044922,0,0,0,0,0,0,31026,13231,non_streaming
60,1,124,1,124,-1,124,1,636,1,124,-1,1480,-1,124,-1,135.3449821472168,3.882169723510742,1.4998912811279297,0.9329319000244141,4.091024398803711,14.481067657470703,0.0030994415283203125,10688,60,1480,16,16,23,4,203.68218421936035,135.3449821472168,0,0,0,0,0,0,31026,13231,non_streaming
636,1,124,-1,1480,-1,124,-1,1480,-1,124,-1,1604,-1,636,-1,4.18400764465332,14.022111892700195,0.00286102294921875,0.012159347534179688,0.00095367431640625,0.00095367431640625,0.00095367431640625,20864,124,1604,7,25,16,11,30.0600528717041,14.022111892700195,0,0,0,0,0,0,31026,13231,non_streaming
1480,-1,124,-1,1480,-1,124,-1,1480,-1,124,-1,1480,-1,124,-1,0.0011920928955078125,0.025987625122070312,0.00095367431640625,0.00095367431640625,0.00095367431640625,0.025033950805664062,0.00095367431640625,18884,124,1480,10,22,21,11,4.955053329467773,3.258943557739258,0,0,0,0,0,0,31026,13231,non_streaming
1480,-1,124,-1,124,1,1480,-1,124,-1,1480,-1,124,-1,1480,-1,0.00095367431640625,0.6721019744873047,0.04601478576660156,0.00095367431640625,0.025033950805664062,0.00095367431640625,0.00095367431640625,20364,124,1604,10,22,20,12,2.4819374084472656,0.6721019744873047,0,0,0,0,0,0,31026,13231,non_streaming
124,-1,1480,-1,124,-1,1480,-1,124,-1,1480,-1,124,-1,1480,-1,0.034809112548828125,0.0011920928955078125,0.041961669921875,0.00095367431640625,0.00095367431640625,0.00095367431640625,0.0011920928955078125,24432,124,1604,3,29,17,15,3.0019283294677734,1.9710063934326172,0,0,0,0,0,0,31026,13231,non_streaming
124,-1,1480,-1,124,-1,1480,-1,124,-1,1480,-1,124,-1,1480,-1,0.00095367431640625,0.0030994415283203125,0.4200935363769531,0.0019073486328125,0.04887580871582031,0.0011920928955078125,0.00095367431640625,25788,124,1604,0,32,16,16,1.7991065979003906,0.7228851318359375,0,0,0,0,0,0,31026,13231,non_streaming
1480,-1,124,-1,1604,-1,124,1,124,1,124,1,124,1,124,1,0.00095367431640625,0.00095367431640625,0.5941390991210938,0.016927719116210938,0.025987625122070312,0.0209808349609375,0.016927719116210938,17776,124,1604,14,18,22,10,0.9899139404296875,0.5941390991210938,0,0,0,0,0,0,31026,13231,non_streaming
124,1,124,1,124,1,124,1,124,1,124,1,124,1,124,1,0.01811981201171875,0.15783309936523438,0.01811981201171875,0.7960796356201172,0.013828277587890625,0.01811981201171875,0.017881393432617188,20240,124,1480,8,24,20,12,4.199028015136719,2.4881362915039062,0,0,0,0,0,0,31026,13231,non_streaming
1480,-1,1604,-1,124,-1,1480,-1,124,-1,124,1,124,1,124,1,0.00095367431640625,0.00095367431640625,0.08702278137207031,0.00095367431640625,0.32401084899902344,0.02002716064453125,0.019073486328125,23076,124,1604,6,26,18,14,1.7619132995605469,0.3650188446044922,0,0,0,0,0,0,31026,13231,non_streaming
124,-1,1604,-1,1480,-1,124,-1,1480,-1,124,-1,124,1,124,1,0.00095367431640625,0.04506111145019531,0.00095367431640625,0.00095367431640625,0.0011920928955078125,0.21386146545410156,0.024080276489257812,21844,124,1604,8,24,19,13,0.5309581756591797,0.21386146545410156,0,0,0,0,0,0,31026,13231,non_streaming
124,-1,1480,-1,124,-1,1604,-1,1480,-1,124,-1,1480,-1,124,-1,0.047206878662109375,0.00095367431640625,0.00095367431640625,0.052928924560546875,0.0021457672119140625,0.00095367431640625,0.00095367431640625,20364,124,1604,8,24,20,12,1.049041748046875,0.43511390686035156,0,0,0,0,0,0,31026,13231,non_streaming
124,1,124,1,124,1,124,1,124,1,124,1,1480,-1,124,-1,0.15687942504882812,0.0209808349609375,0.051021575927734375,0.023126602172851562,0.017881393432617188,0.13113021850585938,0.00095367431640625,23076,124,1604,6,26,18,14,0.6659030914306641,0.15687942504882812,0,0,0,0,0,0,31026,13231,non_streaming
1480,-1,124,-1,1480,-1,124,-1,1480,-1,124,-1,636,-1,124,1,0.0019073486328125,0.010967254638671875,0.0011920928955078125,0.011920928955078125,0.00095367431640625,0.00095367431640625,1.4431476593017578,21584,124,1480,6,26,16,12,12.475967407226562,4.143953323364258,0,0,0,0,0,0,31026,13231,non_streaming
124,-1,1480,-1,124,-1,1480,-1,124,-1,1480,-1,124,-1,1480,-1,0.026941299438476562,0.0011920928955078125,0.027894973754882812,0.00095367431640625,0.030040740966796875,0.00095367431640625,0.0011920928955078125,17528,124,1480,12,20,22,10,5.023002624511719,2.0461082458496094,0,0,0,0,0,0,31026,13231,non_streaming
124,-1,1480,-1,124,-1,1480,-1,124,-1,1480,-1,124,-1,1480,-1,0.025987625122070312,0.0011920928955078125,0.6918907165527344,0.0021457672119140625,0.02288818359375,0.00095367431640625,0.00095367431640625,19008,124,1604,10,22,21,11,2.231121063232422,0.6918907165527344,0,0,0,0,0,0,31026,13231,non_streaming
124,1,1480,-1,124,-1,1480,-1,124,-1,1480,-1,124,-1,1480,-1,0.4391670227050781,0.0019073486328125,0.0400543212890625,0.00095367431640625,0.00095367431640625,0.00095367431640625,0.0011920928955078125,17652,124,1604,13,19,22,10,2.438068389892578,0.5278587341308594,0,0,0,0,0,0,31026,13231,non_streaming
124,1,124,1,124,1,1480,-1,124,-1,1480,-1,124,-1,1480,-1,0.018835067749023438,0.00095367431640625,0.7460117340087891,0.0011920928955078125,0.04696846008300781,0.00095367431640625,0.00095367431640625,24432,124,1604,3,29,17,15,1.676797866821289,0.7460117340087891,0,0,0,0,0,0,31026,13231,non_streaming
124,1,124,1,124,1,124,1,124,1,124,1,1480,-1,124,-1,0.025033950805664062,0.017881393432617188,0.019073486328125,0.00095367431640625,0.016927719116210938,0.10919570922851562,0.00095367431640625,20488,124,1604,10,22,20,12,1.2679100036621094,0.5600452423095703,0,0,0,0,0,0,31026,13231,non_streaming
1480,-1,124,-1,1480,-1,124,-1,1480,-1,124,-1,1480,-1,124,-1,0.0011920928955078125,0.00095367431640625,0.00095367431640625,0.04410743713378906,0.00095367431640625,0.00095367431640625,0.00095367431640625,16296,124,1604,15,17,23,9,1.0352134704589844,0.28204917907714844,0,0,0,0,0,0,31026,13231,non_streaming
1480,-1,124,-1,1480,-1,124,-1,1604,-1,124,1,124,1,124,1,0.00095367431640625,0.00095367431640625,0.00095367431640625,0.03910064697265625,0.11086463928222656,0.019073486328125,0.02002716064453125,24680,124,1604,6,26,17,15,2.6869773864746094,1.695871353149414,0,0,0,0,0,0,31026,13231,non_streaming
1604,-1,124,-1,1480,-1,124,-1,1480,-1,124,-1,1480,-1,1604,-1,0.00095367431640625,0.00095367431640625,0.0011920928955078125,0.0438690185546875,0.00095367431640625,0.0011920928955078125,0.00095367431640625,23324,124,1604,7,25,18,14,1.043081283569336,0.28705596923828125,0,0,0,0,0,0,31026,13231,non_streaming
124,-1,124,1,124,1,1480,-1,124,-1,1604,-1,124,1,124,1,0.0059604644775390625,0.025033950805664062,0.02002716064453125,0.00095367431640625,0.00095367431640625,0.0059604644775390625,0.01811981201171875,16296,124,1604,15,17,23,9,0.4248619079589844,0.1201629638671875,0,0,0,0,0,0,31026,13231,non_streaming
124,-1,1480,-1,124,-1,1480,-1,124,-1,1604,-1,1480,-1,1604,-1,0.0438690185546875,0.00095367431640625,0.0011920928955078125,0.00095367431640625,0.00095367431640625,0.04601478576660156,0.0019073486328125,21844,124,1604,7,25,19,13,0.7309913635253906,0.2200603485107422,0,0,0,0,0,0,31026,13231,non_streaming
60,1,108,-1,124,-1,124,1,124,-1,1480,1,124,1,1480,1,150.96306800842285,18.91493797302246,4.049062728881836,1.0509490966796875,18.656015396118164,0.00286102294921875,0.0209808349609375,12152,60,1480,17,15,22,5,254.23598289489746,150.96306800842285,0,0,0,0,0,0,13231,31026,non_streaming
124,1,1480,1,124,1,1480,1,124,1,636,1,124,-1,124,-1,0.014066696166992188,0.00095367431640625,0.014066696166992188,0.00095367431640625,0.00095367431640625,1.2390613555908203,0.014066696166992188,20228,124,1480,26,6,17,11,11.816024780273438,4.2591094970703125,0,0,0,0,0,0,13231,31026,non_streaming
1480,1,124,1,1480,1,124,1,1480,1,124,1,1480,1,124,1,0.00095367431640625,0.46515464782714844,0.0019073486328125,0.024080276489257812,0.0019073486328125,0.00095367431640625,0.0021457672119140625,23076,124,1604,26,6,18,14,2.1440982818603516,0.46515464782714844,0,0,0,0,0,0,13231,31026,non_streaming
124,1,1480,1,124,1,1480,1,124,1,124,-1,124,-1,124,-1,0.00095367431640625,0.00095367431640625,0.04100799560546875,0.0011920928955078125,0.11396408081054688,0.00095367431640625,0.017881393432617188,17528,124,1480,20,12,22,10,3.4859180450439453,1.6369819641113281,0,0,0,0,0,0,13231,31026,non_streaming
124,-1,124,-1,1480,1,124,1,1480,1,124,1,124,-1,1480,1,0.019073486328125,0.015974044799804688,0.00095367431640625,0.00095367431640625,0.0021457672119140625,0.00095367431640625,0.0019073486328125,16172,124,1480,17,15,23,9,0.9851455688476562,0.2689361572265625,0,0,0,0,0,0,13231,31026,non_streaming
124,1,1480,1,124,1,1480,1,124,1,1480,1,124,1,1480,1,0.00095367431640625,0.0019073486328125,0.0011920928955078125,0.00095367431640625,0.04100799560546875,0.00095367431640625,0.0019073486328125,20240,124,1480,25,7,20,12,1.9800662994384766,0.6730556488037109,0,0,0,0,0,0,13231,31026,non_streaming
1480,1,124,1,1604,1,1480,1,124,1,1480,1,124,1,1480,1,0.00095367431640625,0.05507469177246094,0.00095367431640625,0.00095367431640625,0.00095367431640625,0.00095367431640625,0.04506111145019531,27392,124,1604,31,1,15,17,1.0519027709960938,0.6048679351806641,0,0,0,0,0,0,13231,31026,non_streaming
124,-1,124,-1,1480,1,124,1,1480,1,1604,1,124,1,1480,1,0.13709068298339844,0.06699562072753906,0.00095367431640625,0.051021575927734375,0.00095367431640625,0.00095367431640625,0.00095367431640625,19132,124,1604,19,13,21,11,1.2218952178955078,0.6170272827148438,0,0,0,0,0,0,13231,31026,non_streaming
124,1,1480,1,124,1,1604,1,1480,1,124,1,1480,1,124,1,0.17189979553222656,0.00095367431640625,0.050067901611328125,0.00095367431640625,0.0011920928955078125,0.00095367431640625,0.04506111145019531,26160,124,1604,29,3,16,16,0.6279945373535156,0.17189979553222656,0,0,0,0,0,0,13231,31026,non_streaming
124,1,124,-1,124,1,636,1,124,-1,1480,-1,124,-1,1480,-1,4.318952560424805,1.1730194091796875,1.7139911651611328,4.150152206420898,14.414787292480469,0.0021457672119140625,0.028848648071289062,11264,124,1480,15,17,22,4,63.16995620727539,14.414787292480469,0,0,0,0,0,0,31026,13231,non_streaming
1480,-1,124,-1,1480,-1,124,-1,1604,-1,636,-1,124,1,124,1,0.0011920928955078125,0.011920928955078125,0.00095367431640625,0.016927719116210938,0.011205673217773438,1.5459060668945312,0.0030994415283203125,28372,124,3084,8,24,13,15,13.358116149902344,4.209995269775391,0,0,0,0,0,0,31026,13231,non_streaming
124,1,124,1,124,1,124,1,124,1,124,1,124,1,124,1,0.011920928955078125,0.23293495178222656,0.015020370483398438,0.35500526428222656,0.019073486328125,0.00095367431640625,0.03600120544433594,22588,124,1604,15,17,19,13,6.3228607177734375,3.486156463623047,0,0,0,0,0,0,31026,13231,non_streaming
124,-1,1604,-1,1604,-1,1604,-1,1604,-1,124,1,124,1,124,1,0.031948089599609375,0.03600120544433594,0.00095367431640625,0.03504753112792969,0.1728534698486328,0.02002716064453125,0.01811981201171875,22836,124,1728,15,17,19,13,2.216815948486328,0.6799697875976562,0,0,0,0,0,0,31026,13231,non_streaming
1604,-1,1480,-1,124,-1,124,1,124,1,124,1,124,1,124,1,0.6139278411865234,0.00095367431640625,0.5421638488769531,0.0247955322265625,0.01811981201171875,0.02002716064453125,0.0019073486328125,26532,124,1604,8,24,16,16,3.702878952026367,0.6139278411865234,0,0,0,0,0,0,31026,13231,non_streaming
124,-1,1480,-1,1728,-1,124,1,124,1,124,1,124,1,124,1,0.05412101745605469,0.00095367431640625,0.0040531158447265625,0.0019073486328125,0.015974044799804688,0.028133392333984375,0.00095367431640625,25424,124,1728,10,22,17,15,1.0762214660644531,0.4031658172607422,0,0,0,0,0,0,31026,13231,non_streaming
1604,-1,124,1,124,1,1604,-1,3084,-1,1604,-1,124,-1,1604,-1,0.07200241088867188,0.3287792205810547,0.41103363037109375,0.05412101745605469,0.00095367431640625,0.00095367431640625,0.04696846008300781,37884,124,3084,8,24,11,21,1.5528202056884766,0.41103363037109375,0,0,0,0,0,0,31026,13231,non_streaming
124,1,124,1,124,1,124,1,124,1,1604,-1,124,1,1480,-1,0.06389617919921875,0.0011920928955078125,0.015020370483398438,0.018835067749023438,0.007152557373046875,0.010967254638671875,0.04696846008300781,28508,124,1728,11,21,15,17,1.0271072387695312,0.2300739288330078,0,0,0,0,0,0,31026,13231,non_streaming
1604,-1,124,-1,1480,-1,124,-1,1480,-1,124,-1,1604,-1,1604,-1,0.00095367431640625,0.053882598876953125,0.0011920928955078125,0.00095367431640625,0.00095367431640625,0.05602836608886719,0.00095367431640625,31344,124,3084,6,26,14,18,1.2798309326171875,0.3180503845214844,0,0,0,0,0,0,31026,13231,non_streaming
576,1,576,1,576,1,576,1,576,1,576,1,576,1,576,1,0.012874603271484375,0.009059906005859375,0.015020370483398438,0.02193450927734375,0.015974044799804688,639.7590637207031,0.011920928955078125,4608,576,576,8,0,0,0,639.8458480834961,639.7590637207031,0,0,0,0,0,0,0,2817,non_streaming
124,1,124,-1,124,1,636,1,124,-1,1480,-1,124,-1,1480,-1,4.17017936706543,1.5900135040283203,0.17690658569335938,4.153013229370117,14.087915420532227,0.0011920928955078125,0.011920928955078125,11264,124,1480,15,17,22,4,73.49300384521484,21.963119506835938,0,0,0,0,0,0,31026,13231,non_streaming
1480,-1,124,-1,1480,-1,124,-1,1480,-1,124,-1,636,-1,124,1,0.0019073486328125,0.029087066650390625,0.00095367431640625,0.024080276489257812,0.0019073486328125,0.00095367431640625,1.6260147094726562,22380,124,1480,7,25,16,13,13.782978057861328,7.4100494384765625,0,0,0,0,0,0,31026,13231,non_streaming
124,-1,124,1,124,1,124,1,124,1,124,1,124,1,124,1,0.0209808349609375,0.00095367431640625,0.32901763916015625,0.0011920928955078125,0.00095367431640625,0.015020370483398438,0.018835067749023438,17528,124,1480,11,21,22,10,5.242109298706055,2.2029876708984375,0,0,0,0,0,0,31026,13231,non_streaming
124,1,124,1,124,1,124,1,1480,-1,124,-1,1480,-1,124,-1,0.025033950805664062,0.018835067749023438,0.0011920928955078125,0.3478527069091797,0.0021457672119140625,0.019788742065429688,0.0021457672119140625,20240,124,1480,8,24,20,12,1.9099712371826172,0.4570484161376953,0,0,0,0,0,0,31026,13231,non_streaming
124,1,124,1,124,1,124,1,1480,-1,124,-1,124,1,124,1,0.0011920928955078125,0.015974044799804688,0.02002716064453125,0.6809234619140625,0.0019073486328125,0.015974044799804688,0.013113021850585938,14816,124,1480,16,16,24,8,2.3741722106933594,0.6809234619140625,0,0,0,0,0,0,31026,13231,non_streaming
124,1,124,1,124,1,124,1,1480,-1,124,-1,1480,-1,124,-1,0.0019073486328125,0.010967254638671875,0.0011920928955078125,0.44989585876464844,0.0019073486328125,0.04220008850097656,0.00095367431640625,17528,124,1480,13,19,22,10,1.2750625610351562,0.44989585876464844,0,0,0,0,0,0,31026,13231,non_streaming
124,-1,1480,-1,124,-1,1480,-1,124,-1,1480,-1,124,-1,1480,-1,0.0019073486328125,0.00095367431640625,0.04315376281738281,0.0019073486328125,0.00095367431640625,0.00095367431640625,0.0011920928955078125,18884,124,1480,9,23,21,11,1.0149478912353516,0.25916099548339844,0,0,0,0,0,0,31026,13231,non_streaming
124,1,124,1,124,1,124,1,1480,-1,124,-1,124,1,124,1,0.15807151794433594,0.0209808349609375,0.016927719116210938,0.3108978271484375,0.048160552978515625,0.2129077911376953,0.026941299438476562,17528,124,1480,12,20,22,10,1.6589164733886719,0.40411949157714844,0,0,0,0,0,0,31026,13231,non_streaming
1480,-1,124,-1,1480,-1,124,-1,1480,-1,124,-1,1480,-1,124,-1,0.0019073486328125,0.026226043701171875,0.00095367431640625,0.0019073486328125,0.00095367431640625,0.023126602172851562,0.0019073486328125,21596,124,1480,6,26,19,13,0.9920597076416016,0.23102760314941406,0,0,0,0,0,0,31026,13231,non_streaming
124,1,124,1,124,1,1480,-1,124,-1,1480,-1,124,-1,1480,-1,0.1380443572998047,0.01811981201171875,0.2048015594482422,0.0011920928955078125,0.04792213439941406,0.00095367431640625,0.0021457672119140625,24308,124,1480,3,29,17,15,0.6799697875976562,0.2048015594482422,0,0,0,0,0,0,31026,13231,non_streaming
124,1,124,-1,124,1,636,1,124,-1,1480,-1,124,-1,1480,-1,4.06193733215332,1.2559890747070312,0.4780292510986328,3.9849281311035156,14.142036437988281,0.00095367431640625,0.013113021850585938,12744,124,1604,15,17,21,5,217.8199291229248,131.70313835144043,0,0,0,0,0,0,31026,13231,non_streaming
1480,-1,124,-1,1480,-1,124,-1,1480,-1,124,-1,1480,-1,124,-1,0.00095367431640625,0.00095367431640625,0.0011920928955078125,0.02193450927734375,0.00095367431640625,0.027894973754882812,0.0011920928955078125,17528,124,1480,12,20,22,10,5.114078521728516,1.9190311431884766,0,0,0,0,0,0,31026,13231,non_streaming
124,1,124,1,124,1,124,1,124,1,124,1,1480,-1,124,-1,0.025987625122070312,0.016927719116210938,0.019073486328125,0.00095367431640625,0.8819103240966797,0.16498565673828125,0.0021457672119140625,21596,124,1480,6,26,19,13,1.878976821899414,0.8819103240966797,0,0,0,0,0,0,31026,13231,non_streaming
1480,-1,124,-1,1480,-1,124,-1,124,1,124,1,124,1,124,1,0.00095367431640625,0.00095367431640625,0.00095367431640625,0.28514862060546875,0.3178119659423828,0.019073486328125,0.01811981201171875,18884,124,1480,10,22,21,11,1.0328292846679688,0.3178119659423828,0,0,0,0,0,0,31026,13231,non_streaming
124,1,124,1,124,1,124,1,1480,-1,124,-1,1480,-1,124,-1,0.025987625122070312,0.015020370483398438,0.01811981201171875,0.21886825561523438,0.0011920928955078125,0.14901161193847656,0.00095367431640625,16172,124,1480,14,18,23,9,1.535177230834961,0.35500526428222656,0,0,0,0,0,0,31026,13231,non_streaming
1480,-1,124,-1,1480,-1,124,-1,1480,-1,124,-1,124,1,1480,-1,0.00095367431640625,0.00095367431640625,0.00095367431640625,0.0011920928955078125,0.00095367431640625,0.03504753112792969,0.008821487426757812,21596,124,1480,7,25,19,13,0.6060600280761719,0.19598007202148438,0,0,0,0,0,0,31026,13231,non_streaming
124,-1,1480,-1,124,-1,124,1,1480,-1,124,-1,124,1,1480,-1,0.041961669921875,0.00095367431640625,0.28896331787109375,0.3371238708496094,0.00095367431640625,0.16307830810546875,0.007867813110351562,17528,124,1480,11,21,22,10,1.50299072265625,0.4417896270751953,0,0,0,0,0,0,31026,13231,non_streaming
124,1,124,1,124,1,1480,-1,124,-1,1480,-1,124,-1,1480,-1,0.025033950805664062,0.016927719116210938,0.24700164794921875,0.0019073486328125,0.049114227294921875,0.0019073486328125,0.0011920928955078125,23200,124,1604,6,26,18,14,0.8308887481689453,0.24700164794921875,0,0,0,0,0,0,31026,13231,non_streaming
1480,-1,124,-1,1480,-1,124,-1,124,1,1480,-1,1604,-1,124,-1,0.00095367431640625,0.0011920928955078125,0.00095367431640625,0.04792213439941406,0.00095367431640625,0.00095367431640625,0.0011920928955078125,21720,124,1604,7,25,19,13,1.207113265991211,0.5259513854980469,0,0,0,0,0,0,31026,13231,non_streaming
124,-1,1480,-1,124,-1,1480,-1,124,-1,124,1,124,1,124,1,0.030040740966796875,0.00095367431640625,0.00095367431640625,0.00095367431640625,0.2510547637939453,0.03910064697265625,0.012874603271484375,17652,124,1604,12,20,22,10,5.446910858154297,2.696990966796875,0,0,0,0,0,0,31026,13231,non_streaming
1480,-1,124,-1,124,1,1480,-1,124,-1,124,1,124,1,124,1,0.00095367431640625,0.2200603485107422,0.2720355987548828,0.0019073486328125,0.011920928955078125,0.0171661376953125,0.018835067749023438,18884,124,1480,11,21,21,11,2.0809173583984375,0.5078315734863281,0,0,0,0,0,0,31026,13231,non_streaming
1604,-1,124,-1,1480,-1,124,-1,1480,-1,124,-1,124,1,124,1,0.0011920928955078125,0.00095367431640625,0.00095367431640625,0.04100799560546875,0.00095367431640625,0.10895729064941406,0.00095367431640625,19008,124,1604,11,21,21,11,2.9571056365966797,1.1858940124511719,0,0,0,0,0,0,31026,13231,non_streaming
124,-1,1480,-1,124,-1,1480,-1,124,-1,1480,-1,124,-1,1480,-1,0.00095367431640625,0.00095367431640625,0.0011920928955078125,0.00095367431640625,0.04291534423828125,0.00095367431640625,0.050067901611328125,24680,124,1604,3,29,16,15,3.253936767578125,1.9619464874267578,0,0,0,0,0,0,31026,13231,non_streaming
1480,-1,124,-1,1480,-1,124,-1,1480,-1,124,-1,1480,-1,124,-1,0.00095367431640625,0.00095367431640625,0.00095367431640625,0.04410743713378906,0.00095367431640625,0.00095367431640625,0.00095367431640625,23200,124,1604,6,26,18,14,2.8247833251953125,0.8068084716796875,0,0,0,0,0,0,31026,13231,non_streaming
1480,-1,124,-1,1480,-1,124,-1,1480,-1,124,-1,1480,-1,1604,-1,0.00095367431640625,0.00095367431640625,0.00095367431640625,0.04410743713378906,0.00095367431640625,0.00095367431640625,0.00095367431640625,24432,124,1604,3,29,17,15,1.3518333435058594,0.8280277252197266,0,0,0,0,0,0,31026,13231,non_streaming
124,-1,1480,-1,124,-1,1480,-1,124,-1,1480,-1,124,-1,1480,-1,0.00095367431640625,0.00095367431640625,0.00095367431640625,0.0011920928955078125,0.04482269287109375,0.0011920928955078125,0.00095367431640625,27268,124,1604,0,32,15,17,0.7719993591308594,0.41294097900390625,0,0,0,0,0,0,31026,13231,non_streaming
124,-1,1480,-1,1604,-1,124,-1,1480,-1,124,-1,1480,-1,1604,-1,0.00095367431640625,0.00095367431640625,0.0011920928955078125,0.053882598876953125,0.00095367431640625,0.00095367431640625,0.0011920928955078125,18272,124,1604,13,19,18,10,0.4940032958984375,0.1990795135498047,0,0,0,0,0,0,31026,13231,non_streaming
124,1,124,1,1480,-1,124,-1,124,1,124,1,124,1,124,1,0.01811981201171875,0.02193450927734375,0.00095367431640625,0.19097328186035156,0.01811981201171875,0.017881393432617188,0.0011920928955078125,12104,124,1480,20,12,26,6,0.8280277252197266,0.28395652770996094,0,0,0,0,0,0,31026,13231,non_streaming
1480,1,124,1,1480,1,124,1,1480,1,124,1,1480,1,124,1,0.00095367431640625,0.00095367431640625,0.00095367431640625,0.05698204040527344,0.0011920928955078125,0.00095367431640625,0.00095367431640625,27144,124,1604,32,0,15,17,0.3159046173095703,0.06508827209472656,0,0,0,0,0,0,13231,31026,non_streaming
124,1,1480,1,124,1,1480,1,124,1,1480,1,124,1,1480,1,1.4340877532958984,0.0019073486328125,0.04601478576660156,0.00095367431640625,0.0011920928955078125,0.00095367431640625,0.00095367431640625,27268,124,1604,32,0,15,17,1.7511844635009766,1.4340877532958984,0,0,0,0,0,0,13231,31026,non_streaming
124,-1,124,-1,124,-1,124,-1,1480,1,124,1,1480,1,124,1,0.025987625122070312,0.2181529998779297,0.016927719116210938,1.2469291687011719,0.0021457672119140625,0.04792213439941406,0.00095367431640625,24432,124,1604,28,4,17,15,1.8260478973388672,1.2469291687011719,0,0,0,0,0,0,13231,31026,non_streaming
124,1,1480,1,124,1,1604,1,1480,1,124,1,1480,1,124,1,0.05698204040527344,0.0011920928955078125,0.0019073486328125,0.00095367431640625,0.00095367431640625,0.05221366882324219,0.00095367431640625,25788,124,1604,32,0,16,16,0.3859996795654297,0.06604194641113281,0,0,0,0,0,0,13231,31026,non_streaming
1480,1,124,1,1480,1,124,1,1480,1,124,1,1480,1,124,1,0.00095367431640625,0.0021457672119140625,0.00095367431640625,0.00095367431640625,0.00095367431640625,0.06508827209472656,0.00095367431640625,27268,124,1604,32,0,15,17,0.3879070281982422,0.07486343383789062,0,0,0,0,0,0,13231,31026,non_streaming
1480,1,1480,1,124,1,1480,1,124,1,124,-1,124,-1,124,-1,0.07891654968261719,0.00095367431640625,0.00095367431640625,0.00095367431640625,0.30422210693359375,0.011920928955078125,0.2498626708984375,14940,124,1480,15,17,23,8,2.852916717529297,1.0509490966796875,0,0,0,0,0,0,13231,31026,non_streaming
1480,1,124,1,1480,1,124,1,1480,1,124,1,1480,1,124,1,0.00095367431640625,0.00095367431640625,0.00095367431640625,0.00095367431640625,0.0011920928955078125,0.028848648071289062,0.00095367431640625,25664,124,1480,32,0,16,16,0.43892860412597656,0.19311904907226562,0,0,0,0,0,0,13231,31026,non_streaming
1480,1,1604,1,124,1,1480,1,124,1,1480,1,124,1,1480,1,0.0019073486328125,0.00095367431640625,0.051975250244140625,0.00095367431640625,0.0011920928955078125,0.00095367431640625,0.00095367431640625,27268,124,1604,32,0,15,17,0.35190582275390625,0.06103515625,0,0,0,0,0,0,13231,31026,non_streaming
1480,1,124,1,1480,1,124,1,1480,1,124,1,1480,1,124,1,0.00095367431640625,0.0011920928955078125,0.00095367431640625,0.12683868408203125,0.0011920928955078125,0.064849853515625,0.00095367431640625,20240,124,1480,24,8,20,12,1.032114028930664,0.3249645233154297,0,0,0,0,0,0,13231,31026,non_streaming
140,1,1480,-1,124,-1,140,1,1480,-1,124,-1,1480,-1,124,-1,0.0209808349609375,0.0021457672119140625,0.00095367431640625,0.04696846008300781,0.0021457672119140625,0.00095367431640625,0.00095367431640625,24340,124,1480,2,30,17,15,0.34117698669433594,0.051975250244140625,0,0,0,0,0,0,31026,13231,non_streaming
1480,-1,124,-1,1480,-1,124,-1,1480,-1,124,-1,1480,-1,124,-1,0.0021457672119140625,0.00095367431640625,0.0019073486328125,0.0021457672119140625,0.0019073486328125,0.051975250244140625,0.0011920928955078125,25664,124,1480,0,32,16,16,0.33402442932128906,0.06604194641113281,0,0,0,0,0,0,31026,13231,non_streaming
1480,-1,124,-1,1480,-1,124,-1,1480,-1,124,-1,1480,-1,124,-1,0.00095367431640625,0.00095367431640625,0.00095367431640625,0.06008148193359375,0.0019073486328125,0.0011920928955078125,0.00095367431640625,23000,124,1480,3,29,18,14,0.885009765625,0.1900196075439453,0,0,0,0,0,0,31026,13231,non_streaming
140,1,1480,-1,124,-1,1480,-1,124,-1,1480,-1,124,-1,1480,-1,0.09989738464355469,0.0019073486328125,0.01621246337890625,0.0019073486328125,0.027894973754882812,0.0011920928955078125,0.02193450927734375,24340,124,1480,2,30,17,15,0.9958744049072266,0.4458427429199219,0,0,0,0,0,0,31026,13231,non_streaming
1480,-1,124,-1,1480,-1,124,-1,1480,-1,124,-1,1480,-1,124,-1,0.0021457672119140625,0.00095367431640625,0.0019073486328125,0.03600120544433594,0.00095367431640625,0.04506111145019531,0.00095367431640625,25664,124,1480,0,32,16,16,0.3631114959716797,0.06604194641113281,0,0,0,0,0,0,31026,13231,non_streaming
1480,-1,124,-1,1480,-1,124,-1,1480,-1,124,-1,1480,-1,124,-1,0.0019073486328125,0.00095367431640625,0.00095367431640625,0.05602836608886719,0.0021457672119140625,0.00095367431640625,0.00095367431640625,25664,124,1480,0,32,16,16,0.32782554626464844,0.06890296936035156,0,0,0,0,0,0,31026,13231,non_streaming
1480,-1,124,-1,1480,-1,124,-1,1480,-1,124,-1,1480,-1,124,-1,0.00095367431640625,0.7579326629638672,0.00095367431640625,0.0011920928955078125,0.04482269287109375,0.00095367431640625,0.0011920928955078125,27268,124,1604,0,32,15,17,1.0848045349121094,0.7579326629638672,0,0,0,0,0,0,31026,13231,non_streaming
1480,-1,124,-1,1480,-1,124,-1,1480,-1,124,-1,1604,-1,1480,-1,0.00095367431640625,0.00095367431640625,0.0011920928955078125,0.051975250244140625,0.00095367431640625,0.00095367431640625,0.00095367431640625,28996,124,1604,0,32,14,18,0.4138946533203125,0.06198883056640625,0,0,0,0,0,0,31026,13231,non_streaming
140,1,1480,-1,124,-1,1604,-1,1480,-1,124,-1,1480,-1,124,-1,0.015020370483398438,0.0019073486328125,0.0011920928955078125,0.00095367431640625,0.00095367431640625,0.010967254638671875,0.00095367431640625,25820,124,1604,2,30,16,16,0.6670951843261719,0.3209114074707031,0,0,0,0,0,0,31026,13231,non_streaming
124,-1,1480,-1,124,-1,1480,-1,124,-1,1604,-1,1480,-1,124,-1,0.00095367431640625,0.00095367431640625,0.0400543212890625,0.00095367431640625,0.00095367431640625,0.0011920928955078125,0.00095367431640625,25928,124,1604,1,31,16,16,0.5688667297363281,0.13494491577148438,0,0,0,0,0,0,31026,13231,non_streaming
124,-1,1480,-1,124,-1,1480,-1,124,-1,1480,-1,124,-1,1480,-1,0.0209808349609375,0.00095367431640625,0.025033950805664062,0.00095367431640625,0.016927719116210938,0.00095367431640625,0.019073486328125,17528,124,1480,11,21,22,10,2.4039745330810547,0.7481575012207031,0,0,0,0,0,0,31026,13231,non_streaming
124,1,1480,-1,124,-1,1480,-1,124,-1,1480,-1,124,-1,1480,-1,1.6100406646728516,0.00095367431640625,0.030040740966796875,0.03910064697265625,0.31495094299316406,0.00095367431640625,0.013113021850585938,21596,124,1480,6,26,19,13,3.6630630493164062,1.6100406646728516,0,0,0,0,0,0,31026,13231,non_streaming
1480,-1,124,-1,1480,-1,124,-1,1480,-1,124,-1,1480,-1,124,-1,0.00095367431640625,0.74005126953125,0.0019073486328125,0.03504753112792969,0.00095367431640625,0.00095367431640625,0.00095367431640625,18884,124,1480,10,22,21,11,2.2430419921875,0.74005126953125,0,0,0,0,0,0,31026,13231,non_streaming
1480,-1,124,-1,1480,-1,124,-1,1480,-1,124,-1,1604,-1,1480,-1,0.00095367431640625,0.080108642578125,0.0019073486328125,0.051021575927734375,0.0021457672119140625,0.00095367431640625,0.00095367431640625,23200,124,1604,7,25,18,14,1.2140274047851562,0.5669593811035156,0,0,0,0,0,0,31026,13231,non_streaming
124,-1,124,1,124,1,124,1,124,1,124,1,124,1,124,1,0.12111663818359375,0.015020370483398438,0.00095367431640625,0.016927719116210938,0.00095367431640625,0.02002716064453125,0.2779960632324219,14816,124,1480,15,17,24,8,1.7981529235839844,0.4699230194091797,0,0,0,0,0,0,31026,13231,non_streaming
1480,-1,124,-1,1480,-1,124,-1,1480,-1,124,-1,1480,-1,124,-1,0.00095367431640625,0.0011920928955078125,0.00095367431640625,0.00095367431640625,0.00095367431640625,0.04410743713378906,0.00095367431640625,23076,124,1604,6,26,18,14,1.1129379272460938,0.2491474151611328,0,0,0,0,0,0,31026,13231,non_streaming
124,-1,1480,-1,124,-1,1480,-1,124,-1,1480,-1,124,-1,124,1,0.00095367431640625,0.00095367431640625,0.0019073486328125,0.0011920928955078125,0.00095367431640625,0.00095367431640625,0.080108642578125,17652,124,1480,11,21,21,10,0.3178119659423828,0.080108642578125,0,0,0,0,0,0,31026,13231,non_streaming
1480,-1,124,-1,1480,-1,124,-1,1480,-1,124,-1,1480,-1,124,-1,0.0011920928955078125,0.00095367431640625,0.00095367431640625,0.00095367431640625,0.008106231689453125,0.041961669921875,0.00095367431640625,24432,124,1604,3,29,17,15,0.9901523590087891,0.29206275939941406,0,0,0,0,0,0,31026,13231,non_streaming
124,1,124,-1,124,1,636,1,124,-1,1480,-1,124,-1,1480,-1,4.278898239135742,1.322031021118164,0.331878662109375,4.062175750732422,14.183998107910156,0.00095367431640625,0.025033950805664062,11264,124,1480,15,17,22,4,72.44086265563965,22.671937942504883,0,0,0,0,0,0,31026,13231,non_streaming
1480,-1,124,-1,1480,-1,124,-1,1480,-1,124,-1,636,-1,124,1,0.0030994415283203125,0.02002716064453125,0.00095367431640625,0.011920928955078125,0.00095367431640625,0.0171661376953125,1.2409687042236328,21584,124,1480,6,26,16,12,12.480974197387695,4.194974899291992,0,0,0,0,0,0,31026,13231,non_streaming
124,-1,124,1,1480,-1,124,-1,1480,-1,124,-1,1480,-1,124,-1,0.00286102294921875,0.023126602172851562,0.00095367431640625,0.024080276489257812,0.00095367431640625,0.028848648071289062,0.0011920928955078125,17528,124,1480,12,20,22,10,4.914999008178711,1.6298294067382812,0,0,0,0,0,0,31026,13231,non_streaming
124,-1,1480,-1,124,-1,1480,-1,124,-1,124,1,1480,-1,124,-1,0.025033950805664062,0.0019073486328125,0.023126602172851562,0.00095367431640625,0.3459453582763672,0.23102760314941406,0.00095367431640625,18884,124,1480,9,23,21,11,1.7049312591552734,0.3459453582763672,0,0,0,0,0,0,31026,13231,non_streaming
124,1,124,1,1480,-1,124,-1,1480,-1,1604,-1,124,-1,1480,-1,0.0171661376953125,1.0628700256347656,0.0011920928955078125,0.05078315734863281,0.0021457672119140625,0.00095367431640625,0.00095367431640625,26036,124,1604,3,29,16,16,2.3970603942871094,1.0628700256347656,0,0,0,0,0,0,31026,13231,non_streaming
1480,-1,124,-1,124,1,124,1,124,1,124,1,124,1,124,1,0.00095367431640625,0.0059604644775390625,0.028133392333984375,0.017881393432617188,0.019073486328125,0.00095367431640625,0.016927719116210938,16420,124,1604,16,16,23,9,0.8120536804199219,0.35691261291503906,0,0,0,0,0,0,31026,13231,non_streaming
1480,-1,124,-1,1480,-1,1604,-1,124,-1,1480,-1,124,-1,1480,-1,0.00095367431640625,0.049114227294921875,0.00095367431640625,0.00095367431640625,0.00095367431640625,0.00095367431640625,0.04506111145019531,21968,124,1604,9,23,19,13,0.9958744049072266,0.2589225769042969,0,0,0,0,0,0,31026,13231,non_streaming
1480,-1,124,-1,124,1,124,1,124,1,124,1,124,1,1480,-1,0.00095367431640625,0.008106231689453125,0.24008750915527344,0.02384185791015625,0.019073486328125,0.017881393432617188,0.08106231689453125,20612,124,1604,12,20,20,12,2.679109573364258,0.8609294891357422,0,0,0,0,0,0,31026,13231,non_streaming
1604,-1,124,-1,1480,-1,124,-1,1480,-1,124,-1,1480,-1,124,-1,0.00095367431640625,0.00095367431640625,0.0011920928955078125,0.0438690185546875,0.00095367431640625,0.00095367431640625,0.0011920928955078125,27392,124,1604,0,32,15,17,0.9059906005859375,0.5900859832763672,0,0,0,0,0,0,31026,13231,non_streaming
1480,-1,124,-1,1480,-1,124,-1,1480,-1,1604,-1,124,-1,1480,-1,0.00095367431640625,0.04696846008300781,0.00095367431640625,0.0011920928955078125,0.00095367431640625,0.00095367431640625,0.00095367431640625,25912,124,1604,2,30,16,16,0.5259513854980469,0.2391338348388672,0,0,0,0,0,0,31026,13231,non_streaming
124,1,124,-1,124,1,636,1,124,-1,1480,-1,124,-1,1480,-1,4.097938537597656,1.5130043029785156,0.5340576171875,4.094123840332031,14.322996139526367,0.0019073486328125,0.00095367431640625,11264,124,1480,15,17,22,4,71.25210762023926,21.085023880004883,0,0,0,0,0,0,31026,13231,non_streaming
1480,-1,124,-1,1480,-1,124,-1,1480,-1,124,-1,636,-1,124,1,0.0030994415283203125,0.014066696166992188,0.00095367431640625,0.011920928955078125,0.0021457672119140625,0.00095367431640625,1.3508796691894531,21584,124,1480,6,26,16,12,11.710166931152344,4.104137420654297,0,0,0,0,0,0,31026,13231,non_streaming
124,-1,1480,-1,124,-1,1480,-1,124,-1,1480,-1,124,-1,124,1,0.026941299438476562,0.00095367431640625,0.00095367431640625,0.0011920928955078125,0.02384185791015625,0.0011920928955078125,0.2467632293701172,17528,124,1480,11,21,22,10,4.937887191772461,1.7139911651611328,0,0,0,0,0,0,31026,13231,non_streaming
1604,-1,1480,-1,124,-1,1480,-1,124,-1,1480,-1,124,-1,1480,-1,0.6010532379150391,0.00095367431640625,0.028133392333984375,0.00095367431640625,0.00095367431640625,0.00095367431640625,0.028133392333984375,20488,124,1604,11,21,20,12,2.357006072998047,0.6010532379150391,0,0,0,0,0,0,31026,13231,non_streaming
124,-1,1480,-1,124,-1,1480,-1,124,-1,1480,-1,124,-1,1480,-1,0.04482269287109375,0.0011920928955078125,0.04792213439941406,0.00095367431640625,0.00095367431640625,0.0011920928955078125,0.00095367431640625,17652,124,1604,12,20,22,10,2.435922622680664,0.8330345153808594,0,0,0,0,0,0,31026,13231,non_streaming
124,1,124,1,1480,-1,124,-1,1480,-1,124,-1,124,1,1480,-1,0.01811981201171875,0.5788803100585938,0.0011920928955078125,0.03981590270996094,0.02002716064453125,0.023126602172851562,0.6308555603027344,23076,124,1604,5,27,18,14,1.8801689147949219,0.6308555603027344,0,0,0,0,0,0,31026,13231,non_streaming
124,-1,1480,-1,124,-1,1480,-1,124,-1,1480,-1,124,-1,1480,-1,0.041961669921875,0.00095367431640625,0.00095367431640625,0.0011920928955078125,0.0457763671875,0.0011920928955078125,0.00095367431640625,27392,124,1604,0,32,15,17,0.39887428283691406,0.051975250244140625,0,0,0,0,0,0,31026,13231,non_streaming
1480,-1,124,-1,1480,-1,1604,-1,124,-1,1480,-1,124,-1,1480,-1,0.0011920928955078125,0.04982948303222656,0.0021457672119140625,0.00095367431640625,0.04506111145019531,0.00095367431640625,0.0019073486328125,10872,124,1604,23,9,27,5,2.0051002502441406,0.36907196044921875,0,0,0,0,0,0,31026,13231,non_streaming
1480,-1,124,-1,1480,-1,124,-1,1480,-1,124,-1,1480,-1,124,-1,0.00095367431640625,0.051021575927734375,0.00095367431640625,0.24008750915527344,0.00095367431640625,0.051021575927734375,0.00095367431640625,28748,124,1604,0,32,14,18,1.1649131774902344,0.6020069122314453,0,0,0,0,0,0,31026,13231,non_streaming
124,1,124,-1,124,1,636,1,124,-1,1604,-1,1480,-1,124,-1,4.065036773681641,1.341104507446289,0.3600120544433594,3.8919448852539062,14.426946640014648,0.02193450927734375,0.0011920928955078125,14472,124,1604,15,17,20,6,79.97012138366699,16.757965087890625,0,0,0,0,0,0,31026,13231,non_streaming
1480,-1,124,-1,636,-1,124,1,124,1,124,1,124,1,204,1,0.0011920928955078125,0.00095367431640625,1.4638900756835938,0.010013580322265625,0.2110004425048828,0.02193450927734375,2.0110607147216797,21584,124,1480,6,26,16,12,11.82413101196289,4.3849945068359375,0,0,0,0,0,0,31026,13231,non_streaming
124,-1,1480,-1,124,-1,124,1,124,1,124,1,124,1,124,1,0.02002716064453125,0.0019073486328125,0.3941059112548828,0.10585784912109375,0.024080276489257812,0.015974044799804688,0.014066696166992188,17528,124,1480,12,20,22,10,5.889892578125,2.207040786743164,0,0,0,0,0,0,31026,13231,non_streaming
124,-1,1480,-1,124,-1,1480,-1,124,-1,1480,-1,124,-1,1480,-1,0.02384185791015625,0.0011920928955078125,0.00095367431640625,0.00095367431640625,0.025987625122070312,0.00095367431640625,0.03218650817871094,18884,124,1480,9,23,21,11,2.0630359649658203,0.5068778991699219,0,0,0,0,0,0,31026,13231,non_streaming
1480,-1,124,-1,1480,-1,124,-1,1480,-1,124,-1,124,1,124,1,0.00095367431640625,0.00095367431640625,0.00095367431640625,0.04100799560546875,0.0011920928955078125,0.22292137145996094,0.025987625122070312,16296,124,1604,15,17,23,9,2.2330284118652344,0.61798095703125,0,0,0,0,0,0,31026,13231,non_streaming
1480,-1,124,-1,1480,-1,124,-1,1480,-1,124,-1,1480,-1,124,-1,0.0021457672119140625,0.04982948303222656,0.0021457672119140625,0.00095367431640625,0.00095367431640625,0.00095367431640625,0.00095367431640625,25912,124,1604,3,29,16,16,1.2149810791015625,0.55694580078125,0,0,0,0,0,0,31026,13231,non_streaming
124,-1,124,1,124,1,124,1,124,1,124,1,124,1,124,1,0.08511543273925781,0.025033950805664062,0.017881393432617188,0.02002716064453125,0.00095367431640625,0.2541542053222656,0.02193450927734375,19008,124,1604,11,21,21,11,1.3511180877685547,0.2541542053222656,0,0,0,0,0,0,31026,13231,non_streaming
124,-1,1480,-1,124,-1,1480,-1,124,-1,1480,-1,124,-1,1480,-1,0.00095367431640625,0.0011920928955078125,0.04291534423828125,0.00095367431640625,0.00095367431640625,0.00095367431640625,0.0011920928955078125,19008,124,1604,10,22,21,11,1.2359619140625,0.6380081176757812,0,0,0,0,0,0,31026,13231,non_streaming
124,-1,1480,-1,124,-1,1480,-1,124,-1,1480,-1,124,-1,1480,-1,0.05698204040527344,0.00095367431640625,0.00095367431640625,0.00095367431640625,0.00095367431640625,0.0011920928955078125,0.04291534423828125,27392,124,1604,0,32,15,17,1.0018348693847656,0.682830810546875,0,0,0,0,0,0,31026,13231,non_streaming
1480,-1,124,-1,1480,-1,124,-1,1480,-1,124,-1,1480,-1,124,-1,0.00095367431640625,0.0019073486328125,0.0011920928955078125,0.04792213439941406,0.00095367431640625,0.0019073486328125,0.0011920928955078125,25664,124,1480,0,32,16,16,0.6239414215087891,0.28514862060546875,0,0,0,0,0,0,31026,13231,non_streaming
124,1,124,-1,124,1,636,1,124,-1,1480,-1,124,-1,1480,-1,4.246950149536133,1.5790462493896484,0.5009174346923828,4.147052764892578,14.528036117553711,0.00095367431640625,0.03314018249511719,11264,124,1480,15,17,22,4,61.86103820800781,14.528036117553711,0,0,0,0,0,0,31026,13231,non_streaming
1480,-1,124,-1,1480,-1,124,-1,1480,-1,124,-1,636,-1,124,1,0.0019073486328125,0.009059906005859375,0.00095367431640625,0.012874603271484375,0.0011920928955078125,0.0019073486328125,1.3871192932128906,21584,124,1480,6,26,16,12,11.37399673461914,4.106998443603516,0,0,0,0,0,0,31026,13231,non_streaming
124,1,124,1,1480,-1,124,-1,1480,-1,124,-1,1604,-1,1480,-1,0.0019073486328125,0.45800209045410156,0.0011920928955078125,0.051975250244140625,0.00095367431640625,0.00095367431640625,0.00095367431640625,19132,124,1604,12,20,21,11,2.4480819702148438,0.6020069122314453,0,0,0,0,0,0,31026,13231,non_streaming
124,1,124,1,124,1,124,1,124,1,124,1,1480,-1,124,-1,0.017881393432617188,0.0021457672119140625,0.015974044799804688,0.017881393432617188,0.35119056701660156,0.27298927307128906,0.0019073486328125,21720,124,1604,7,25,19,13,1.8310546875,0.6349086761474609,0,0,0,0,0,0,31026,13231,non_streaming
1480,-1,124,-1,124,1,124,1,124,1,124,1,1480,-1,124,1,0.00095367431640625,0.10609626770019531,0.019073486328125,0.0209808349609375,0.018835067749023438,0.0,0.0011920928955078125,17528,124,1480,13,19,22,10,1.0449886322021484,0.43201446533203125,0,0,0,0,0,0,31026,13231,non_streaming
124,-1,1480,-1,124,-1,124,1,1480,-1,124,-1,1480,-1,124,-1,0.027179718017578125,0.00095367431640625,0.22482872009277344,0.3561973571777344,0.0019073486328125,0.026941299438476562,0.00095367431640625,24308,124,1480,1,31,17,15,1.9211769104003906,0.7500648498535156,0,0,0,0,0,0,31026,13231,non_streaming
1480,-1,124,-1,1480,-1,124,-1,1480,-1,124,-1,1480,-1,124,-1,0.0011920928955078125,0.030994415283203125,0.00095367431640625,0.00095367431640625,0.00095367431640625,0.025033950805664062,0.00095367431640625,25664,124,1480,0,32,16,16,1.0759830474853516,0.7870197296142578,0,0,0,0,0,0,31026,13231,non_streaming
124,1,1480,1,124,1,1480,1,124,1,1480,1,124,1,1480,1,0.00095367431640625,0.0021457672119140625,0.04696846008300781,0.0019073486328125,0.00095367431640625,0.0021457672119140625,0.00095367431640625,25664,124,1480,32,0,16,16,0.431060791015625,0.052928924560546875,0,0,0,0,0,0,13231,31026,non_streaming
124,1,1480,1,1480,1,124,1,1480,1,124,1,1480,1,124,1,0.00095367431640625,0.04601478576660156,0.0030994415283203125,0.05507469177246094,0.0019073486328125,0.06699562072753906,0.00095367431640625,21596,124,1480,26,6,19,13,0.6561279296875,0.15306472778320312,0,0,0,0,0,0,13231,31026,non_streaming
1480,1,124,1,1480,1,124,1,1480,1,124,1,1480,1,124,1,0.00095367431640625,0.03218650817871094,0.00095367431640625,0.00095367431640625,0.00095367431640625,0.051021575927734375,0.00095367431640625,25664,124,1480,32,0,16,16,0.20813941955566406,0.051975250244140625,0,0,0,0,0,0,13231,31026,non_streaming
1480,1,124,1,1480,1,124,1,124,-1,1480,1,124,1,1480,1,0.00095367431640625,0.0019073486328125,0.0011920928955078125,0.035762786865234375,0.15020370483398438,0.00095367431640625,0.05984306335449219,19332,124,1480,22,10,20,11,1.3968944549560547,0.30493736267089844,0,0,0,0,0,0,13231,31026,non_streaming
124,1,1480,1,124,1,1480,1,124,1,1480,1,124,1,1480,1,0.00095367431640625,0.00095367431640625,0.05221366882324219,0.00095367431640625,0.00095367431640625,0.00095367431640625,0.0021457672119140625,19252,124,1480,24,8,20,11,0.3159046173095703,0.0591278076171875,0,0,0,0,0,0,13231,31026,non_streaming
248,-1,124,-1,124,-1,124,-1,1480,1,124,1,1480,1,124,1,0.00095367431640625,0.00095367431640625,0.015974044799804688,0.4100799560546875,0.00095367431640625,0.04506111145019531,0.0019073486328125,15500,124,1480,18,14,22,8,1.405954360961914,0.4100799560546875,0,0,0,0,0,0,13231,31026,non_streaming
124,-1,1480,1,124,1,1480,1,124,1,1480,1,124,1,1480,1,0.03910064697265625,0.0019073486328125,0.00095367431640625,0.0011920928955078125,0.0019073486328125,0.00095367431640625,0.041961669921875,25444,124,1480,31,1,16,16,1.4281272888183594,1.0750293731689453,0,0,0,0,0,0,13231,31026,non_streaming
1480,1,124,1,1480,1,124,1,1480,1,124,1,1480,1,124,1,0.0019073486328125,0.0011920928955078125,0.00095367431640625,0.00095367431640625,0.0019073486328125,0.0400543212890625,0.00095367431640625,27008,124,1480,32,0,15,17,0.8559226989746094,0.5359649658203125,0,0,0,0,0,0,13231,31026,non_streaming
124,1,1480,1,124,1,620,1,124,-1,1480,1,124,1,1480,1,0.0011920928955078125,0.0019073486328125,0.00095367431640625,1.8949508666992188,0.05316734313964844,0.00095367431640625,0.051975250244140625,24804,124,1480,31,1,16,15,2.215147018432617,1.8949508666992188,0,0,0,0,0,0,13231,31026,non_streaming
124,1,1480,1,124,1,1480,1,124,1,1480,1,124,1,1480,1,0.0019073486328125,0.0011920928955078125,0.051975250244140625,0.00095367431640625,0.0019073486328125,0.0011920928955078125,0.00095367431640625,12484,124,1480,14,18,25,6,3.072023391723633,1.956939697265625,0,0,0,0,0,0,13231,31026,non_streaming
144,1,144,-1,144,1,656,1,144,-1,1500,-1,56,-1,1500,-1,4.142999649047852,1.4231204986572266,0.720977783203125,4.070043563842773,14.405965805053711,0.0019073486328125,0.013113021850585938,12972,56,1500,14,18,21,5,87.37897872924805,21.49200439453125,0,0,0,0,0,0,4500,4500,non_streaming
56,-1,1500,-1,56,-1,1500,-1,56,-1,672,-1,144,1,160,1,0.028133392333984375,0.0019073486328125,0.011920928955078125,0.0021457672119140625,0.00095367431640625,1.1658668518066406,0.015020370483398438,21216,56,1500,5,27,16,12,11.569023132324219,4.323005676269531,0,0,0,0,0,0,4500,4500,non_streaming
56,-1,1500,-1,56,-1,160,1,1500,-1,56,-1,1500,-1,56,-1,0.02002716064453125,0.0019073486328125,0.8552074432373047,0.08082389831542969,0.0030994415283203125,0.026941299438476562,0.00095367431640625,22376,56,1500,4,28,18,14,5.983114242553711,2.557992935180664,0,0,0,0,0,0,4500,4500,non_streaming
56,-1,1500,-1,56,-1,144,1,144,1,1500,-1,56,-1,1500,-1,0.02193450927734375,0.0021457672119140625,0.32591819763183594,0.4889965057373047,0.09989738464355469,0.0030994415283203125,0.010013580322265625,21092,56,1500,6,26,19,13,2.7000904083251953,0.5679130554199219,0,0,0,0,0,0,4500,4500,non_streaming
56,-1,1500,-1,56,-1,1500,-1,56,-1,1500,-1,56,-1,144,1,0.0019073486328125,0.00095367431640625,0.031232833862304688,0.0019073486328125,0.00095367431640625,0.0019073486328125,0.3681182861328125,22272,56,1500,3,29,18,14,3.443002700805664,0.9620189666748047,0,0,0,0,0,0,4500,4500,non_streaming
1500,-1,56,-1,1500,-1,56,-1,1500,-1,56,-1,144,1,144,1,0.0011920928955078125,0.00095367431640625,0.00095367431640625,0.00095367431640625,0.0021457672119140625,0.5140304565429688,0.02288818359375,22360,56,1500,4,28,18,14,1.5690326690673828,0.5140304565429688,0,0,0,0,0,0,4500,4500,non_streaming
1500,-1,56,-1,1500,-1,56,-1,1500,-1,56,-1,1500,-1,56,-1,0.00095367431640625,0.0011920928955078125,0.00095367431640625,0.00095367431640625,0.00095367431640625,0.04100799560546875,0.00095367431640625,22504,56,1556,5,27,18,14,1.9850730895996094,0.43010711669921875,0,0,0,0,0,0,4500,4500,non_streaming
1500,-1,56,-1,1500,-1,56,-1,1500,-1,56,-1,1500,-1,56,-1,0.00095367431640625,0.04887580871582031,0.00095367431640625,0.0011920928955078125,0.00095367431640625,0.00095367431640625,0.00095367431640625,24984,56,1500,1,31,16,16,1.2848377227783203,0.576019287109375,0,0,0,0,0,0,4500,4500,non_streaming
56,-1,1500,-1,56,-1,1500,-1,56,-1,1500,-1,56,-1,1500,-1,0.00095367431640625,0.00095367431640625,0.00095367431640625,0.00095367431640625,0.04410743713378906,0.0019073486328125,0.0011920928955078125,22272,56,1500,3,29,18,14,0.8609294891357422,0.38814544677734375,0,0,0,0,0,0,4500,4500,non_streaming
144,1,1500,-1,56,-1,1500,-1,56,-1,1500,-1,56,-1,1500,-1,0.17499923706054688,0.0021457672119140625,0.016927719116210938,0.0019073486328125,0.024080276489257812,0.0019073486328125,0.0011920928955078125,24984,56,1500,1,31,16,16,0.48995018005371094,0.17499923706054688,0,0,0,0,0,0,4500,4500,non_streaming
56,-1,1500,-1,56,-1,144,1,144,1,1500,-1,56,-1,1500,-1,0.04100799560546875,0.0019073486328125,0.32901763916015625,0.02002716064453125,0.09989738464355469,0.0021457672119140625,0.04482269287109375,23628,56,1500,2,30,17,15,1.2018680572509766,0.46896934509277344,0,0,0,0,0,0,4500,4500,non_streaming
1500,1,56,1,1556,1,1500,1,56,1,1500,1,56,1,1500,1,0.0011920928955078125,0.00095367431640625,0.00095367431640625,0.00095367431640625,0.050067901611328125,0.00095367431640625,0.00095367431640625,26452,56,1556,32,0,15,17,0.3001689910888672,0.06198883056640625,0,0,0,0,0,0,4500,4500,non_streaming
1556,1,56,1,1500,1,56,1,1500,1,56,1,1500,1,56,1,0.00095367431640625,0.051975250244140625,0.00095367431640625,0.05698204040527344,0.0021457672119140625,0.00095367431640625,0.00095367431640625,26452,56,1556,32,0,15,17,0.9980201721191406,0.28705596923828125,0,0,0,0,0,0,4500,4500,non_streaming
56,1,1500,1,56,1,1500,1,56,1,1500,1,56,1,1556,1,0.04291534423828125,0.0011920928955078125,0.00095367431640625,0.00095367431640625,0.041961669921875,0.00095367431640625,0.0011920928955078125,26508,56,1556,32,0,15,17,0.4019737243652344,0.054836273193359375,0,0,0,0,0,0,4500,4500,non_streaming
1500,1,56,1,144,-1,144,-1,1500,1,56,1,1500,1,56,1,0.0011920928955078125,0.03600120544433594,0.017881393432617188,0.0059604644775390625,0.00095367431640625,0.0011920928955078125,0.00095367431640625,23772,56,1556,29,3,17,15,0.2570152282714844,0.06604194641113281,0,0,0,0,0,0,4500,4500,non_streaming
56,1,1500,1,56,1,1500,1,56,1,1500,1,56,1,1500,1,0.00095367431640625,0.00095367431640625,0.051021575927734375,0.00095367431640625,0.0011920928955078125,0.00095367431640625,0.00095367431640625,25040,56,1556,31,1,16,16,0.4639625549316406,0.06604194641113281,0,0,0,0,0,0,4500,4500,non_streaming
56,1,1500,1,56,1,1500,1,56,1,1500,1,56,1,1556,1,0.00095367431640625,0.0011920928955078125,0.00095367431640625,0.00095367431640625,0.04696846008300781,0.00095367431640625,0.00095367431640625,26452,56,1556,32,0,15,17,0.2770423889160156,0.05698204040527344,0,0,0,0,0,0,4500,4500,non_streaming
56,1,1500,1,56,1,1500,1,56,1,1500,1,56,1,1500,1,0.00095367431640625,0.0011920928955078125,0.0438690185546875,0.00095367431640625,0.06198883056640625,0.0011920928955078125,0.00095367431640625,24896,56,1500,32,0,16,16,0.36597251892089844,0.06198883056640625,0,0,0,0,0,0,4500,4500,non_streaming
56,1,1500,1,56,1,1500,1,56,1,144,-1,288,-1,144,-1,0.0011920928955078125,0.00095367431640625,0.04506111145019531,0.00095367431640625,0.3058910369873047,0.00095367431640625,0.2779960632324219,24060,56,1556,28,4,16,15,0.9782314300537109,0.3058910369873047,0,0,0,0,0,0,4500,4500,non_streaming
56,1,1500,1,56,1,1500,1,56,1,1500,1,56,1,1500,1,0.05698204040527344,0.00095367431640625,0.00095367431640625,0.00095367431640625,0.0011920928955078125,0.00095367431640625,0.00095367431640625,24952,56,1556,32,0,16,16,0.31685829162597656,0.05698204040527344,0,0,0,0,0,0,4500,4500,non_streaming
1500,1,56,1,1500,1,56,1,1500,1,56,1,144,-1,1500,1,0.00095367431640625,0.04696846008300781,0.00095367431640625,0.0011920928955078125,0.00286102294921875,0.2961158752441406,0.09584426879882812,25272,56,1556,29,3,16,16,1.7180442810058594,0.40602684020996094,0,0,0,0,0,0,4500,4500,non_streaming
56,1,1500,1,56,1,144,-1,1500,1,56,1,1500,1,56,1,0.026941299438476562,0.010967254638671875,0.4031658172607422,0.030994415283203125,0.00095367431640625,0.010967254638671875,0.00095367431640625,25096,56,1556,31,1,16,16,1.483917236328125,0.8089542388916016,0,0,0,0,0,0,4500,4500,non_streaming
1500,1,56,1,144,-1,1500,1,56,1,1500,1,56,1,1500,1,0.0011920928955078125,0.8668899536132812,0.11897087097167969,0.0021457672119140625,0.051021575927734375,0.00095367431640625,0.00095367431640625,25128,56,1556,30,2,16,16,1.8360614776611328,0.8668899536132812,0,0,0,0,0,0,4500,4500,non_streaming
56,1,1500,1,56,1,1500,1,56,1,1500,1,56,1,1500,1,0.03695487976074219,2.6781558990478516,0.030994415283203125,0.0019073486328125,0.00095367431640625,0.0021457672119140625,0.032901763916015625,22272,56,1500,29,3,18,14,3.4720897674560547,2.6781558990478516,0,0,0,0,0,0,4500,4500,non_streaming
1500,1,56,1,1500,1,56,1,1500,1,56,1,1500,1,56,1,0.00095367431640625,0.00095367431640625,0.0011920928955078125,0.00095367431640625,0.00095367431640625,0.1659393310546875,0.0021457672119140625,25272,56,1556,29,3,16,16,1.0209083557128906,0.3161430358886719,0,0,0,0,0,0,4500,4500,non_streaming
56,1,1500,1,56,1,1556,1,1500,1,56,1,1500,1,56,1,0.03790855407714844,0.00095367431640625,0.00095367431640625,0.05316734313964844,0.00095367431640625,0.0019073486328125,0.00095367431640625,25040,56,1556,31,1,16,16,0.5788803100585938,0.15592575073242188,0,0,0,0,0,0,4500,4500,non_streaming
56,1,1500,1,56,1,1500,1,56,1,1500,1,56,1,1500,1,0.00095367431640625,0.0011920928955078125,0.00095367431640625,0.00095367431640625,0.041961669921875,0.0021457672119140625,0.00095367431640625,24952,56,1556,32,0,16,16,0.31495094299316406,0.05698204040527344,0,0,0,0,0,0,4500,4500,non_streaming
1500,1,56,1,1500,1,56,1,1500,1,56,1,1500,1,56,1,0.00095367431640625,0.00095367431640625,0.00095367431640625,0.00095367431640625,0.0011920928955078125,0.0019073486328125,0.00095367431640625,24896,56,1500,32,0,16,16,0.3829002380371094,0.06794929504394531,0,0,0,0,0,0,4500,4500,non_streaming
1500,1,56,1,1500,1,56,1,1500,1,56,1,1500,1,56,1,0.0019073486328125,0.047206878662109375,0.00095367431640625,0.00095367431640625,0.00095367431640625,0.04410743713378906,0.00095367431640625,20056,56,1556,22,10,20,12,1.5370845794677734,0.6279945373535156,0,0,0,0,0,0,4500,4500,non_streaming
144,1,144,-1,144,1,656,1,144,-1,1500,-1,56,-1,1500,-1,4.222869873046875,1.0981559753417969,0.35190582275390625,4.005908966064453,14.585018157958984,0.00095367431640625,0.010013580322265625,12972,56,1500,14,18,21,5,74.38182830810547,14.585018157958984,0,0,0,0,0,0,4500,4500,non_streaming
56,-1,1500,-1,56,-1,1500,-1,728,-1,160,1,144,1,224,1,0.028848648071289062,0.00095367431640625,0.013113021850585938,0.00095367431640625,1.1091232299804688,0.010967254638671875,2.5980472564697266,22844,56,1556,5,27,15,13,13.659954071044922,5.119085311889648,0,0,0,0,0,0,4500,4500,non_streaming
144,1,144,1,1500,-1,56,-1,1500,-1,56,-1,144,1,1500,-1,0.018835067749023438,0.20503997802734375,0.00095367431640625,0.030040740966796875,0.030994415283203125,2.2840499877929688,1.5339851379394531,24060,56,1556,5,27,17,15,7.070064544677734,2.2840499877929688,0,0,0,0,0,0,4500,4500,non_streaming
1500,-1,56,-1,1500,-1,56,-1,1500,-1,56,-1,1500,-1,56,-1,0.0011920928955078125,0.00095367431640625,0.00095367431640625,0.02193450927734375,0.00095367431640625,0.028133392333984375,0.00095367431640625,25272,56,1556,3,29,16,16,2.9480457305908203,0.8990764617919922,0,0,0,0,0,0,4500,4500,non_streaming
56,-1,1556,-1,1500,-1,56,-1,1500,-1,56,-1,144,1,1556,-1,0.00095367431640625,0.04220008850097656,0.00095367431640625,0.00095367431640625,0.00095367431640625,0.12612342834472656,0.3628730773925781,26884,56,1556,3,29,15,17,1.6570091247558594,0.762939453125,0,0,0,0,0,0,4500,4500,non_streaming
1556,-1,1500,-1,56,-1,144,1,144,1,144,1,1500,-1,56,-1,0.04482269287109375,0.0011920928955078125,0.18978118896484375,0.23221969604492188,0.3437995910644531,0.08320808410644531,0.00095367431640625,24148,56,1556,6,26,17,15,1.4889240264892578,0.3437995910644531,0,0,0,0,0,0,4500,4500,non_streaming
56,-1,1556,-1,1500,-1,56,-1,1556,-1,1500,-1,56,-1,1500,-1,0.014066696166992188,0.015974044799804688,0.00095367431640625,0.02002716064453125,0.02002716064453125,0.00095367431640625,0.023126602172851562,28296,56,1556,2,30,14,18,1.1439323425292969,0.5009174346923828,0,0,0,0,0,0,4500,4500,non_streaming
56,-1,1500,-1,56,-1,1500,-1,56,-1,144,1,1500,-1,56,-1,0.041961669921875,0.00095367431640625,0.2410411834716797,0.04696846008300781,0.14710426330566406,0.20885467529296875,0.00095367431640625,25096,56,1556,1,31,16,16,0.90789794921875,0.2410411834716797,0,0,0,0,0,0,4500,4500,non_streaming
1500,-1,56,-1,144,1,144,1,1500,-1,56,-1,1500,-1,56,-1,0.0011920928955078125,0.1690387725830078,0.10085105895996094,0.12993812561035156,0.0011920928955078125,0.03981590270996094,0.0011920928955078125,25184,56,1556,2,30,16,16,1.0030269622802734,0.1690387725830078,0,0,0,0,0,0,4500,4500,non_streaming
144,1,144,-1,144,1,656,1,144,-1,1500,-1,56,-1,1500,-1,4.128932952880859,1.219034194946289,0.3800392150878906,3.8099288940429688,14.584064483642578,0.0030994415283203125,0.031948089599609375,13028,56,1500,14,18,21,5,71.07806205749512,14.584064483642578,0,0,0,0,0,0,4500,4500,non_streaming
1500,-1,56,-1,1500,-1,56,-1,672,-1,160,1,160,1,144,1,0.00095367431640625,0.012159347534179688,0.0019073486328125,0.00095367431640625,1.3070106506347656,0.010013580322265625,0.20694732666015625,22732,56,1556,5,27,15,13,9.34910774230957,4.257917404174805,0,0,0,0,0,0,4500,4500,non_streaming
56,-1,1500,-1,160,1,144,1,56,-1,144,1,1500,-1,56,-1,0.8699893951416016,0.007867813110351562,0.0021457672119140625,0.02193450927734375,0.008106231689453125,0.027894973754882812,0.00095367431640625,21252,56,1556,7,25,19,13,7.12895393371582,2.1588802337646484,0,0,0,0,0,0,4500,4500,non_streaming
1500,-1,56,-1,1500,-1,56,-1,1500,-1,56,-1,1556,-1,1500,-1,0.00095367431640625,0.03600120544433594,0.00095367431640625,0.22602081298828125,0.00095367431640625,0.04315376281738281,0.00095367431640625,25616,56,1556,5,27,16,16,1.4910697937011719,0.3871917724609375,0,0,0,0,0,0,4500,4500,non_streaming
1500,-1,56,-1,1500,-1,56,-1,1500,-1,56,-1,1500,-1,56,-1,0.051021575927734375,0.00095367431640625,0.00095367431640625,0.0011920928955078125,0.00095367431640625,0.051021575927734375,0.00095367431640625,26740,56,1556,2,30,15,17,1.3151168823242188,0.5280971527099609,0,0,0,0,0,0,4500,4500,non_streaming
1500,-1,56,-1,1500,-1,56,-1,1556,-1,1500,-1,56,-1,1500,-1,0.00095367431640625,0.0209808349609375,0.0011920928955078125,0.00095367431640625,0.018835067749023438,0.0011920928955078125,0.02384185791015625,26684,56,1556,2,30,15,17,0.8339881896972656,0.2830028533935547,0,0,0,0,0,0,4500,4500,non_streaming
1500,-1,56,-1,1500,-1,56,-1,1500,-1,56,-1,1500,-1,56,-1,0.00095367431640625,0.00095367431640625,0.00095367431640625,0.1251697540283203,0.041961669921875,0.05698204040527344,0.011920928955078125,22448,56,1500,5,27,18,14,1.0099411010742188,0.28586387634277344,0,0,0,0,0,0,4500,4500,non_streaming
56,-1,1500,-1,56,-1,1556,-1,1500,-1,56,-1,1500,-1,56,-1,0.023126602172851562,0.00095367431640625,0.029087066650390625,0.029802322387695312,0.0011920928955078125,0.00095367431640625,0.00095367431640625,22560,56,1556,5,27,18,14,1.3751983642578125,0.4329681396484375,0,0,0,0,0,0,4500,4500,non_streaming
144,1,144,-1,144,1,656,1,144,-1,1500,-1,56,-1,1500,-1,4.045009613037109,1.2950897216796875,0.5018711090087891,4.078149795532227,14.3280029296875,0.00286102294921875,0.011920928955078125,19192,56,1500,7,25,17,10,35.650014877319336,14.3280029296875,0,0,0,0,0,0,4500,4500,non_streaming
1556,-1,1500,-1,56,-1,1556,-1,160,1,144,1,1500,-1,56,-1,0.030040740966796875,0.00095367431640625,0.00095367431640625,0.5900859832763672,0.017881393432617188,0.12302398681640625,0.03314018249511719,24020,56,1556,5,27,17,15,6.187915802001953,2.585887908935547,0,0,0,0,0,0,4500,4500,non_streaming
56,-1,1500,-1,56,-1,1556,-1,1500,-1,56,-1,144,1,144,1,0.02384185791015625,0.0011920928955078125,0.00095367431640625,0.02384185791015625,0.0011920928955078125,0.18596649169921875,0.22482872009277344,23972,56,1556,4,28,17,15,3.039836883544922,0.8800029754638672,0,0,0,0,0,0,4500,4500,non_streaming
144,1,144,1,1500,-1,56,-1,1500,-1,56,-1,1500,-1,56,-1,0.019073486328125,0.053882598876953125,0.00095367431640625,0.04601478576660156,0.00095367431640625,0.0011920928955078125,0.00095367431640625,24148,56,1556,6,26,17,15,2.688884735107422,0.8749961853027344,0,0,0,0,0,0,4500,4500,non_streaming
56,-1,1500,-1,56,-1,1556,-1,1500,-1,56,-1,1556,-1,1500,-1,0.0438690185546875,0.00095367431640625,0.00095367431640625,0.0011920928955078125,0.00095367431640625,0.00095367431640625,0.5750656127929688,29620,56,1556,0,32,13,19,1.580953598022461,0.7150173187255859,0,0,0,0,0,0,4500,4500,non_streaming
1556,-1,1556,-1,144,1,144,1,144,1,144,1,1500,-1,56,-1,0.04506111145019531,0.3218650817871094,0.023126602172851562,0.08082389831542969,0.3662109375,0.13780593872070312,0.0011920928955078125,27316,56,1556,6,26,15,17,2.6788711547851562,0.5939006805419922,0,0,0,0,0,0,4500,4500,non_streaming
1500,-1,56,-1,1500,-1,1556,-1,56,-1,1556,-1,1500,-1,56,-1,0.00095367431640625,0.00095367431640625,0.00095367431640625,0.00095367431640625,0.00095367431640625,0.03910064697265625,0.00095367431640625,27116,56,1556,5,27,15,17,1.9099712371826172,0.5500316619873047,0,0,0,0,0,0,4500,4500,non_streaming
56,-1,1500,-1,56,-1,1556,-1,1556,-1,1500,-1,56,-1,1500,-1,0.00095367431640625,0.00095367431640625,0.247955322265625,0.04291534423828125,0.0011920928955078125,0.00095367431640625,0.00095367431640625,29564,56,1556,0,32,13,19,0.5757808685302734,0.247955322265625,0,0,0,0,0,0,4500,4500,non_streaming
1556,-1,56,-1,1500,-1,56,-1,1500,-1,56,-1,1500,-1,56,-1,0.00095367431640625,0.00095367431640625,0.00095367431640625,0.13494491577148438,0.0011920928955078125,0.051021575927734375,0.00095367431640625,22704,56,1556,6,26,18,14,1.1599063873291016,0.2238750457763672,0,0,0,0,0,0,4500,4500,non_streaming
1500,-1,56,-1,1500,-1,56,-1,1500,-1,56,-1,1500,-1,56,-1,0.026941299438476562,0.0011920928955078125,0.00095367431640625,0.02002716064453125,0.00095367431640625,0.029087066650390625,0.00095367431640625,28008,56,1556,0,32,14,18,0.5581378936767578,0.1380443572998047,0,0,0,0,0,0,4500,4500,non_streaming
576,1,576,1,576,1,576,1,576,1,576,1,576,1,576,1,0.013113021850585938,0.0209808349609375,639.9459838867188,0.015020370483398438,0.031948089599609375,0.030994415283203125,0.02288818359375,4608,576,576,8,0,0,0,640.0809288024902,639.9459838867188,0,0,0,0,0,0,0,2817,non_streaming
56,-1,1500,-1,56,-1,1500,-1,56,-1,1500,-1,56,-1,1500,-1,0.028133392333984375,0.00095367431640625,0.6699562072753906,0.00095367431640625,0.03504753112792969,0.00095367431640625,0.0011920928955078125,23828,56,1556,3,29,17,15,2.5610923767089844,0.759124755859375,0,0,0,0,0,0,4500,4500,non_streaming
1500,-1,56,-1,144,1,144,1,144,1,1500,-1,56,-1,1500,-1,0.00095367431640625,0.4611015319824219,0.7889270782470703,0.16999244689941406,1.7571449279785156,0.00095367431640625,0.051975250244140625,23916,56,1556,4,28,17,15,4.312038421630859,1.7571449279785156,0,0,0,0,0,0,4500,4500,non_streaming
56,-1,1500,-1,56,-1,1500,-1,56,-1,1500,-1,56,-1,1500,-1,0.00095367431640625,0.0011920928955078125,0.04482269287109375,0.00095367431640625,0.0011920928955078125,0.00095367431640625,0.051021575927734375,22272,56,1500,3,29,18,14,0.9009838104248047,0.2269744873046875,0,0,0,0,0,0,4500,4500,non_streaming
1500,-1,56,-1,144,1,144,1,1500,-1,56,-1,1500,-1,56,-1,0.00095367431640625,0.01621246337890625,0.029802322387695312,0.0011920928955078125,0.00095367431640625,0.00095367431640625,0.00095367431640625,23716,56,1500,3,29,17,15,1.6720294952392578,0.3879070281982422,0,0,0,0,0,0,4500,4500,non_streaming
1500,-1,56,-1,144,1,144,1,1500,-1,56,-1,1500,-1,56,-1,0.00095367431640625,0.19812583923339844,0.0209808349609375,0.1690387725830078,0.00095367431640625,0.03910064697265625,0.00095367431640625,21092,56,1500,6,26,19,13,1.9991397857666016,0.6818771362304688,0,0,0,0,0,0,4500,4500,non_streaming
1500,-1,56,-1,1500,-1,56,-1,1556,-1,1500,-1,56,-1,144,1,0.00095367431640625,0.049114227294921875,0.00095367431640625,0.00095367431640625,0.00095367431640625,0.00095367431640625,0.013113021850585938,25128,56,1556,2,30,16,16,0.5159378051757812,0.26702880859375,0,0,0,0,0,0,4500,4500,non_streaming
56,-1,1556,-1,1500,-1,56,-1,1500,-1,56,-1,1500,-1,56,-1,0.0011920928955078125,0.04696846008300781,0.00095367431640625,0.00095367431640625,0.00095367431640625,0.049114227294921875,0.00095367431640625,25040,56,1556,1,31,16,16,0.7112026214599609,0.3540515899658203,0,0,0,0,0,0,4500,4500,non_streaming
56,-1,144,1,1500,-1,56,-1,1500,-1,56,-1,1500,-1,56,-1,0.010967254638671875,0.03314018249511719,0.00095367431640625,0.00095367431640625,0.00095367431640625,0.00095367431640625,0.0011920928955078125,26596,56,1556,1,31,15,17,0.2899169921875,0.051021575927734375,0,0,0,0,0,0,4500,4500,non_streaming
144,1,144,-1,144,1,1500,-1,56,-1,1500,-1,56,-1,1500,-1,4.10008430480957,1.4760494232177734,21.437883377075195,0.0021457672119140625,0.011920928955078125,0.00095367431640625,0.00095367431640625,13784,56,1556,13,19,21,6,89.74099159240723,22.364139556884766,0,0,0,0,0,0,4500,4500,non_streaming
1556,-1,672,-1,160,1,144,1,224,1,336,1,144,-1,1500,-1,0.00095367431640625,1.0418891906738281,0.022172927856445312,2.5320053100585938,0.015974044799804688,4.19306755065918,4.099845886230469,24488,56,1556,6,26,14,14,13.360977172851562,4.19306755065918,0,0,0,0,0,0,4500,4500,non_streaming
144,1,144,1,1500,-1,56,-1,1500,-1,56,-1,1500,-1,56,-1,1.7499923706054688,1.8689632415771484,0.010967254638671875,0.028133392333984375,0.00095367431640625,0.44798851013183594,0.00095367431640625,23916,56,1556,4,28,17,15,5.665063858032227,1.8689632415771484,0,0,0,0,0,0,4500,4500,non_streaming
1500,-1,56,-1,1500,-1,56,-1,144,1,1556,-1,1500,-1,56,-1,0.0011920928955078125,0.00095367431640625,0.00095367431640625,0.2899169921875,0.38313865661621094,0.041961669921875,0.00095367431640625,26972,56,1556,4,28,15,17,4.224061965942383,1.085042953491211,0,0,0,0,0,0,4500,4500,non_streaming
56,-1,1500,-1,56,-1,1556,-1,1500,-1,56,-1,1500,-1,56,-1,0.04100799560546875,0.00095367431640625,0.0011920928955078125,0.00095367431640625,0.00095367431640625,0.23794174194335938,0.00095367431640625,28208,56,1556,1,31,14,18,1.6870498657226562,0.5369186401367188,0,0,0,0,0,0,4500,4500,non_streaming
1500,-1,56,-1,1500,-1,56,-1,1500,-1,1556,-1,56,-1,1500,-1,0.00095367431640625,0.05412101745605469,0.00095367431640625,0.00095367431640625,0.00095367431640625,0.00095367431640625,0.3399848937988281,26828,56,1556,3,29,15,17,1.5518665313720703,0.4749298095703125,0,0,0,0,0,0,4500,4500,non_streaming
56,-1,1500,-1,56,-1,1556,-1,1500,-1,56,-1,1556,-1,144,1,0.04696846008300781,0.00095367431640625,0.00095367431640625,0.00095367431640625,0.0011920928955078125,0.00095367431640625,0.23984909057617188,29764,56,1556,1,31,13,19,0.9198188781738281,0.370025634765625,0,0,0,0,0,0,4500,4500,non_streaming
1500,-1,56,-1,144,1,144,1,1500,-1,56,-1,1500,-1,1556,-1,0.00095367431640625,0.2968311309814453,0.23102760314941406,0.047206878662109375,0.00095367431640625,0.05698204040527344,0.0019073486328125,28384,56,1556,3,29,14,18,1.168966293334961,0.2968311309814453,0,0,0,0,0,0,4500,4500,non_streaming
56,-1,1500,-1,1556,-1,56,-1,1500,-1,56,-1,1500,-1,56,-1,0.050067901611328125,0.00095367431640625,0.00095367431640625,0.00095367431640625,0.00095367431640625,0.049114227294921875,0.00095367431640625,22616,56,1556,5,27,18,14,2.106904983520508,1.035928726196289,0,0,0,0,0,0,4500,4500,non_streaming
1500,-1,56,-1,1500,-1,56,-1,1500,-1,56,-1,1500,-1,56,-1,0.00095367431640625,0.18787384033203125,0.0011920928955078125,0.0629425048828125,0.0019073486328125,0.00095367431640625,0.0021457672119140625,25416,56,1556,4,28,16,16,1.1138916015625,0.29206275939941406,0,0,0,0,0,0,4500,4500,non_streaming
56,-1,1500,-1,56,-1,672,-1,160,1,144,1,224,1,336,1,0.010967254638671875,0.00095367431640625,0.00095367431640625,0.8611679077148438,0.010967254638671875,2.385854721069336,0.1220703125,19876,56,1500,6,26,17,11,11.872053146362305,4.199981689453125,0,0,0,0,0,0,4500,4500,non_streaming
1500,-1,56,-1,1500,-1,56,-1,1500,-1,56,-1,144,1,144,1,0.00095367431640625,0.0011920928955078125,0.00095367431640625,0.025987625122070312,0.00095367431640625,0.2200603485107422,0.55694580078125,23716,56,1500,3,29,17,15,5.417108535766602,1.7120838165283203,0,0,0,0,0,0,4500,4500,non_streaming
56,-1,1500,-1,56,-1,1500,-1,1556,-1,56,-1,1500,-1,56,-1,0.7300376892089844,0.00095367431640625,0.032901763916015625,0.0011920928955078125,0.00095367431640625,0.00095367431640625,0.00095367431640625,26652,56,1556,1,31,15,17,42.037010192871094,23.775100708007812,0,0,0,0,0,0,4500,4500,non_streaming
1500,-1,56,-1,1500,-1,56,-1,1500,-1,56,-1,1556,-1,1500,-1,0.00286102294921875,0.029087066650390625,0.00095367431640625,0.2410411834716797,0.00095367431640625,0.014066696166992188,0.015974044799804688,29640,56,1556,1,31,13,19,3.3850669860839844,1.0390281677246094,0,0,0,0,0,0,4500,4500,non_streaming
144,1,1500,-1,56,-1,1500,-1,56,-1,1500,-1,56,-1,1500,-1,4.148960113525391,0.00095367431640625,0.04315376281738281,0.00095367431640625,0.00095367431640625,0.00095367431640625,0.00095367431640625,20460,56,1500,8,24,19,12,47.113895416259766,37.431955337524414,0,0,0,0,0,0,4500,4500,non_streaming
1500,-1,56,-1,1500,-1,56,-1,1500,-1,56,-1,1556,-1,1556,-1,0.0019073486328125,0.28204917907714844,0.00095367431640625,0.04315376281738281,0.00095367431640625,0.00095367431640625,0.025033950805664062,23920,56,1556,6,26,16,14,2.090930938720703,0.6082057952880859,0,0,0,0,0,0,4500,4500,non_streaming
56,-1,1500,-1,56,-1,1500,-1,56,-1,1500,-1,56,-1,1500,-1,0.03790855407714844,0.0011920928955078125,0.0438690185546875,0.00095367431640625,0.00095367431640625,0.0011920928955078125,0.00095367431640625,27028,56,1556,4,28,15,17,1.9600391387939453,0.8399486541748047,0,0,0,0,0,0,4500,4500,non_streaming
56,-1,1500,-1,56,-1,1500,-1,1556,-1,56,-1,144,1,1500,-1,0.041961669921875,0.00095367431640625,0.0011920928955078125,0.00095367431640625,0.00095367431640625,0.2079010009765625,0.4971027374267578,22504,56,1556,5,27,18,14,2.043008804321289,0.4971027374267578,0,0,0,0,0,0,4500,4500,non_streaming
56,-1,1500,-1,56,-1,1500,-1,56,-1,1556,-1,1500,-1,56,-1,0.010967254638671875,0.00095367431640625,0.013113021850585938,0.00095367431640625,0.015974044799804688,0.02002716064453125,0.00095367431640625,24060,56,1556,5,27,17,15,1.6469955444335938,0.38504600524902344,0,0,0,0,0,0,4500,4500,non_streaming
56,-1,1500,-1,56,-1,1500,-1,56,-1,1500,-1,56,-1,1500,-1,0.03409385681152344,0.00095367431640625,0.03814697265625,0.00095367431640625,0.00095367431640625,0.00095367431640625,0.03910064697265625,23772,56,1556,3,29,17,15,1.2631416320800781,0.2789497375488281,0,0,0,0,0,0,4500,4500,non_streaming
1500,1,56,1,144,-1,576,1,1500,1,56,1,1500,1,56,1,0.0011920928955078125,0.00095367431640625,0.00095367431640625,0.22602081298828125,0.00095367431640625,0.04291534423828125,0.0011920928955078125,22732,56,1500,26,6,17,13,2.1681785583496094,1.1279582977294922,0,0,0,0,0,0,4500,4500,non_streaming
1500,1,56,1,1500,1,56,1,1500,1,1556,1,56,1,1556,1,0.00095367431640625,0.05602836608886719,0.00095367431640625,0.00095367431640625,0.00095367431640625,0.00095367431640625,0.06222724914550781,32280,56,1556,32,0,11,21,0.4730224609375,0.07104873657226562,0,0,0,0,0,0,4500,4500,non_streaming
56,1,1556,1,1500,1,56,1,464,1,1500,1,56,1,1500,1,0.00095367431640625,0.00095367431640625,0.00095367431640625,0.0011920928955078125,0.7028579711914062,0.05698204040527344,0.3540515899658203,25416,56,1556,32,0,15,16,1.3599395751953125,0.7028579711914062,0,0,0,0,0,0,4500,4500,non_streaming
1500,1,56,1,176,-1,1500,1,56,1,1500,1,56,1,1500,1,0.00095367431640625,0.008106231689453125,0.027894973754882812,0.00095367431640625,0.00095367431640625,0.0011920928955078125,0.00095367431640625,26572,56,1556,31,1,15,17,0.34499168395996094,0.052928924560546875,0,0,0,0,0,0,4500,4500,non_streaming
56,1,1556,1,1500,1,56,1,1556,1,1500,1,1556,1,56,1,0.00095367431640625,0.04100799560546875,0.00095367431640625,0.0011920928955078125,0.051021575927734375,0.0019073486328125,0.00095367431640625,31120,56,1556,32,0,12,20,1.4889240264892578,1.0640621185302734,0,0,0,0,0,0,4500,4500,non_streaming
56,1,1556,1,176,-1,1500,1,56,1,1500,1,56,1,1500,1,0.00095367431640625,0.010967254638671875,0.1380443572998047,0.00095367431640625,0.05698204040527344,0.0019073486328125,0.0011920928955078125,25072,56,1556,31,1,16,16,0.4508495330810547,0.1380443572998047,0,0,0,0,0,0,4500,4500,non_streaming
1500,1,56,1,1500,1,56,1,1556,1,1440,1,1500,1,56,1,0.00095367431640625,0.06604194641113281,0.00095367431640625,0.00095367431640625,0.00095367431640625,0.11515617370605469,0.0019073486328125,26336,56,1556,32,0,15,17,0.5090236663818359,0.11515617370605469,0,0,0,0,0,0,4500,4500,non_streaming
1500,1,56,1,1500,1,56,1,1500,1,56,1,1500,1,56,1,0.00095367431640625,0.04410743713378906,0.00095367431640625,0.00095367431640625,0.0021457672119140625,0.050067901611328125,0.00095367431640625,25424,56,1556,29,3,16,16,2.5801658630371094,1.0991096496582031,0,0,0,0,0,0,4500,4500,non_streaming
176,-1,176,-1,1500,1,56,1,176,-1,176,-1,176,-1,1500,1,0.02193450927734375,0.15401840209960938,0.04315376281738281,0.6589889526367188,0.015974044799804688,0.02193450927734375,3.2029151916503906,22608,56,1500,27,5,18,14,4.310131072998047,3.2029151916503906,0,0,0,0,0,0,4500,4500,non_streaming
56,1,1500,1,56,1,1500,1,56,1,1500,1,56,1,1500,1,0.025987625122070312,0.00095367431640625,0.027894973754882812,0.0011920928955078125,0.030994415283203125,0.00095367431640625,0.00095367431640625,24896,56,1500,32,0,16,16,0.3190040588378906,0.04482269287109375,0,0,0,0,0,0,4500,4500,non_streaming
144,1,144,-1,144,1,656,1,144,-1,1500,-1,56,-1,1500,-1,4.04810905456543,1.0788440704345703,0.8602142333984375,4.069805145263672,14.165163040161133,0.00095367431640625,0.02193450927734375,12972,56,1500,14,18,21,5,84.52415466308594,18.542051315307617,0,0,0,0,0,0,4500,4500,non_streaming
160,1,144,1,1500,-1,56,-1,1500,-1,56,-1,144,1,1500,-1,0.0171661376953125,0.3509521484375,0.00095367431640625,0.031948089599609375,0.024080276489257812,1.9450187683105469,1.859903335571289,23932,56,1556,4,28,17,15,7.779121398925781,1.9450187683105469,0,0,0,0,0,0,4500,4500,non_streaming
1500,-1,56,-1,1556,-1,1500,-1,56,-1,1556,-1,1556,-1,1500,-1,0.00095367431640625,0.04100799560546875,0.00095367431640625,0.00095367431640625,0.0011920928955078125,0.028848648071289062,0.74005126953125,28240,56,1556,2,30,14,18,2.1920204162597656,0.74005126953125,0,0,0,0,0,0,4500,4500,non_streaming
56,-1,1500,-1,56,-1,1500,-1,56,-1,1500,-1,56,-1,1500,-1,0.028133392333984375,0.02193450927734375,0.20813941955566406,0.00095367431640625,0.010967254638671875,0.00095367431640625,0.013113021850585938,23628,56,1500,2,30,17,15,1.661062240600586,0.30112266540527344,0,0,0,0,0,0,4500,4500,non_streaming
56,-1,1500,-1,56,-1,1500,-1,56,-1,1500,-1,56,-1,1556,-1,0.012159347534179688,0.00095367431640625,0.015020370483398438,0.00095367431640625,0.014066696166992188,0.00095367431640625,0.02002716064453125,22416,56,1556,4,28,18,14,1.5540122985839844,0.6480216979980469,0,0,0,0,0,0,4500,4500,non_streaming
1500,-1,56,-1,1500,-1,56,-1,1500,-1,56,-1,1500,-1,56,-1,0.0011920928955078125,0.025987625122070312,0.00095367431640625,0.00095367431640625,0.00095367431640625,0.025987625122070312,0.0011920928955078125,25416,56,1556,4,28,16,16,1.7211437225341797,0.40602684020996094,0,0,0,0,0,0,4500,4500,non_streaming
56,-1,1500,-1,56,-1,1500,-1,56,-1,1556,-1,1500,-1,56,-1,0.04696846008300781,0.00095367431640625,0.0011920928955078125,0.00095367431640625,0.00095367431640625,0.00095367431640625,0.00095367431640625,26740,56,1556,2,30,15,17,1.0259151458740234,0.3440380096435547,0,0,0,0,0,0,4500,4500,non_streaming
56,-1,1500,-1,56,-1,1500,-1,56,-1,1500,-1,56,-1,144,1,0.008821487426757812,0.0011920928955078125,0.014781951904296875,0.0011920928955078125,0.018835067749023438,0.0011920928955078125,0.1499652862548828,26596,56,1556,1,31,15,17,0.579833984375,0.1499652862548828,0,0,0,0,0,0,4500,4500,non_streaming
56,-1,1556,-1,144,1,144,1,144,1,144,1,144,1,1500,-1,0.026941299438476562,0.10800361633300781,0.1418590545654297,0.019073486328125,0.09393692016601562,0.02002716064453125,0.11706352233886719,21380,56,1556,8,24,19,13,0.9639263153076172,0.1418590545654297,0,0,0,0,0,0,4500,4500,non_streaming
56,-1,1500,-1,56,-1,1500,-1,56,-1,1500,-1,56,-1,1500,-1,0.00095367431640625,0.04410743713378906,0.2720355987548828,0.00095367431640625,0.016927719116210938,0.00095367431640625,0.014066696166992188,25184,56,1556,2,30,16,16,0.9870529174804688,0.2720355987548828,0,0,0,0,0,0,4500,4500,non_streaming
29,1,144,1,144,-1,144,1,656,1,144,-1,1500,-1,56,-1,327.90493965148926,4.036903381347656,8.307933807373047,0.41413307189941406,3.9319992065429688,14.374971389770508,0.0019073486328125,11661,29,1500,16,16,22,4,390.49386978149414,327.90493965148926,0,0,0,0,0,0,4500,4500,non_streaming
1500,-1,56,-1,1500,-1,56,-1,1500,-1,56,-1,672,-1,160,1,0.0011920928955078125,0.007867813110351562,0.00095367431640625,0.013113021850585938,0.00095367431640625,0.00095367431640625,0.9791851043701172,22732,56,1500,5,27,15,13,11.010169982910156,4.452943801879883,0,0,0,0,0,0,4500,4500,non_streaming
56,-1,1500,-1,56,-1,160,1,144,1,1500,-1,56,-1,1500,-1,0.025033950805664062,0.00095367431640625,0.5829334259033203,0.023126602172851562,0.2460479736328125,0.00095367431640625,0.030994415283203125,21020,56,1500,5,27,19,13,6.80088996887207,2.721071243286133,0,0,0,0,0,0,4500,4500,non_streaming
1500,-1,56,-1,1500,-1,56,-1,1500,-1,56,-1,1500,-1,1556,-1,0.0011920928955078125,0.025987625122070312,0.00095367431640625,0.537872314453125,0.0011920928955078125,0.031948089599609375,0.00095367431640625,25328,56,1556,3,29,16,16,2.3031234741210938,0.5578994750976562,0,0,0,0,0,0,4500,4500,non_streaming
1500,-1,56,-1,1556,-1,144,1,144,1,1500,-1,56,-1,1500,-1,0.00095367431640625,0.00095367431640625,0.42510032653808594,0.8099079132080078,1.1501312255859375,0.00095367431640625,0.4429817199707031,26828,56,1556,3,29,15,17,3.7038326263427734,1.1501312255859375,0,0,0,0,0,0,4500,4500,non_streaming
56,-1,1500,-1,56,-1,144,1,1500,-1,56,-1,1500,-1,56,-1,0.04100799560546875,0.00095367431640625,0.31185150146484375,0.2582073211669922,0.00095367431640625,0.04792213439941406,0.00095367431640625,25472,56,1556,4,28,16,16,2.2590160369873047,0.4439353942871094,0,0,0,0,0,0,4500,4500,non_streaming
56,-1,1500,-1,56,-1,1556,-1,1500,-1,56,-1,1556,-1,1500,-1,0.052928924560546875,0.00095367431640625,0.00095367431640625,0.0011920928955078125,0.00095367431640625,0.04506111145019531,0.00095367431640625,26796,56,1556,2,30,15,17,2.1588802337646484,0.9658336639404297,0,0,0,0,0,0,4500,4500,non_streaming
1500,-1,1556,-1,56,-1,1500,-1,56,-1,1500,-1,56,-1,1556,-1,0.00095367431640625,0.00095367431640625,0.00095367431640625,0.00095367431640625,0.041961669921875,0.0011920928955078125,0.00095367431640625,31064,56,1556,0,32,12,20,2.8197765350341797,2.2559165954589844,0,0,0,0,0,0,4500,4500,non_streaming
1500,-1,56,-1,1500,-1,56,-1,1500,-1,1556,-1,56,-1,1556,-1,0.00095367431640625,0.6999969482421875,0.0021457672119140625,0.04482269287109375,0.0011920928955078125,0.00095367431640625,0.00095367431640625,31208,56,1556,1,31,12,20,1.2640953063964844,0.6999969482421875,0,0,0,0,0,0,4500,4500,non_streaming
56,-1,1500,-1,56,-1,1500,-1,56,-1,1500,-1,56,-1,1500,-1,0.00095367431640625,0.00095367431640625,0.051021575927734375,0.00095367431640625,0.0021457672119140625,0.00095367431640625,0.00095367431640625,29508,56,1556,0,32,13,19,2.825021743774414,1.6469955444335938,0,0,0,0,0,0,4500,4500,non_streaming
56,-1,1556,-1,1500,-1,56,-1,1556,-1,1500,-1,1556,-1,56,-1,0.00095367431640625,0.00095367431640625,0.0011920928955078125,0.00095367431640625,0.03981590270996094,0.0011920928955078125,0.00095367431640625,25472,56,1556,4,28,16,16,1.1200904846191406,0.4761219024658203,0,0,0,0,0,0,4500,4500,non_streaming
56,-1,1500,-1,56,-1,1500,-1,56,-1,1500,-1,56,-1,1500,-1,0.05507469177246094,0.00095367431640625,0.00095367431640625,0.00095367431640625,0.00095367431640625,0.0021457672119140625,0.0400543212890625,24896,56,1500,0,32,16,16,0.37097930908203125,0.05602836608886719,0,0,0,0,0,0,4500,4500,non_streaming
56,-1,1500,-1,56,-1,1500,-1,56,-1,672,-1,160,1,144,1,0.009059906005859375,0.00095367431640625,0.013113021850585938,0.00095367431640625,0.00095367431640625,1.5189647674560547,0.11205673217773438,21288,56,1556,5,27,16,12,12.721061706542969,4.374980926513672,0,0,0,0,0,0,4500,4500,non_streaming
144,1,1500,-1,56,-1,1500,-1,56,-1,1500,-1,56,-1,1500,-1,0.4169940948486328,0.00095367431640625,0.02002716064453125,0.00095367431640625,0.0011920928955078125,0.00095367431640625,3.8018226623535156,25328,56,1556,3,29,16,16,45.805931091308594,22.35698699951172,0,0,0,0,0,0,4500,4500,non_streaming
1500,-1,56,-1,144,1,1500,-1,56,-1,1500,-1,56,-1,1500,-1,0.00095367431640625,0.15091896057128906,0.3349781036376953,0.00095367431640625,0.023126602172851562,0.025033950805664062,0.030994415283203125,22792,56,1556,7,25,18,14,2.1610260009765625,0.3600120544433594,0,0,0,0,0,0,4500,4500,non_streaming
144,-1,144,1,144,1,144,1,1500,-1,56,-1,1500,-1,56,-1,1.230001449584961,28.43499183654785,1.592874526977539,2.7420520782470703,0.0019073486328125,0.010013580322265625,0.0011920928955078125,22064,56,1556,7,25,18,13,35.38084030151367,28.43499183654785,0,0,0,0,0,0,4500,4500,non_streaming
160,1,1500,-1,56,-1,1500,-1,56,-1,1500,-1,1556,-1,56,-1,0.015974044799804688,0.00095367431640625,0.030994415283203125,0.00095367431640625,0.03409385681152344,0.00095367431640625,0.00095367431640625,29724,56,1556,1,31,13,19,0.5819797515869141,0.07915496826171875,0,0,0,0,0,0,4500,4500,non_streaming
1556,-1,848,-1,1500,-1,56,-1,1500,-1,56,-1,1500,-1,56,-1,0.00095367431640625,0.3349781036376953,0.0011920928955078125,0.14400482177734375,0.00095367431640625,0.04887580871582031,0.00095367431640625,19176,56,1556,11,21,20,10,5.427122116088867,1.917123794555664,0,0,0,0,0,0,4500,4500,non_streaming
1500,-1,56,-1,144,1,1500,-1,56,-1,1500,-1,56,-1,1556,-1,0.00095367431640625,0.09608268737792969,0.4050731658935547,0.0019073486328125,0.03886222839355469,0.0011920928955078125,0.00095367431640625,24148,56,1556,6,26,17,15,1.934051513671875,0.4050731658935547,0,0,0,0,0,0,4500,4500,non_streaming
140,1,334,-1,40,1,140,1,1400,-1,1150,-1,40,1,140,1,0.44608116149902344,72.38912582397461,724.0238189697266,0.6711483001708984,0.02002716064453125,24.506807327270508,210.76011657714844,12068,40,1400,19,13,19,3,3601.616144180298,724.0238189697266,0,1,0,0,1,1,2672,8291,non_streaming
40,1,140,1,1400,-1,1150,-1,40,1,140,1,334,-1,40,1,198.02498817443848,0.8478164672851562,0.010013580322265625,30.091047286987305,218.9650535583496,0.3840923309326172,68.8328742980957,13594,40,1400,19,13,19,4,3611.1059188842773,743.0028915405273,0,1,0,0,0,1,2672,8291,non_streaming
140,1,446,-1,40,1,140,1,1400,-1,1134,-1,40,1,140,1,0.7350444793701172,74.27692413330078,362.89095878601074,0.8020401000976562,0.008106231689453125,27.33898162841797,191.99490547180176,14184,40,2494,20,12,20,4,3994.1489696502686,742.0129776000977,0,1,0,0,1,1,2672,8291,non_streaming
446,-1,40,1,140,1,1400,-1,1134,-1,40,1,140,1,334,-1,69.28491592407227,490.05818367004395,0.78582763671875,0.015020370483398438,36.09299659729004,181.15997314453125,0.5271434783935547,7568,40,1400,11,8,11,2,2084.2669010162354,741.80006980896,0,1,0,0,1,1,2672,8291,non_streaming
144,1,144,-1,144,1,1500,-1,56,-1,1556,-1,1556,-1,672,-1,4.180908203125,1.1699199676513672,18.999099731445312,0.00095367431640625,0.015974044799804688,0.013113021850585938,0.00095367431640625,16316,56,1556,15,17,19,7,90.00086784362793,20.864009857177734,0,0,0,0,0,0,4500,4500,non_streaming
224,1,336,1,144,-1,1500,-1,776,-1,1500,-1,56,-1,1556,-1,0.2598762512207031,4.033088684082031,3.56292724609375,0.0021457672119140625,0.010967254638671875,0.00095367431640625,0.019073486328125,23888,56,1556,7,25,15,14,13.222932815551758,4.033088684082031,0,0,0,0,0,0,4500,4500,non_streaming
56,-1,1500,-1,56,-1,1500,-1,56,-1,1500,-1,56,-1,1500,-1,0.030994415283203125,0.0011920928955078125,0.2968311309814453,0.00095367431640625,0.022172927856445312,0.00095367431640625,0.00095367431640625,23828,56,1556,3,29,17,15,2.0051002502441406,0.6768703460693359,0,0,0,0,0,0,4500,4500,non_streaming
1500,-1,56,-1,144,1,1500,-1,56,-1,1500,-1,56,-1,1500,-1,0.00095367431640625,0.4818439483642578,0.2970695495605469,0.0019073486328125,0.04220008850097656,0.00095367431640625,0.00095367431640625,25272,56,1556,3,29,16,16,3.5588741302490234,0.8311271667480469,0,0,0,0,0,0,4500,4500,non_streaming
56,-1,1500,-1,56,-1,1500,-1,56,-1,1500,-1,56,-1,1500,-1,0.02002716064453125,0.00095367431640625,0.02002716064453125,0.00095367431640625,0.022172927856445312,0.00095367431640625,0.6048679351806641,25328,56,1556,3,29,16,16,1.7001628875732422,0.6048679351806641,0,0,0,0,0,0,4500,4500,non_streaming
56,-1,1500,-1,56,-1,1500,-1,56,-1,1556,-1,144,1,1500,-1,0.03695487976074219,0.00095367431640625,0.00095367431640625,0.0011920928955078125,0.041961669921875,0.4439353942871094,0.2079010009765625,25384,56,1556,3,29,16,16,1.775979995727539,0.4439353942871094,0,0,0,0,0,0,4500,4500,non_streaming
1500,-1,56,-1,1556,-1,144,1,144,1,144,1,1500,-1,56,-1,0.00095367431640625,0.00095367431640625,0.47016143798828125,0.7159709930419922,0.41103363037109375,0.06198883056640625,0.00095367431640625,25328,56,1556,3,29,16,16,2.7790069580078125,0.7159709930419922,0,0,0,0,0,0,4500,4500,non_streaming
1500,-1,56,-1,1556,-1,1500,-1,56,-1,1500,-1,56,-1,1500,-1,0.00095367431640625,0.0011920928955078125,0.00095367431640625,0.00095367431640625,0.0438690185546875,0.0011920928955078125,0.00095367431640625,29652,56,1556,1,31,13,19,1.0540485382080078,0.5950927734375,0,0,0,0,0,0,4500,4500,non_streaming
1556,-1,56,-1,1500,-1,1556,-1,56,-1,1556,-1,144,1,1500,-1,0.00095367431640625,0.0011920928955078125,0.00095367431640625,0.04482269287109375,0.0011920928955078125,0.19097328186035156,0.1728534698486328,28352,56,1556,2,30,14,18,1.032114028930664,0.21696090698242188,0,0,0,0,0,0,4500,4500,non_streaming
1500,-1,56,-1,1556,-1,1500,-1,56,-1,1556,-1,1500,-1,56,-1,0.00095367431640625,0.00095367431640625,0.00095367431640625,0.0011920928955078125,0.00095367431640625,0.0438690185546875,0.0021457672119140625,26740,56,1556,2,30,15,17,0.9648799896240234,0.186920166015625,0,0,0,0,0,0,4500,4500,non_streaming
1500,-1,56,-1,1500,-1,56,-1,1500,-1,56,-1,1500,-1,56,-1,0.00095367431640625,0.015020370483398438,0.00095367431640625,0.02193450927734375,0.0011920928955078125,0.018835067749023438,0.00095367431640625,26596,56,1556,1,31,15,17,0.26702880859375,0.03600120544433594,0,0,0,0,0,0,4500,4500,non_streaming
1500,-1,56,-1,1500,-1,56,-1,1500,-1,56,-1,144,1,144,1,0.00095367431640625,0.09894371032714844,0.04410743713378906,0.00095367431640625,0.04291534423828125,0.8480548858642578,0.0209808349609375,25184,56,1556,2,30,16,16,1.9650459289550781,0.8480548858642578,0,0,0,0,0,0,4500,4500,non_streaming
576,1,576,1,576,1,576,1,576,1,576,1,576,1,576,1,0.012874603271484375,0.021219253540039062,0.0209808349609375,0.0247955322265625,0.05412101745605469,23679.82292175293,0.030994415283203125,6336,576,576,11,0,0,0,23680.094957351685,23679.82292175293,0,0,0,0,0,0,0,2817,non_streaming
160,1,144,1,144,1,144,1,1500,-1,56,-1,1500,-1,56,-1,0.18310546875,0.186920166015625,2.273082733154297,1.7518997192382812,0.010967254638671875,0.023126602172851562,0.02193450927734375,21108,56,1500,6,26,19,13,6.371021270751953,2.273082733154297,0,0,0,0,0,0,4500,4500,non_streaming
56,-1,1500,-1,56,-1,1500,-1,56,-1,1500,-1,56,-1,1500,-1,0.16307830810546875,0.00095367431640625,0.011920928955078125,0.0011920928955078125,0.012874603271484375,0.00095367431640625,0.03600120544433594,22416,56,1556,4,28,18,14,1.8270015716552734,0.8919239044189453,0,0,0,0,0,0,4500,4500,non_streaming
144,1,1500,-1,56,-1,1500,-1,56,-1,1500,-1,56,-1,1500,-1,0.03504753112792969,0.034809112548828125,0.03719329833984375,0.00095367431640625,0.00095367431640625,0.00095367431640625,0.009059906005859375,21092,56,1500,6,26,19,13,1.7189979553222656,0.44083595275878906,0,0,0,0,0,0,4500,4500,non_streaming
1500,-1,56,-1,1500,-1,56,-1,1556,-1,144,1,1500,-1,56,-1,0.00095367431640625,0.026941299438476562,0.0011920928955078125,0.00095367431640625,1.3599395751953125,1.4450550079345703,0.0019073486328125,28096,56,1556,1,31,14,18,3.350973129272461,1.4450550079345703,0,0,0,0,0,0,4500,4500,non_streaming
56,-1,1500,-1,56,-1,1500,-1,56,-1,1500,-1,56,-1,1556,-1,0.04696846008300781,0.0011920928955078125,0.00095367431640625,0.00095367431640625,0.3879070281982422,0.0011920928955078125,0.04982948303222656,28064,56,1556,0,32,14,18,1.3151168823242188,0.4611015319824219,0,0,0,0,0,0,4500,4500,non_streaming
1500,-1,1556,-1,56,-1,1500,-1,56,-1,144,1,1500,-1,56,-1,0.00095367431640625,0.00095367431640625,0.047206878662109375,0.0019073486328125,0.0030994415283203125,0.3769397735595703,0.00095367431640625,23860,56,1556,4,28,17,15,1.2359619140625,0.41413307189941406,0,0,0,0,0,0,4500,4500,non_streaming
1556,-1,56,-1,1500,-1,1556,-1,56,-1,1500,-1,56,-1,1556,-1,0.0011920928955078125,0.04291534423828125,0.00095367431640625,0.00095367431640625,0.049114227294921875,0.0019073486328125,0.00095367431640625,25240,56,1556,2,30,16,16,0.5791187286376953,0.2110004425048828,0,0,0,0,0,0,4500,4500,non_streaming
576,1,576,1,576,1,576,1,576,1,576,1,576,1,576,1,0.0591278076171875,0.029802322387695312,0.02002716064453125,0.01811981201171875,0.0209808349609375,639.8310661315918,0.0247955322265625,4608,576,576,8,0,0,0,640.0039196014404,639.8310661315918,0,0,0,0,0,0,0,2817,non_streaming
1500,1,56,1,672,1,160,-1,144,-1,224,-1,336,-1,144,1,0.0019073486328125,0.00095367431640625,1.249074935913086,0.014066696166992188,2.1779537200927734,0.017881393432617188,5.255222320556641,21232,56,1500,27,5,16,12,13.00501823425293,5.255222320556641,0,0,0,0,0,0,4500,4500,non_streaming
144,-1,144,-1,1500,1,56,1,1500,1,56,1,144,-1,1500,1,0.2460479736328125,0.21004676818847656,0.010013580322265625,0.028848648071289062,0.02193450927734375,2.2830963134765625,1.4879703521728516,22448,56,1500,27,5,18,14,6.982088088989258,2.2830963134765625,0,0,0,0,0,0,4500,4500,non_streaming
56,1,1500,1,56,1,1500,1,56,1,1500,1,56,1,1500,1,0.2689361572265625,0.00095367431640625,0.022172927856445312,0.00095367431640625,0.00095367431640625,0.00095367431640625,0.02193450927734375,22272,56,1500,29,3,18,14,2.1219253540039062,0.6890296936035156,0,0,0,0,0,0,4500,4500,non_streaming
56,1,1500,1,56,1,1500,1,56,1,1500,1,56,1,1500,1,0.00095367431640625,0.00095367431640625,0.04100799560546875,0.00095367431640625,0.0011920928955078125,0.00095367431640625,0.00095367431640625,24952,56,1556,32,0,16,16,8.586883544921875,8.20302963256836,0,0,0,0,0,0,4500,4500,non_streaming
1500,1,1556,1,56,1,1500,1,56,1,1500,1,56,1,1500,1,0.0021457672119140625,0.00095367431640625,0.04601478576660156,0.00095367431640625,0.00095367431640625,0.00095367431640625,0.04506111145019531,28008,56,1556,32,0,14,18,0.3781318664550781,0.05793571472167969,0,0,0,0,0,0,4500,4500,non_streaming
1500,1,56,1,1500,1,56,1,1500,1,56,1,1556,1,1500,1,0.00095367431640625,0.05507469177246094,0.00095367431640625,0.00095367431640625,0.00095367431640625,0.0011920928955078125,0.05984306335449219,28008,56,1556,32,0,14,18,7.469892501831055,7.1849822998046875,0,0,0,0,0,0,4500,4500,non_streaming
56,1,1500,1,56,1,144,-1,1500,1,56,1,1500,1,1556,1,0.00095367431640625,0.00095367431640625,0.06699562072753906,0.01621246337890625,0.0019073486328125,0.00095367431640625,0.00095367431640625,25240,56,1556,30,2,16,16,0.2770423889160156,0.08511543273925781,0,0,0,0,0,0,4500,4500,non_streaming
1500,1,56,1,1556,1,1500,1,56,1,1500,1,56,1,1500,1,0.00095367431640625,0.00095367431640625,0.08392333984375,0.0011920928955078125,0.00095367431640625,0.00095367431640625,0.00095367431640625,28240,56,1556,30,2,14,18,7.697820663452148,7.337093353271484,0,0,0,0,0,0,4500,4500,non_streaming
56,-1,1500,-1,56,-1,1500,-1,56,-1,672,-1,160,1,144,1,0.028133392333984375,0.00095367431640625,0.014066696166992188,0.00095367431640625,0.00095367431640625,1.1630058288574219,0.019073486328125,22932,56,1556,6,26,15,13,11.689186096191406,4.271030426025391,0,0,0,0,0,0,4500,4500,non_streaming
56,-1,1500,-1,56,-1,1500,-1,56,-1,144,1,144,1,1500,-1,0.012874603271484375,0.0011920928955078125,0.015974044799804688,0.00095367431640625,1.0368824005126953,0.17404556274414062,2.5489330291748047,22416,56,1556,4,28,18,14,6.680965423583984,2.5489330291748047,0,0,0,0,0,0,4500,4500,non_streaming
1500,-1,56,-1,1500,-1,56,-1,1500,-1,56,-1,1500,-1,56,-1,0.00095367431640625,0.02002716064453125,0.00095367431640625,0.0011920928955078125,0.00095367431640625,0.02002716064453125,0.00095367431640625,25184,56,1556,2,30,16,16,1.6410350799560547,0.6718635559082031,0,0,0,0,0,0,4500,4500,non_streaming
144,1,144,1,1500,-1,56,-1,1500,-1,56,-1,1500,-1,56,-1,0.7767677307128906,1.4240741729736328,0.0021457672119140625,0.028848648071289062,0.0021457672119140625,0.00095367431640625,0.00095367431640625,23772,56,1556,3,29,17,15,3.513813018798828,1.4240741729736328,0,0,0,0,0,0,4500,4500,non_streaming
1500,-1,56,-1,1500,-1,56,-1,1500,-1,56,-1,1500,-1,56,-1,0.048160552978515625,0.14281272888183594,0.0011920928955078125,0.011920928955078125,0.00095367431640625,0.013113021850585938,0.00095367431640625,23916,56,1556,4,28,17,15,1.873016357421875,0.5118846893310547,0,0,0,0,0,0,4500,4500,non_streaming
1500,-1,56,-1,1556,-1,1500,-1,1556,-1,56,-1,1500,-1,56,-1,0.0019073486328125,0.0011920928955078125,0.00095367431640625,0.00095367431640625,0.00095367431640625,0.0021457672119140625,0.00095367431640625,36076,56,3056,2,30,11,21,2.1240711212158203,0.4649162292480469,0,0,0,0,0,0,4500,4500,non_streaming
1500,-1,1556,-1,56,-1,1556,-1,1500,-1,56,-1,1500,-1,1556,-1,0.00095367431640625,0.0011920928955078125,0.04291534423828125,0.6670951843261719,0.00095367431640625,0.04601478576660156,0.00095367431640625,37632,56,3056,2,30,11,21,1.631021499633789,0.6670951843261719,0,0,0,0,0,0,4500,4500,non_streaming
1500,-1,56,-1,1556,-1,1500,-1,56,-1,1556,-1,144,1,144,1,0.00095367431640625,0.015020370483398438,0.014066696166992188,0.00095367431640625,0.02193450927734375,0.1480579376220703,0.02288818359375,39332,56,3056,3,29,8,24,1.3339519500732422,0.6361007690429688,0,0,0,0,0,0,4500,4500,non_streaming
1556,-1,144,1,1500,-1,56,-1,1556,-1,3112,-1,1500,-1,3112,-1,0.1780986785888672,0.7488727569580078,0.0011920928955078125,0.04792213439941406,0.00095367431640625,0.04601478576660156,0.00095367431640625,51492,56,3112,1,31,4,28,1.8990039825439453,0.7488727569580078,0,0,0,0,0,0,4500,4500,non_streaming
1556,-1,1500,-1,56,-1,144,1,1500,-1,144,1,56,-1,1500,-1,0.04792213439941406,0.00095367431640625,0.2110004425048828,0.02002716064453125,0.00095367431640625,0.0,0.04601478576660156,36596,56,3112,6,26,11,21,1.7387866973876953,0.4820823669433594,0,0,0,0,0,0,4500,4500,non_streaming
1500,1,56,1,1500,1,56,1,1500,1,56,1,672,1,160,-1,0.0021457672119140625,0.010967254638671875,0.00095367431640625,0.010967254638671875,0.00095367431640625,0.00095367431640625,1.0881423950195312,15948,56,1500,21,11,19,7,71.84815406799316,21.92091941833496,0,0,0,0,0,0,4500,4500,non_streaming
1500,1,56,1,1500,1,56,1,1500,1,56,1,1556,1,1500,1,0.00095367431640625,0.0209808349609375,0.0019073486328125,0.614166259765625,0.00095367431640625,0.02288818359375,0.00095367431640625,26540,56,1556,31,1,15,17,42.64998435974121,21.188020706176758,0,0,0,0,0,0,4500,4500,non_streaming
1500,1,56,1,1500,1,56,1,1500,1,1556,1,56,1,1500,1,0.00095367431640625,0.6079673767089844,0.00095367431640625,0.023126602172851562,0.00095367431640625,0.00095367431640625,0.023126602172851562,25416,56,1556,28,4,16,16,3.0930042266845703,0.7669925689697266,0,0,0,0,0,0,4500,4500,non_streaming
56,1,1500,1,56,1,1500,1,56,1,1500,1,56,1,1556,1,0.03910064697265625,0.00095367431640625,0.7090568542480469,0.00095367431640625,0.04792213439941406,0.00095367431640625,0.0011920928955078125,25008,56,1556,29,3,15,14,9.549140930175781,4.199028015136719,0,0,0,0,0,0,4500,4500,non_streaming
144,-1,1500,1,56,1,1456,1,160,-1,144,-1,1500,1,56,1,4.09698486328125,0.0019073486328125,0.023126602172851562,1.2488365173339844,0.3521442413330078,4.00090217590332,0.01811981201171875,24196,56,3056,23,9,18,13,565.5319690704346,329.64587211608887,0,0,0,0,0,0,4500,4500,non_streaming
144,-1,144,-1,1500,1,56,1,1556,1,144,-1,1500,1,56,1,0.46706199645996094,0.2951622009277344,0.00095367431640625,0.10395050048828125,1.1789798736572266,0.7240772247314453,0.011920928955078125,22420,56,1556,26,6,18,14,6.249189376831055,1.2209415435791016,0,0,0,0,0,0,4500,4500,non_streaming
1500,1,56,1,1500,1,56,1,1500,1,56,1,1500,1,56,1,0.0021457672119140625,0.032901763916015625,0.0021457672119140625,0.00095367431640625,0.0019073486328125,0.03910064697265625,0.0019073486328125,23628,56,1500,30,2,17,15,1.5721321105957031,0.5621910095214844,0,0,0,0,0,0,4500,4500,non_streaming
1500,1,56,1,1500,1,56,1,1500,1,1556,1,56,1,1556,1,0.00095367431640625,0.15211105346679688,0.00095367431640625,0.04410743713378906,0.00095367431640625,0.00095367431640625,0.04601478576660156,25760,56,1556,26,6,16,16,1.8050670623779297,0.45108795166015625,0,0,0,0,0,0,4500,4500,non_streaming
1500,1,56,1,1500,1,56,1,1500,1,56,1,1500,1,56,1,0.00095367431640625,0.051021575927734375,0.00095367431640625,0.00095367431640625,0.0011920928955078125,0.041961669921875,0.00095367431640625,23716,56,1500,29,3,17,15,1.6388893127441406,0.5340576171875,0,0,0,0,0,0,4500,4500,non_streaming
576,1,576,1,576,1,576,1,576,1,576,1,576,1,576,1,0.06413459777832031,0.04792213439941406,0.04601478576660156,4479.822874069214,0.029087066650390625,0.02002716064453125,0.041961669921875,18432,576,576,32,0,0,0,7399.95813369751,4479.822874069214,0,0,0,0,0,0,0,2817,non_streaming
1500,1,1556,1,56,1,1500,1,56,1,1500,1,56,1,1500,1,0.00095367431640625,0.00095367431640625,0.0021457672119140625,0.00095367431640625,0.04696846008300781,0.00095367431640625,0.00095367431640625,29508,56,1556,32,0,13,19,0.3058910369873047,0.05793571472167969,0,0,0,0,0,0,4500,4500,non_streaming
56,1,1500,1,56,1,1500,1,1556,1,56,1,1500,1,56,1,0.064849853515625,0.00095367431640625,0.0011920928955078125,0.00095367431640625,0.00095367431640625,0.00095367431640625,0.00095367431640625,29564,56,1556,32,0,13,19,0.35881996154785156,0.07200241088867188,0,0,0,0,0,0,4500,4500,non_streaming
56,1,1556,1,1500,1,56,1,1500,1,56,1,1500,1,56,1,0.00095367431640625,0.07104873657226562,0.00095367431640625,0.00095367431640625,0.00095367431640625,0.00095367431640625,0.0011920928955078125,25240,56,1556,30,2,16,16,0.32591819763183594,0.07486343383789062,0,0,0,0,0,0,4500,4500,non_streaming
1500,1,56,1,1500,1,56,1,1500,1,56,1,1500,1,56,1,0.0011920928955078125,0.05793571472167969,0.00095367431640625,0.00095367431640625,0.00095367431640625,0.0011920928955078125,0.00095367431640625,26452,56,1556,32,0,15,17,0.32019615173339844,0.05793571472167969,0,0,0,0,0,0,4500,4500,non_streaming
1500,1,56,1,1500,1,56,1,1500,1,56,1,1500,1,56,1,0.00095367431640625,0.0019073486328125,0.00095367431640625,0.04601478576660156,0.0011920928955078125,0.00095367431640625,0.00095367431640625,27952,56,1556,32,0,14,18,0.3018379211425781,0.0591278076171875,0,0,0,0,0,0,4500,4500,non_streaming
1500,1,56,1,1500,1,56,1,1500,1,56,1,1500,1,56,1,0.00095367431640625,0.0019073486328125,0.00095367431640625,0.06508827209472656,0.00095367431640625,0.00095367431640625,0.0011920928955078125,27952,56,1556,32,0,14,18,0.3249645233154297,0.08487701416015625,0,0,0,0,0,0,4500,4500,non_streaming
56,1,160,-1,1500,1,56,1,1500,1,56,1,1500,1,56,1,0.06198883056640625,0.012874603271484375,0.0011920928955078125,0.00095367431640625,0.00095367431640625,0.00095367431640625,0.00095367431640625,26612,56,1556,31,1,15,17,0.4799365997314453,0.09107589721679688,0,0,0,0,0,0,4500,4500,non_streaming
1556,1,56,1,1500,1,56,1,1556,1,1500,1,56,1,1500,1,0.0011920928955078125,0.04887580871582031,0.00095367431640625,0.00095367431640625,0.0011920928955078125,0.00095367431640625,0.00095367431640625,28064,56,1556,32,0,14,18,0.3361701965332031,0.05507469177246094,0,0,0,0,0,0,4500,4500,non_streaming
1556,1,320,-1,1500,1,56,1,1500,1,56,1,1500,1,56,1,0.0069141387939453125,0.2219676971435547,0.00095367431640625,3.294229507446289,0.0019073486328125,0.04792213439941406,0.00095367431640625,26716,56,1556,31,1,14,17,4.073858261108398,3.294229507446289,0,0,0,0,0,0,4500,4500,non_streaming
576,1,576,1,576,1,576,1,576,1,576,1,576,1,576,1,0.04506111145019531,0.032901763916015625,0.03814697265625,0.051975250244140625,0.033855438232421875,21119.744062423706,0.030040740966796875,6912,576,576,12,0,0,0,21120.080947875977,21119.744062423706,0,0,0,0,0,0,0,2817,non_streaming
60,1,60,-1,52,1,569,1,52,-1,2852,-1,1654,-1,52,1,3.607034683227539,0.3910064697265625,1.4300346374511719,3.5490989685058594,13.988971710205078,0.011920928955078125,0.5469322204589844,5709,52,2852,8,5,10,2,41.04113578796387,13.988971710205078,1,0,0,0,0,1,32866,443,non_streaming
60,1,60,-1,52,1,569,1,1458,-1,2493,-1,52,1,64,1,16.867876052856445,0.4951953887939453,0.31495094299316406,17.222881317138672,0.015020370483398438,0.5819797515869141,0.023126602172851562,17697,52,2864,19,13,19,8,86.06910705566406,17.222881317138672,1,0,0,0,0,1,49500,443,non_streaming
171,1,166,1,158,1,195,1,1458,-1,1458,-1,1458,-1,1458,-1,0.8351802825927734,0.22602081298828125,7.835865020751953,8.395910263061523,0.014066696166992188,0.012159347534179688,0.0247955322265625,28466,52,1458,12,20,13,18,26.292085647583008,8.395910263061523,0,1,0,0,1,1,49500,443,non_streaming
1458,-1,1458,-1,1458,-1,52,1,52,1,1458,-1,1458,-1,52,1,0.3781318664550781,0.018835067749023438,0.080108642578125,0.36406517028808594,0.3249645233154297,0.025033950805664062,0.4398822784423828,25660,52,1458,13,19,13,16,147.8729248046875,82.19480514526367,0,1,0,0,0,1,49500,443,non_streaming
1458,-1,1458,-1,52,1,1458,-1,1458,-1,52,1,1458,-1,1458,-1,0.031232833862304688,0.43392181396484375,0.2999305725097656,0.030040740966796875,0.4379749298095703,0.2961158752441406,0.029802322387695312,29784,52,1458,12,20,12,20,7.545232772827148,0.5831718444824219,0,1,0,0,0,1,49500,443,non_streaming
989,-1,52,1,132,1,2299,-1,52,1,206,1,171,1,1458,-1,0.5600452423095703,532.6478481292725,17.369985580444336,0.6000995635986328,78.20010185241699,0.514984130859375,16.885042190551758,17898,52,2864,11,11,10,9,692.9919719696045,532.6478481292725,0,1,0,0,1,1,49500,443,non_streaming
60,1,60,-1,52,1,569,1,52,-1,1452,-1,2852,-1,573,-1,3.545045852661133,0.5738735198974609,0.6589889526367188,3.6590099334716797,15.471935272216797,0.010013580322265625,0.008106231689453125,26028,52,2852,16,16,17,12,34.9118709564209,15.471935272216797,1,0,0,0,0,1,37958,443,non_streaming
52,1,1452,-1,5652,-1,4252,-1,2852,-1,52,1,52,1,1452,-1,0.8370876312255859,0.06198883056640625,0.05984306335449219,0.06318092346191406,0.2598762512207031,0.025033950805664062,0.0019073486328125,70288,52,5652,12,20,12,20,3.926992416381836,0.8370876312255859,0,1,0,0,0,1,37958,443,non_streaming
52,1,52,1,1452,-1,5652,-1,5652,-1,2852,-1,52,1,52,1,0.02002716064453125,0.5168914794921875,0.06508827209472656,0.06198883056640625,0.06198883056640625,0.30994415283203125,0.02193450927734375,80064,52,5652,10,22,10,22,2.9180049896240234,0.5168914794921875,0,1,0,0,0,1,37958,443,non_streaming
5652,-1,4252,-1,2852,-1,52,1,5652,-1,2852,-1,5652,-1,2852,-1,0.06198883056640625,0.06198883056640625,0.02002716064453125,0.04315376281738281,0.05984306335449219,0.06413459777832031,0.0629425048828125,92688,52,5652,9,23,9,23,2.7360916137695312,0.5948543548583984,0,1,0,0,0,1,37958,443,non_streaming
2852,-1,5652,-1,4252,-1,4252,-1,2852,-1,4252,-1,1452,-1,1452,-1,0.06198883056640625,0.06198883056640625,0.0629425048828125,0.06198883056640625,0.06103515625,0.06103515625,0.00095367431640625,61912,52,7052,14,18,14,18,1.8868446350097656,0.36716461181640625,0,1,0,0,0,1,37958,443,non_streaming
52,1,1452,-1,64,1,1452,-1,72,1,64,1,52,1,52,1,0.05078315734863281,0.011205673217773438,0.11086463928222656,0.15997886657714844,0.025033950805664062,0.013113021850585938,0.012874603271484375,70320,52,8452,11,21,11,21,1.550912857055664,0.15997886657714844,0,1,0,0,0,1,37958,443,non_streaming
1452,-1,1452,-1,1452,-1,1452,-1,52,1,1452,-1,2852,-1,7052,-1,0.06389617919921875,0.00095367431640625,0.0591278076171875,0.015020370483398438,0.04601478576660156,0.06389617919921875,0.06413459777832031,81500,52,8452,12,20,12,20,1.8558502197265625,0.23484230041503906,0,1,0,0,0,1,37958,443,non_streaming
60,1,60,-1,52,1,569,1,52,-1,1452,-1,1452,-1,2062,-1,3.557920455932617,0.7331371307373047,15.619993209838867,3.5359859466552734,14.288902282714844,0.010967254638671875,0.014066696166992188,8611,52,2062,16,12,21,3,151.89409255981445,78.13906669616699,1,0,0,0,0,1,58676,443,non_streaming
1278,-1,496,-1,61,1,61,1,61,1,61,1,61,1,61,1,0.00095367431640625,0.5249977111816406,0.2269744873046875,0.029087066650390625,0.02002716064453125,0.016927719116210938,0.1499652862548828,21716,61,1278,13,19,14,15,6.732940673828125,4.6100616455078125,0,0,0,0,0,0,56081,443,non_streaming
61,1,61,1,113,1,55,-1,61,1,197,-1,105,-1,63,1,0.6899833679199219,5.983114242553711,4.065990447998047,25.920867919921875,11.210203170776367,0.05984306335449219,0.7331371307373047,2029,54,409,11,9,18,0,3497.544050216675,3339.7579193115234,0,0,0,0,0,0,56081,443,non_streaming
60,1,60,-1,52,1,569,1,52,-1,1458,-1,1458,-1,1458,-1,3.568887710571289,0.6060600280761719,2.746105194091797,3.5829544067382812,0.8759498596191406,0.030040740966796875,0.030994415283203125,7878,40,1458,11,11,16,4,37.28604316711426,14.748096466064453,1,0,0,0,0,1,47394,443,non_streaming
60,1,60,-1,52,1,569,1,52,-1,1458,-1,1458,-1,1458,-1,3.6079883575439453,0.6420612335205078,1.09100341796875,3.3788681030273438,3.8781166076660156,0.008821487426757812,0.014066696166992188,11211,52,1693,13,15,20,6,45.96996307373047,9.958982467651367,1,0,0,0,0,1,57108,443,non_streaming
60,1,60,-1,52,1,569,1,52,-1,2852,-1,2063,-1,52,1,3.570079803466797,0.7128715515136719,0.5970001220703125,3.6029815673828125,14.288187026977539,0.014781951904296875,0.57220458984375,7056,52,2852,9,5,10,2,29.272079467773438,14.288187026977539,1,0,0,0,0,1,37918,443,non_streaming
60,1,60,-1,52,1,569,1,52,-1,1458,-1,1402,-1,52,1,36.82303428649902,0.9448528289794922,0.028133392333984375,36.16786003112793,0.45800209045410156,0.015020370483398438,0.4611015319824219,13294,52,1458,17,15,21,7,130.31888008117676,36.82303428649902,1,0,0,0,0,1,46500,443,non_streaming
1278,1,1278,-1,1278,1,1278,-1,1278,-1,1467,-1,69,1,69,1,4.251956939697266,5.896091461181641,8.126974105834961,0.017881393432617188,0.050067901611328125,1.1789798736572266,0.5190372467041016,27824,55,1467,11,21,10,20,68.39704513549805,29.397010803222656,0,0,0,0,0,0,42663,443,non_streaming
61,1,1278,-1,1278,-1,1278,-1,1278,-1,1278,-1,1278,-1,1278,-1,1.4889240264892578,0.032901763916015625,0.00095367431640625,0.03504753112792969,0.0021457672119140625,0.032901763916015625,1.5339851379394531,32377,61,1278,7,25,7,25,6.3610076904296875,1.5339851379394531,0,0,0,0,0,0,42663,443,non_streaming
61,1,53,-1,131,1,55,-1,61,1,107,1,55,-1,1274,-1,4.57310676574707,1.2650489807128906,3.9968490600585938,26.062965393066406,2.9540061950683594,3.9970874786376953,20.090103149414062,24247,53,2556,13,19,16,14,71.21396064758301,26.062965393066406,0,0,0,0,0,0,42568,443,non_streaming
61,1,1271,-1,1278,-1,1278,-1,1278,-1,1278,-1,1278,-1,61,1,3.0078887939453125,0.03409385681152344,0.00095367431640625,0.03910064697265625,0.1800060272216797,0.041961669921875,0.46181678771972656,22557,53,2556,14,18,15,13,2589.3290042877197,2517.051935195923,0,0,0,0,0,0,42568,443,non_streaming
397,1,56,-1,69,1,56,-1,54,-1,61,1,54,-1,177,1,0.9958744049072266,2.3980140686035156,0.5311965942382812,28.715848922729492,1.3620853424072266,1.4789104461669922,0.7221698760986328,3029,54,397,15,17,29,0,704.7450542449951,533.5900783538818,0,0,0,0,0,0,42568,443,non_streaming
60,1,60,-1,52,1,569,1,52,-1,4270,-1,52,1,64,1,3.682851791381836,0.4401206970214844,0.4818439483642578,3.5810470581054688,0.6859302520751953,0.43702125549316406,0.025033950805664062,18920,52,4270,14,18,21,8,95.49498558044434,61.721086502075195,1,0,0,0,0,1,42754,443,non_streaming
1458,-1,1458,-1,1834,-1,1458,-1,2864,-1,2864,-1,1458,-1,4270,-1,0.03719329833984375,0.025987625122070312,0.41985511779785156,0.029087066650390625,0.030994415283203125,0.031948089599609375,0.03600120544433594,56456,52,5676,11,21,11,21,4.298210144042969,2.274036407470703,0,1,0,0,0,1,42754,443,non_streaming
2864,-1,52,1,52,1,52,1,52,1,52,1,52,1,1458,-1,0.06818771362304688,0.1399517059326172,0.025987625122070312,0.015020370483398438,0.012874603271484375,0.18310546875,0.10991096496582031,71976,52,4270,8,24,8,24,4.992008209228516,2.6390552520751953,0,1,0,0,1,1,42754,443,non_streaming
2864,-1,5676,-1,4270,-1,4270,-1,2864,-1,5676,-1,2864,-1,2864,-1,0.06318092346191406,0.05888938903808594,0.06413459777832031,0.06079673767089844,0.06198883056640625,0.06222724914550781,0.06198883056640625,65443,52,5676,8,24,10,18,25.27904510498047,6.929874420166016,0,1,0,0,0,1,42754,443,non_streaming
2864,-1,1458,-1,2864,-1,2864,-1,1458,-1,992,-1,1458,-1,1458,-1,0.029087066650390625,0.032901763916015625,0.03600120544433594,0.03600120544433594,0.03910064697265625,0.00095367431640625,0.03886222839355469,52746,52,5676,13,19,14,17,0.9419918060302734,0.06389617919921875,0,1,0,0,0,1,42754,443,non_streaming
4270,-1,4270,-1,4270,-1,3804,-1,52,1,52,1,1458,-1,5676,-1,0.05817413330078125,0.06389617919921875,0.06198883056640625,0.025033950805664062,0.025033950805664062,0.03504753112792969,0.06079673767089844,84118,52,5676,9,23,9,23,3.715038299560547,1.6651153564453125,0,1,0,0,0,1,42754,443,non_streaming
4270,-1,2864,-1,52,1,52,1,1446,-1,64,1,52,1,1458,-1,0.06103515625,0.031948089599609375,0.0209808349609375,0.008106231689453125,0.017881393432617188,0.014066696166992188,0.03504753112792969,91648,52,7082,8,24,8,24,1.4798641204833984,0.07700920104980469,0,1,0,0,0,1,42754,443,non_streaming
2864,-1,4270,-1,4270,-1,2864,-1,2864,-1,64,1,52,1,1458,-1,0.06198883056640625,0.06103515625,0.06079673767089844,0.06103515625,0.028133392333984375,0.00095367431640625,0.031948089599609375,101514,52,5676,4,28,4,28,1.8079280853271484,0.1468658447265625,0,1,0,0,0,1,42754,443,non_streaming
5676,-1,2864,-1,2864,-1,5676,-1,2864,-1,2864,-1,64,1,52,1,0.05984306335449219,0.06413459777832031,0.0629425048828125,0.0591278076171875,0.06389617919921875,0.0069141387939453125,0.010967254638671875,49957,52,5676,13,19,14,17,277.06098556518555,201.1399269104004,0,1,0,0,0,1,42754,443,non_streaming
1458,-1,2864,-1,1458,-1,1458,-1,992,-1,2864,-1,2864,-1,1458,-1,0.0209808349609375,0.026941299438476562,0.03600120544433594,0.029087066650390625,0.0019073486328125,0.05888938903808594,0.029087066650390625,46573,52,5676,12,20,13,17,2.9268264770507812,0.9860992431640625,0,1,0,0,0,1,42754,443,non_streaming
4270,-1,2398,-1,2864,-1,1458,-1,3442,-1,64,1,52,1,64,1,0.05817413330078125,0.00095367431640625,0.05602836608886719,0.06389617919921875,0.8389949798583984,0.015020370483398438,0.02288818359375,45868,52,4688,12,20,15,17,3282.784938812256,3270.0181007385254,0,1,0,0,0,1,42754,443,non_streaming
1278,1,1278,-1,1278,1,69,1,1278,-1,1278,-1,1278,-1,200,-1,4.495143890380859,2.012014389038086,9.629964828491211,2.003908157348633,0.019073486328125,0.030040740966796875,0.011920928955078125,21765,53,1278,13,19,14,15,50.55403709411621,21.674156188964844,0,0,0,0,0,0,45400,443,non_streaming
63,1,61,1,61,1,61,1,1278,-1,1278,-1,1278,-1,1278,-1,0.013828277587890625,0.16617774963378906,0.02193450927734375,0.5919933319091797,0.024080276489257812,0.00095367431640625,0.018835067749023438,28369,61,1278,10,22,10,21,2.5789737701416016,1.032114028930664,0,0,0,0,0,0,45400,443,non_streaming
1278,-1,1278,-1,1278,-1,1278,-1,1278,-1,1278,-1,1278,-1,1278,-1,0.00095367431640625,0.05412101745605469,0.00095367431640625,0.0019073486328125,0.0011920928955078125,0.04291534423828125,0.00095367431640625,30403,61,1278,8,24,8,23,2.0720958709716797,0.7450580596923828,0,0,0,0,0,0,45400,443,non_streaming
1278,-1,414,-1,84,-1,54,-1,61,1,61,1,61,1,61,1,0.00095367431640625,0.00095367431640625,3.3681392669677734,1.9609928131103516,0.0400543212890625,0.1049041748046875,0.10395050048828125,29104,54,1278,6,26,9,22,14.715909957885742,5.636930465698242,0,0,0,0,0,0,45400,443,non_streaming
1278,-1,79,-1,61,1,1271,-1,1278,-1,1278,-1,1278,-1,1278,-1,0.0011920928955078125,0.011920928955078125,0.2200603485107422,0.04601478576660156,0.0019073486328125,0.00095367431640625,0.04506111145019531,34918,61,1278,2,30,3,26,3.2491683959960938,1.3759136199951172,0,0,0,0,0,0,45400,443,non_streaming
61,1,54,-1,61,1,119,1,57,-1,61,1,1274,-1,1278,-1,2.608060836791992,0.9698867797851562,2719.5651531219482,4.109859466552734,2.1300315856933594,19.848108291625977,0.018835067749023438,31309,54,1278,5,27,8,24,2750.653028488159,2719.5651531219482,0,0,0,0,0,0,45400,443,non_streaming
1278,-1,518,-1,61,1,1271,-1,1278,-1,1278,-1,1278,-1,1278,-1,0.0011920928955078125,0.09584426879882812,1.5070438385009766,0.04601478576660156,0.00095367431640625,0.00095367431640625,0.0021457672119140625,18711,54,1278,5,17,6,13,28.49102020263672,17.818927764892578,0,0,0,0,0,0,45400,443,non_streaming
60,1,60,-1,52,1,569,1,52,-1,1452,-1,1452,-1,1452,-1,3.607034683227539,0.7748603820800781,4.536151885986328,3.598928451538086,2.577066421508789,0.018835067749023438,0.023126602172851562,23276,52,2852,13,19,15,12,59.8149299621582,18.539905548095703,1,0,0,0,0,1,46530,443,non_streaming
52,1,52,1,52,1,52,1,52,1,52,1,91,-1,52,1,0.010967254638671875,0.012159347534179688,0.09179115295410156,0.023126602172851562,0.015974044799804688,0.07891654968261719,0.164031982421875,766,52,91,11,2,13,0,15.455961227416992,8.749961853027344,0,1,0,0,0,1,46530,443,non_streaming
60,1,60,-1,52,1,569,1,52,-1,1458,-1,1458,-1,1458,-1,3.609895706176758,0.5872249603271484,4.694938659667969,3.6509037017822266,0.6380081176757812,0.012159347534179688,0.011920928955078125,10788,52,1458,11,12,15,5,54.856061935424805,18.298864364624023,1,0,0,0,0,1,56120,443,non_streaming
60,1,60,-1,52,1,569,1,52,-1,1458,-1,1458,-1,954,-1,30.50518035888672,0.8349418640136719,0.21886825561523438,30.114173889160156,0.30303001403808594,0.011920928955078125,0.00095367431640625,9628,52,1973,12,11,16,4,140.16103744506836,30.50518035888672,1,0,0,0,0,1,60724,443,non_streaming
53,-1,166,1,55,-1,229,-1,63,1,63,1,53,-1,1112,-1,23.188114166259766,3.8089752197265625,26.05605125427246,0.9229183197021484,0.6439685821533203,3.56292724609375,57.5711727142334,7943,53,1147,15,17,22,0,1351.992130279541,433.8488578796387,0,0,0,0,0,0,58414,443,non_streaming
193,-1,63,1,61,1,53,-1,193,1,55,-1,61,1,337,-1,0.44989585876464844,25.68507194519043,2.9990673065185547,830.8839797973633,4.019021987915039,28.767824172973633,9.508132934570312,4091,53,1171,13,15,24,0,1196.3598728179932,830.8839797973633,0,0,0,0,0,0,58414,443,non_streaming
60,1,60,-1,52,1,569,1,52,-1,1458,-1,1458,-1,1336,-1,34.561872482299805,0.4611015319824219,2.429962158203125,34.481048583984375,0.2570152282714844,0.011920928955078125,0.03314018249511719,11379,52,1458,15,14,19,5,978.9118766784668,749.9170303344727,1,0,0,0,0,1,36280,443,non_streaming
1278,1,1278,-1,1278,1,1278,-1,1278,-1,1229,-1,69,1,69,1,4.226922988891602,10.71310043334961,3.098011016845703,0.02288818359375,0.4889965057373047,3.1461715698242188,4.791975021362305,12128,53,1278,16,16,21,6,65.45805931091309,18.97406578063965,0,0,0,0,0,0,37466,443,non_streaming
118,-1,53,-1,63,1,397,1,55,-1,112,-1,53,-1,63,1,0.3390312194824219,1.8129348754882812,3.2329559326171875,3.795146942138672,20.65300941467285,0.33783912658691406,0.6480216979980469,3354,53,397,14,18,28,0,2254.4538974761963,969.5839881896973,0,0,0,0,0,0,37466,443,non_streaming
187,1,55,-1,55,-1,61,1,141,-1,53,-1,63,1,112,-1,2.780914306640625,0.9210109710693359,1.2199878692626953,18.247127532958984,0.34689903259277344,0.9899139404296875,0.6551742553710938,1807,53,453,8,11,18,0,214.80298042297363,101.26399993896484,0,0,0,0,0,0,37466,443,non_streaming
1278,1,1278,-1,1278,1,1278,-1,1278,-1,1278,-1,1278,-1,1089,-1,4.57000732421875,2.537965774536133,11.075973510742188,0.023126602172851562,0.02193450927734375,0.014066696166992188,0.015974044799804688,15010,53,1278,17,15,19,7,402.0090103149414,175.38905143737793,0,0,0,0,0,0,42871,443,non_streaming
60,1,60,-1,52,1,569,1,52,-1,2864,-1,1231,-1,52,1,8.610010147094727,0.6108283996582031,0.32401084899902344,8.590936660766602,18.76211166381836,0.015020370483398438,0.6289482116699219,10437,52,2864,15,13,20,4,74.55301284790039,18.76211166381836,1,0,0,0,0,1,38318,443,non_streaming
60,-1,60,1,52,-1,569,-1,52,1,2852,1,1911,1,52,-1,3.5538673400878906,0.4019737243652344,0.3230571746826172,3.5669803619384766,14.455080032348633,0.016927719116210938,0.5230903625488281,10328,52,2852,13,19,24,2,122.1010684967041,52.36005783081055,1,0,0,0,0,1,443,56910,non_streaming
60,1,60,-1,52,1,569,1,52,-1,1458,-1,2535,-1,52,1,9.991168975830078,0.43392181396484375,0.4451274871826172,10.014772415161133,3.5572052001953125,0.013828277587890625,0.5750656127929688,7923,52,2535,12,10,15,2,80.52611351013184,21.72994613647461,1,0,0,0,0,1,59376,443,non_streaming
60,1,60,-1,52,1,569,1,52,-1,204,-1,52,1,103,1,9.81903076171875,0.5898475646972656,0.44798851013183594,9.852170944213867,0.5919933319091797,0.5099773406982422,2.3789405822753906,2997,52,1121,8,7,11,0,44.937849044799805,9.852170944213867,1,0,0,0,0,1,59404,443,non_streaming
